index	key	internal	nameKey	descKey
0	2200	Pyeonjeon_Arrow	9448928051312	9448928051313
1	50001	Arrow	214752659767408	214752659767409
2	1002557	Quiver	4305949527375984	4305949527375985
3	50003	Poison_Arrow	214761249702000	214761249702001
4	1000070	Sleep_Arrow	4295267943710832	4295267943710833
5	50011	Hyosi_Arrow	214795609440368	214795609440369
6	1001321	Bomb_Arrow	4300640947798128	4300640947798129
7	1001316	Fire_Arrow	4300619472961648	4300619472961649
8	1001315	Lightning_Arrow	4300615177994352	4300615177994353
9	1001314	Ice_Arrow	4300610883027056	4300610883027057
10	50057	MultiArrow	214993177935984	214993177935985
11	1000224	MultiArrow_Package_Small	4295929368674416	4295929368674417
12	1000026	MultiBullet	4295078965149808	4295078965149809
13	1003653	MultiBullet_Package_Small	4310656811532400	4310656811532401
14	1000063	MultiCannonBall	4295237878939760	4295237878939761
15	1003654	MultiCannonBall_Package_Small	4310661106499696	4310661106499697
16	1000692	CannonBall	4297939413368944	4297939413368945
17	1003752	Continuous_Supply_CannonBall	4311082013294704	4311082013294705
18	1001773	Marni_Special_CannonBall	4302582273015920	4302582273015921
19	1001884	BombSpider_CannonBall	4303059014385776	4303059014385777
20	1000017	Itano_CannonBall_Errant	4295040310444144	4295040310444145
21	1001935	Itano_CannonBall	4303278057717872	4303278057717873
22	1000018	Bismuth_CannonBall_Errant	4295044605411440	4295044605411441
23	1000372	Bullet	4296565023834224	4296565023834225
24	1003753	Continuous_Supply_Bullet	4311086308262000	4311086308262001
25	1001320	Shotgun_Bullet	4300636652830832	4300636652830833
26	1002125	Silver_Bullet	4304094101504112	4304094101504113
27	1001805	Fire_Bomb	4302719711969392	4302719711969393
28	1001815	Crow_Bomb	4302762661642352	4302762661642353
29	1001819	Pervin_Bomb	4302779841511536	4302779841511537
30	1001841	Brimstone_Bomb	4302874330792048	4302874330792049
31	1001842	Water_Bomb	4302878625759344	4302878625759345
32	1001844	Vine_Bomb	4302887215693936	4302887215693937
33	1000877	Smoke_Bomb	4298733982318704	4298733982318705
34	1000880	Caltrop_Bomb	4298746867220592	4298746867220593
35	1001934	Trap_Bomb	4303273762750576	4303273762750577
36	1000876	Titan_Spear	4298729687351408	4298729687351409
37	1002772	CircusMachine_Sphere	4306872945344624	4306872945344625
38	1004838	Small_Fire_Bomb	4315746347778160	4315746347778161
39	1001845	Dart	4302891510661232	4302891510661233
40	1001862	MagicBullet	4302964525105264	4302964525105265
41	1000152	MagicBullet_Fire	4295620131029104	4295620131029105
42	1000153	MagicBullet_Water	4295624425996400	4295624425996401
43	1000399	MagicBullet_Ice	4296680987951216	4296680987951217
44	1000482	MagicBullet_Dark_IceSpear	4297037470236784	4297037470236785
45	1000416	MagicBullet_DarkBall	4296754002395248	4296754002395249
46	1000429	MagicBullet_Electric	4296809836970096	4296809836970097
47	1001937	MagicBullet_LightFist	4303286647652464	4303286647652465
48	1001939	MagicBullet_Snow	4303295237587056	4303295237587057
49	52006	Goblin_Pot	223364069195888	223364069195889
50	52007	Oil_Barrel	223368364163184	223368364163185
51	1000123	InstallationBomb	4295495576977520	4295495576977521
52	1000803	Bomb_Smoke	4298416154738800	4298416154738801
53	53032	BattleStickyBomb	227770705641584	227770705641585
54	1000089	BattleSticky_FlowerBomb	4295349548089456	4295349548089457
55	53034	TimeBomb	227779295576176	227779295576177
56	1000522	ShinyStone_02	4297209268928624	4297209268928625
57	1002141	NoticePaper_Her_LostCow	4304162820980848	4304162820980849
58	1002147	NoticePaper_Her_StolenGoatHorn	4304188590784624	4304188590784625
59	1002148	NoticePaper_Her_FindSheep	4304192885751920	4304192885751921
60	1002406	NoticePaper_Her_CaveSound	4305300987314288	4305300987314289
61	1001304	Quest_Paper_Circus3	4300567933354096	4300567933354097
62	802364	NoticePaper_Circus_DontMissIt	3446127139487856	3446127139487857
63	802365	NoticePaper_Circus_ComeRightNow	3446131434455152	3446131434455153
64	802366	NoticePaper_Circus_Chairless	3446135729422448	3446135729422449
65	802286	NoticePaper_ArmWrestle	3445792132038768	3445792132038769
66	1004363	Quest_Paper_Lumberjack_Testimony	4313706238312560	4313706238312561
67	1002288	Quest_Faction_Start_LongLeafForest	4304794181173360	4304794181173361
68	1001791	NoticePaper_Finale_WhiteHorn	4302659582427248	4302659582427249
69	1001792	NoticePaper_Finale_Muscan	4302663877394544	4302663877394545
70	1001793	NoticePaper_Finale_DarkKing	4302668172361840	4302668172361841
71	1001795	NoticePaper_Finale_SkullKnight	4302676762296432	4302676762296433
72	1001796	NoticePaper_Finale_GoblinSandfang	4302681057263728	4302681057263729
73	1001797	NoticePaper_Finale_HyenabossSkevald	4302685352231024	4302685352231025
74	1001798	NoticePaper_Finale_LeeburtheShadowWolf	4302689647198320	4302689647198321
75	1001319	Quest_Paper_Her_Rhett	4300632357863536	4300632357863537
76	1002188	Quest_Paper_Her_Delkin	4304364684443760	4304364684443761
77	1002189	Quest_Paper_Her_Tina	4304368979411056	4304368979411057
78	1002190	Quest_Paper_Her_Bran	4304373274378352	4304373274378353
79	1001887	Quest_Paper_Her_Raine	4303071899287664	4303071899287665
80	1001888	Quest_Paper_Her_Alfred	4303076194254960	4303076194254961
81	1001889	Quest_Paper_Her_Dahlia	4303080489222256	4303080489222257
82	1001890	Quest_Paper_Her_Anbella	4303084784189552	4303084784189553
83	1002219	Quest_Paper_Her_Turnuli	4304497828429936	4304497828429937
84	1002220	Quest_Paper_Her_Aldun	4304502123397232	4304502123397233
85	1002221	Quest_Paper_Her_Bruna	4304506418364528	4304506418364529
86	1002222	Quest_Paper_Her_Grana	4304510713331824	4304510713331825
87	1002223	Quest_Paper_Her_Yjork	4304515008299120	4304515008299121
88	1002224	Quest_Paper_Her_Berdo	4304519303266416	4304519303266417
89	1002225	Quest_Paper_Her_Shirg	4304523598233712	4304523598233713
90	1002226	Quest_Paper_Her_Ugmum	4304527893201008	4304527893201009
91	1002227	Quest_Paper_Her_Frox	4304532188168304	4304532188168305
92	1002191	Quest_Paper_Her_Timmyr	4304377569345648	4304377569345649
93	1002228	Quest_Paper_Her_Peregrine	4304536483135600	4304536483135601
94	1002229	Quest_Paper_Her_Harveston	4304540778102896	4304540778102897
95	1002230	Quest_Paper_Her_Drianna	4304545073070192	4304545073070193
96	1002231	Quest_Paper_Her_Gloin	4304549368037488	4304549368037489
97	1002232	Quest_Paper_Her_Matilda	4304553663004784	4304553663004785
98	1002233	Quest_Paper_Her_Adelina	4304557957972080	4304557957972081
99	1001894	Quest_Paper_Dem_Mariana	4303101964058736	4303101964058737
100	1002192	Quest_Paper_Dem_Trollmag	4304381864312944	4304381864312945
101	1002193	Quest_Paper_Dem_Orlonel	4304386159280240	4304386159280241
102	1002194	Quest_Paper_Dem_Kike	4304390454247536	4304390454247537
103	1002214	Quest_Paper_Dem_Fiona	4304476353593456	4304476353593457
104	1002215	Quest_Paper_Dem_Zarkon	4304480648560752	4304480648560753
105	1002216	Quest_Paper_Dem_Eliza	4304484943528048	4304484943528049
106	1002217	Quest_Paper_Dem_Flint	4304489238495344	4304489238495345
107	1002131	Quest_Paper_Dem_Linda	4304119871307888	4304119871307889
108	1002186	Quest_Paper_Dem_Geoffroi	4304356094509168	4304356094509169
109	1002187	Quest_Paper_Dem_Mariel	4304360389476464	4304360389476465
110	1002195	Quest_Paper_Dem_Khorn	4304394749214832	4304394749214833
111	1002196	Quest_Paper_Dem_GrainHart	4304399044182128	4304399044182129
112	1001895	Quest_Paper_Dem_Palga	4303106259026032	4303106259026033
113	1001896	Quest_Paper_Dem_Eldmor	4303110553993328	4303110553993329
114	1001897	Quest_Paper_Dem_Kata	4303114848960624	4303114848960625
115	1001908	Quest_Paper_Del_Inn	4303162093600880	4303162093600881
116	1002234	Quest_Paper_Del_Lior	4304562252939376	4304562252939377
117	1002235	Quest_Paper_Del_Rainier	4304566547906672	4304566547906673
118	1002236	Quest_Paper_Del_Merrigrain	4304570842873968	4304570842873969
119	1002237	Quest_Paper_Del_Skaldar	4304575137841264	4304575137841265
120	1002238	Quest_Paper_Del_Maiden	4304579432808560	4304579432808561
121	1002239	Quest_Paper_Del_Martina	4304583727775856	4304583727775857
122	1002240	Quest_Paper_Del_Doni	4304588022743152	4304588022743153
123	1002241	Quest_Paper_Del_Randel	4304592317710448	4304592317710449
124	1002242	Quest_Paper_Del_Forex	4304596612677744	4304596612677745
125	1001909	Quest_Paper_Del_Marin	4303166388568176	4303166388568177
126	1001910	Quest_Paper_Del_Grundak	4303170683535472	4303170683535473
127	1001911	Quest_Paper_Del_Herbert	4303174978502768	4303174978502769
128	1001912	Quest_Paper_Del_Nancy	4303179273470064	4303179273470065
129	1001898	Quest_Paper_Kwe_RonHardt	4303119143927920	4303119143927921
130	1001899	Quest_Paper_Kwe_Terinand	4303123438895216	4303123438895217
131	1003212	Quest_Paper_Kwe_Gorio	4308762730954864	4308762730954865
132	1003213	Quest_Paper_Kwe_Henri	4308767025922160	4308767025922161
133	1003214	Quest_Paper_Kwe_Bargul	4308771320889456	4308771320889457
134	1003215	Quest_Paper_Kwe_Gonthyr	4308775615856752	4308775615856753
135	1003216	Quest_Paper_Kwe_Lora	4308779910824048	4308779910824049
136	1003217	Quest_Paper_Kwe_Richart	4308784205791344	4308784205791345
137	1003218	Quest_Paper_Kwe_Aldred	4308788500758640	4308788500758641
138	1003219	Quest_Paper_Kwe_Ratko	4308792795725936	4308792795725937
139	1001900	Quest_Paper_Kwe_Aeba	4303127733862512	4303127733862513
140	1001901	Quest_Paper_Kwe_Baris	4303132028829808	4303132028829809
141	1001902	Quest_Paper_Kwe_Lenard	4303136323797104	4303136323797105
142	1001907	Quest_Paper_Crim_Thibault	4303157798633584	4303157798633585
143	1002243	Quest_Paper_Crim_Khadija	4304600907645040	4304600907645041
144	1001903	Quest_Paper_Crim_Khadin	4303140618764400	4303140618764401
145	1001904	Quest_Paper_Crim_Gwendolyn	4303144913731696	4303144913731697
146	1001906	Quest_Paper_Crim_Bruknar	4303153503666288	4303153503666289
147	1002244	Quest_Paper_Crim_Arinna	4304605202612336	4304605202612337
148	1002245	Quest_Paper_Crim_Samir	4304609497579632	4304609497579633
149	1002246	Quest_Paper_Crim_Zara	4304613792546928	4304613792546929
150	1002247	Quest_Paper_Crim_Fatima	4304618087514224	4304618087514225
151	1002248	Quest_Paper_Crim_Noor	4304622382481520	4304622382481521
152	1002249	Quest_Paper_Crim_Esperd	4304626677448816	4304626677448817
153	1002305	Quest_Paper_Crim_Khalid	4304867195617392	4304867195617393
154	1002307	Quest_Paper_Crim_Thomas	4304875785551984	4304875785551985
155	1001905	Quest_Paper_Crim_Elowen	4303149208698992	4303149208698993
156	1002308	Quest_Paper_Crim_Sniks	4304880080519280	4304880080519281
157	1002309	Quest_Paper_Crim_Beatrice	4304884375486576	4304884375486577
158	1002310	Quest_Paper_Crim_Omar	4304888670453872	4304888670453873
159	1004051	Quest_Paper_Military_Notice	4312366208516208	4312366208516209
160	1004052	Quest_Paper_Askelund_Judgment	4312370503483504	4312370503483505
161	1004053	Quest_Paper_Child_Notice	4312374798450800	4312374798450801
162	1004212	Quest_Paper_Child_Notice_02	4313057698250864	4313057698250865
163	1004213	Quest_Paper_Child_Notice_03	4313061993218160	4313061993218161
164	1004214	Quest_Paper_Child_Notice_04	4313066288185456	4313066288185457
165	1004054	Quest_Paper_Beighen_Notice	4312379093418096	4312379093418097
166	1004374	Quest_Paper_Hyena_Cave_Recapture	4313753482952816	4313753482952817
167	1001604	NoticePaper_Village_Muiquun	4301856423542896	4301856423542897
168	1000157	NoticePaper_Hyenamolar	4295641605865584	4295641605865585
169	1000811	NoticePaper_MudWalkerLutemir	4298450514477168	4298450514477169
170	1001924	NoticePaper_BloodWalkerCrussis	4303230813077616	4303230813077617
171	1001017	Quest_WantedPaper_0008	4299335277740144	4299335277740145
172	1001016	Quest_WantedPaper_0007	4299330982772848	4299330982772849
173	1001010	Quest_WantedPaper_0001	4299305212969072	4299305212969073
174	1001232	Quest_WantedPaper_0059	4300258695708784	4300258695708785
175	1001018	Quest_WantedPaper_0009	4299339572707440	4299339572707441
176	1001015	Quest_WantedPaper_0006	4299326687805552	4299326687805553
177	1001014	Quest_WantedPaper_0005	4299322392838256	4299322392838257
178	1001011	Quest_WantedPaper_0002	4299309507936368	4299309507936369
179	1001013	Quest_WantedPaper_0004	4299318097870960	4299318097870961
180	1001012	Quest_WantedPaper_0003	4299313802903664	4299313802903665
181	1000599	Quest_WantedPaper_0101	4297539981410416	4297539981410417
182	1001047	Quest_WantedPaper_0038	4299464126759024	4299464126759025
183	1001043	Quest_WantedPaper_0034	4299446946889840	4299446946889841
184	1001040	Quest_WantedPaper_0031	4299434061987952	4299434061987953
185	1001044	Quest_WantedPaper_0035	4299451241857136	4299451241857137
186	1001041	Quest_WantedPaper_0032	4299438356955248	4299438356955249
187	1001045	Quest_WantedPaper_0036	4299455536824432	4299455536824433
188	1001048	Quest_WantedPaper_0039	4299468421726320	4299468421726321
189	1001046	Quest_WantedPaper_0037	4299459831791728	4299459831791729
190	1001049	Quest_WantedPaper_0040	4299472716693616	4299472716693617
191	1001042	Quest_WantedPaper_0033	4299442651922544	4299442651922545
192	1000613	Quest_WantedPaper_0107	4297600110952560	4297600110952561
193	1000614	Quest_WantedPaper_0108	4297604405919856	4297604405919857
194	1001138	Quest_WantedPaper_0052	4299854968782960	4299854968782961
195	1001021	Quest_WantedPaper_0012	4299352457609328	4299352457609329
196	1001023	Quest_WantedPaper_0014	4299361047543920	4299361047543921
197	1001026	Quest_WantedPaper_0017	4299373932445808	4299373932445809
198	1001024	Quest_WantedPaper_0015	4299365342511216	4299365342511217
199	1001025	Quest_WantedPaper_0016	4299369637478512	4299369637478513
200	1001020	Quest_WantedPaper_0011	4299348162642032	4299348162642033
201	1001022	Quest_WantedPaper_0013	4299356752576624	4299356752576625
202	1001028	Quest_WantedPaper_0019	4299382522380400	4299382522380401
203	1001029	Quest_WantedPaper_0020	4299386817347696	4299386817347697
204	1000601	Quest_WantedPaper_0102	4297548571345008	4297548571345009
205	1000604	Quest_WantedPaper_0103	4297561456246896	4297561456246897
206	1000605	Quest_WantedPaper_0104	4297565751214192	4297565751214193
207	1001034	Quest_WantedPaper_0025	4299408292184176	4299408292184177
208	1001030	Quest_WantedPaper_0021	4299391112314992	4299391112314993
209	1001037	Quest_WantedPaper_0028	4299421177086064	4299421177086065
210	1001033	Quest_WantedPaper_0024	4299403997216880	4299403997216881
211	1001031	Quest_WantedPaper_0022	4299395407282288	4299395407282289
212	1001035	Quest_WantedPaper_0026	4299412587151472	4299412587151473
213	1001032	Quest_WantedPaper_0023	4299399702249584	4299399702249585
214	1001038	Quest_WantedPaper_0029	4299425472053360	4299425472053361
215	1001036	Quest_WantedPaper_0027	4299416882118768	4299416882118769
216	1000525	Quest_WantedPaper_0105	4297222153830512	4297222153830513
217	1000526	Quest_WantedPaper_0106	4297226448797808	4297226448797809
218	1001053	Quest_WantedPaper_0044	4299489896562800	4299489896562801
219	1001054	Quest_WantedPaper_0045	4299494191530096	4299494191530097
220	1001059	Quest_WantedPaper_0050	4299515666366576	4299515666366577
221	1001056	Quest_WantedPaper_0047	4299502781464688	4299502781464689
222	1001050	Quest_WantedPaper_0041	4299477011660912	4299477011660913
223	1001057	Quest_WantedPaper_0048	4299507076431984	4299507076431985
224	1001058	Quest_WantedPaper_0049	4299511371399280	4299511371399281
225	1001051	Quest_WantedPaper_0042	4299481306628208	4299481306628209
226	1001052	Quest_WantedPaper_0043	4299485601595504	4299485601595505
227	1000606	Quest_WantedPaper_0109	4297570046181488	4297570046181489
228	1000609	Quest_WantedPaper_0110	4297582931083376	4297582931083377
229	1003224	Lucky_Letter	4308814270562416	4308814270562417
230	1003292	UnknownDiary_Bernor	4309106328338544	4309106328338545
231	1003293	UnknownDiary_Rainier	4309110623305840	4309110623305841
232	1003294	UnknownDiary_Contribution_5001	4309114918273136	4309114918273137
233	1003295	UnknownDiary_Faisal	4309119213240432	4309119213240433
234	1003296	UnknownDiary_Orlonel	4309123508207728	4309123508207729
235	1003297	UnknownDiary_Richart	4309127803175024	4309127803175025
236	1003298	UnknownDiary_Nolpix	4309132098142320	4309132098142321
237	1003299	UnknownDiary_Shay_Research	4309136393109616	4309136393109617
238	1003300	UnknownDiary_Provost_2	4309140688076912	4309140688076913
239	1003301	UnknownDiary_Khadin	4309144983044208	4309144983044209
240	1003302	UnknownDiary_Retonic	4309149278011504	4309149278011505
241	1003303	UnknownDiary_RonHardt	4309153572978800	4309153572978801
242	1003304	UnknownDiary_Aldun	4309157867946096	4309157867946097
243	1003305	LostLetter_Berdo	4309162162913392	4309162162913393
244	1003306	LostLetter_Khadija	4309166457880688	4309166457880689
245	1003307	LostLetter_Goorba	4309170752847984	4309170752847985
246	1003308	LostLetter_Food_Trader_1	4309175047815280	4309175047815281
247	1003309	LostLetter_Mineral_Trader_1	4309179342782576	4309179342782577
248	1003310	LostLetter_Sniks	4309183637749872	4309183637749873
249	1003311	LostLetter_Provost_1	4309187932717168	4309187932717169
250	1003312	LostLetter_Provost_4	4309192227684464	4309192227684465
251	1003313	LostLetter_Burk	4309196522651760	4309196522651761
252	1003314	LostLetter_Slywick	4309200817619056	4309200817619057
253	1003315	LostLetter_Skint	4309205112586352	4309205112586353
254	1003316	LostLetter_Montpellier	4309209407553648	4309209407553649
255	1003317	LostLetter_Castiel	4309213702520944	4309213702520945
256	1003318	LostLetter_Eirik	4309217997488240	4309217997488241
257	1003319	LostLetter_Roger	4309222292455536	4309222292455537
258	1003320	LostLetter_Bartholomew	4309226587422832	4309226587422833
259	1003321	LostLetter_Marin	4309230882390128	4309230882390129
260	1003356	Quest_Paper_Empty_I	4309381206245488	4309381206245489
261	1003357	Quest_Paper_Empty_II	4309385501212784	4309385501212785
262	1003358	Quest_Paper_EmptyIII	4309389796180080	4309389796180081
263	1003359	Quest_Paper_EmptyIV	4309394091147376	4309394091147377
264	1003777	NoticePaper_Skill_LungeCombination	4311189387477104	4311189387477105
265	1003778	NoticePaper_Skill_TurnBash_II	4311193682444400	4311193682444401
266	1003779	NoticePaper_Skill_MoveCutting_II	4311197977411696	4311197977411697
267	1003780	NoticePaper_Skill_RotationBash_II	4311202272378992	4311202272378993
268	1003781	NoticePaper_Skill_SwordRush	4311206567346288	4311206567346289
269	1003782	NoticePaper_Skill_Charge_Shot	4311210862313584	4311210862313585
270	1003783	NoticePaper_Skill_MultiShot	4311215157280880	4311215157280881
271	1003784	NoticePaper_Skill_EvadeShot	4311219452248176	4311219452248177
272	1003785	NoticePaper_Skill_EvadeExplosionShot	4311223747215472	4311223747215473
273	1003786	NoticePaper_Skill_UnArmedCombination	4311228042182768	4311228042182769
274	1003787	NoticePaper_Skill_SkyKick	4311232337150064	4311232337150065
275	1003788	NoticePaper_Skill_DoubleKick_I	4311236632117360	4311236632117361
276	1003789	NoticePaper_Skill_DropKick	4311240927084656	4311240927084657
277	1003790	NoticePaper_Skill_JumpStep	4311245222051952	4311245222051953
278	1003791	NoticePaper_Skill_Wrestle_Lariat	4311249517019248	4311249517019249
279	1003792	NoticePaper_Skill_Wrestle_AirBodySlam	4311253811986544	4311253811986545
280	1003793	NoticePaper_Skill_ShieldJustGuard_Attack	4311258106953840	4311258106953841
281	1003794	NoticePaper_Skill_DoubleJump	4311262401921136	4311262401921137
282	1003795	NoticePaper_Skill_RollCancel	4311266696888432	4311266696888433
283	1003796	NoticePaper_Skill_Greywolf_Detect	4311270991855728	4311270991855729
284	1003797	NoticePaper_Skill_Lift	4311275286823024	4311275286823025
285	1003798	NoticePaper_Skill_Mabongpa	4311279581790320	4311279581790321
286	1003799	NoticePaper_Skill_JiJeongTa_I	4311283876757616	4311283876757617
287	1003800	NoticePaper_Skill_JiJeongTa_Deep	4311288171724912	4311288171724913
288	1003801	NoticePaper_Skill_Tathagata_mini	4311292466692208	4311292466692209
289	1003802	NoticePaper_Skill_Greywolf_Detect_Unleash	4311296761659504	4311296761659505
290	1003803	NoticePaper_Skill_CrowWing_Dash	4311301056626800	4311301056626801
291	1003804	NoticePaper_Skill_CloneAttack	4311305351594096	4311305351594097
292	1003805	NoticePaper_Skill_MpFire	4311309646561392	4311309646561393
293	1003806	NoticePaper_Skill_MpIce	4311313941528688	4311313941528689
294	1003807	NoticePaper_Skill_MpLightning	4311318236495984	4311318236495985
295	1003808	NoticePaper_Skill_MpWind	4311322531463280	4311322531463281
296	1003809	NoticePaper_Skill_Oongka_Dash	4311326826430576	4311326826430577
297	1003810	NoticePaper_Skill_Oongka_RotationBash_II	4311331121397872	4311331121397873
298	1003811	NoticePaper_Skill_Oongka_GroundSmash_II	4311335416365168	4311335416365169
299	1003812	NoticePaper_Skill_Oongka_Wrestle_Combo	4311339711332464	4311339711332465
300	1003813	NoticePaper_Skill_Oongka_AimExplosionShot	4311344006299760	4311344006299761
301	1003814	NoticePaper_Skill_Damian_LungeCatch	4311348301267056	4311348301267057
302	1003815	NoticePaper_Skill_Damian_TurnBash_II	4311352596234352	4311352596234353
303	1003816	NoticePaper_Skill_Damian_QuickReload	4311356891201648	4311356891201649
304	1003817	NoticePaper_Skill_Damian_SpinningKick	4311361186168944	4311361186168945
305	1003818	NoticePaper_Skill_Wrestle_GrabSpinThrow	4311365481136240	4311365481136241
306	1002086	Recipe_Book_OneHandWeapon_I	4303926597779568	4303926597779569
307	1002087	Recipe_Book_OneHandWeapon_II	4303930892746864	4303930892746865
308	1002088	Recipe_Book_OneHandWeapon_III	4303935187714160	4303935187714161
309	1002089	Recipe_Book_OneHandWeapon_IV	4303939482681456	4303939482681457
310	1000401	Recipe_Book_TwoHandWeapon_I	4296689577885808	4296689577885809
311	1000402	Recipe_Book_TwoHandWeapon_II	4296693872853104	4296693872853105
312	1000403	Recipe_Book_TwoHandWeapon_III	4296698167820400	4296698167820401
313	1000404	Recipe_Book_TwoHandWeapon_IV	4296702462787696	4296702462787697
314	1000405	Recipe_Book_RangeWeapon_Wood_I	4296706757754992	4296706757754993
315	1000406	Recipe_Book_RangeWeapon_Wood_II	4296711052722288	4296711052722289
316	1000407	Recipe_Book_RangeWeapon_Wood_III	4296715347689584	4296715347689585
317	1000408	Recipe_Book_RangeWeapon_Wood_IV	4296719642656880	4296719642656881
318	1000409	Recipe_Book_RangeWeapon_Metal_I	4296723937624176	4296723937624177
319	1000410	Recipe_Book_RangeWeapon_Metal_II	4296728232591472	4296728232591473
320	1000411	Recipe_Book_RangeWeapon_Metal_III	4296732527558768	4296732527558769
321	1000413	Recipe_Book_RangeWeapon_Metal_IV	4296741117493360	4296741117493361
322	1000414	Recipe_Book_OneHandShield_I	4296745412460656	4296745412460657
323	1000415	Recipe_Book_OneHandShield_II	4296749707427952	4296749707427953
324	1000417	Recipe_Book_OneHandShield_III	4296758297362544	4296758297362545
325	1000418	Recipe_Book_OneHandShield_IV	4296762592329840	4296762592329841
326	1000419	Recipe_Book_PlateArmor_I	4296766887297136	4296766887297137
327	1000420	Recipe_Book_PlateArmor_II	4296771182264432	4296771182264433
328	1000421	Recipe_Book_PlateArmor_III	4296775477231728	4296775477231729
329	1000422	Recipe_Book_PlateArmor_IV	4296779772199024	4296779772199025
330	1000428	Recipe_Book_LeatherArmor_I	4296805542002800	4296805542002801
331	1000430	Recipe_Book_LeatherArmor_II	4296814131937392	4296814131937393
332	1000432	Recipe_Book_LeatherArmor_III	4296822721871984	4296822721871985
333	1000433	Recipe_Book_LeatherArmor_IV	4296827016839280	4296827016839281
334	1000434	Recipe_Book_FabricArmor_I	4296831311806576	4296831311806577
335	1000435	Recipe_Book_FabricArmor_II	4296835606773872	4296835606773873
336	1000436	Recipe_Book_FabricArmor_III	4296839901741168	4296839901741169
337	1000437	Recipe_Book_FabricArmor_IV	4296844196708464	4296844196708465
338	1000530	Recipe_Book_Accessory_I	4297243628666992	4297243628666993
339	1000533	Recipe_Book_Accessory_II	4297256513568880	4297256513568881
340	1000535	Recipe_Book_Accessory_III	4297265103503472	4297265103503473
341	1000536	Recipe_Book_Accessory_IV	4297269398470768	4297269398470769
342	1000690	Recipe_Book_Beekeeping	4297930823434352	4297930823434353
343	1000714	Recipe_Book_Ent	4298033902649456	4298033902649457
344	1000755	Recipe_Book_Varnia	4298209996308592	4298209996308593
345	1000841	Recipe_Book_Scarecrow_Camouflage_Cloak	4298579363496048	4298579363496049
346	1002149	Recipe_Book_Spear_Fire	4304197180719216	4304197180719217
347	1002161	Recipe_Book_Spear_Wind	4304248720326768	4304248720326769
348	1002162	Recipe_Book_Spear_Lightning	4304253015294064	4304253015294065
349	1002292	Recipe_Book_FishingRod_II	4304811361042544	4304811361042545
350	1001746	Recipe_Book_Equip_Felling_Axe_I	4302466308898928	4302466308898929
351	1003662	Recipe_Book_Equip_Pickaxe_I	4310695466238064	4310695466238065
352	1003663	Recipe_Book_Equip_Felling_Axe_II	4310699761205360	4310699761205361
353	1003664	Recipe_Book_Equip_Pickaxe_II	4310704056172656	4310704056172657
354	1001102	Recipe_Book_Posion_Aroww	4299700349960304	4299700349960305
355	1000641	Recipe_Book_Wells_HorseArmor	4297720370036848	4297720370036849
356	1004110	Recipe_Book_Pumpkin_Helm	4312619611586672	4312619611586673
357	1001420	CraftingRecipe_Kuku_Pot_Book	4301066149560432	4301066149560433
358	1002128	CraftingRecipe_Kuku_Pot_Spear_Book	4304106986406000	4304106986406001
359	1002129	CraftingRecipe_Kuku_Pot_Backpack_Book	4304111281373296	4304111281373297
360	1003652	CraftingRecipe_Kuku_Pot_Arms_Book	4310652516565104	4310652516565105
361	1000425	CraftingRecipe_Kuku_Golden999K	4296792657100912	4296792657100913
362	1002311	CraftingRecipe_Kuku_Pot_Machine_Book	4304892965421168	4304892965421169
363	1002771	CraftingRecipe_Dragon_Weapon	4306868650377328	4306868650377329
364	1000980	CraftingRecipe_Demian_Pure_White_Plate_Boots_II	4299176363950192	4299176363950193
365	1000983	CraftingRecipe_Oongka_PlateArmor_Armor_III	4299189248852080	4299189248852081
366	1000984	CraftingRecipe_Oongka_PlateArmor_Cloak_III	4299193543819376	4299193543819377
367	1000988	CraftingRecipe_Oongka_PlateArmor_Gloves_III	4299210723688560	4299210723688561
368	1000990	CraftingRecipe_Oongka_PlateArmor_Boots_III	4299219313623152	4299219313623153
369	1000999	CraftingRecipe_Oongka_PlateArmor_Helm_III	4299257968328816	4299257968328817
370	1002203	CraftingRecipe_Demian_PlateArmor_Helm_XIII	4304429108953200	4304429108953201
371	1002204	CraftingRecipe_Demian_Leather_Armor_V	4304433403920496	4304433403920497
372	1002550	CraftingRecipe_Demian_PlateArmor_Gloves_VI	4305919462604912	4305919462604913
373	1002553	CraftingRecipe_Demian_Leather_Cloak_I	4305932347506800	4305932347506801
374	1000580	Blank_Book	4297458377031792	4297458377031793
375	1000542	BoardPaperBundle	4297295168274544	4297295168274545
376	1004393	Scholarstone_Book_I	4313835087331440	4313835087331441
377	1003909	Alustin_Journal_Book_I	4311756323160176	4311756323160177
378	1003910	Alustin_Journal_Book_II	4311760618127472	4311760618127473
379	1003911	Alustin_Journal_Book_III	4311764913094768	4311764913094769
380	1003912	Alustin_Journal_Book_IV	4311769208062064	4311769208062065
381	1003913	Alustin_Journal_Book_V	4311773503029360	4311773503029361
382	1003914	Alustin_Journal_Book_VI	4311777797996656	4311777797996657
383	1001066	Ziane_Diary	4299545731137648	4299545731137649
384	1002549	EngineerWorkLog_Book	4305915167637616	4305915167637617
385	1002559	JijeongTempleShipLog_Book	4305958117310576	4305958117310577
386	1002727	Criminal_Urga_Book	4306679671816304	4306679671816305
387	1000298	Friendly_Legendary_Animal_Book	4296247196254320	4296247196254321
388	1002608	ValleyRockWatchTower_Book	4306168570708080	4306168570708081
389	1002609	GiantBallista_Book	4306172865675376	4306172865675377
390	1002707	BloodyFarmhouse_Book	4306593772470384	4306593772470385
391	1002610	BoneCollectorWagon_Book	4306177160642672	4306177160642673
392	1002611	WindmillCoastShipWreck_Book	4306181455609968	4306181455609969
393	1002615	IceStrandedShip_Book	4306198635479152	4306198635479153
394	1002387	CabinDeathMystery_Book	4305219382935664	4305219382935665
395	1001002	Book_Hernand_story	4299270853230704	4299270853230705
396	1000899	Book_Grace_Diary_Journal	4298828471599216	4298828471599217
397	1000336	MarniDragon_Visione	4296410405011568	4296410405011569
398	1004386	Book_KukuBirdJournal	4313805022560368	4313805022560369
399	1004387	Book_WyvernJournal	4313809317527664	4313809317527665
400	1000563	PororinChildrenForest_Book	4297385362587760	4297385362587761
401	1000626	StoreWitchHint_Book	4297655945527408	4297655945527409
402	1000774	Anamorphic_Book	4298291600687216	4298291600687217
403	1000061	Book_Investigation_GoldleafGuildhouse	4295229289005168	4295229289005169
404	1003249	Book_GoldleafGuildhouse_Clue	4308921644744816	4308921644744817
405	1003250	Book_GoldleafGuildhouse_Clue_I	4308925939712112	4308925939712113
406	1000958	Book_Investigation_Log	4299081874669680	4299081874669681
407	1000815	Book_WeightOfKnowledge	4298467694346352	4298467694346353
408	1000816	Book_Misappropriation_Log	4298471989313648	4298471989313649
409	1000611	Book_TruthontheSand	4297591521017968	4297591521017969
410	1000838	Book_FruitofGreed	4298566478594160	4298566478594161
411	1000488	Book_RedfoxTradePost_Questioning	4297063240040560	4297063240040561
412	1001162	Book_ScholarLibrary_Knowledge_Knowledge_PlateArmor_Helm	4299958047998064	4299958047998065
413	1001768	MartialArts_Secret_Manual	4302560798179440	4302560798179441
414	1000170	Halsius_Record	4295697440440432	4295697440440433
415	1000677	Caliburn_Report	4297874988859504	4297874988859505
416	1000534	Book_Battle_DEF_Alfonso	4297260808536176	4297260808536177
417	1000537	Book_Battle_ATT_Alfonso	4297273693438064	4297273693438065
418	1000539	Book_Battle_EXP_Alfonso	4297282283372656	4297282283372657
419	1002518	Book_DrugFactory	4305782023651440	4305782023651441
420	1000625	Book_HyperSpace	4297651650560112	4297651650560113
421	1001151	Book_Beighen_Diary	4299910803357808	4299910803357809
422	1004056	Book_Octabus_Research_Diary	4312387683352688	4312387683352689
423	1004215	Book_Antumbra_Temple	4313070583152752	4313070583152753
424	1004266	Book_Antumbra_Temple_II	4313289626484848	4313289626484849
425	1004267	Book_Antumbra_Temple_III	4313293921452144	4313293921452145
426	1004268	Book_Antumbra_Temple_IV	4313298216419440	4313298216419441
427	1004270	Book_Bastier_Journal	4313306806354032	4313306806354033
428	1004057	Book_Azerian_Diary	4312391978319984	4312391978319985
429	1004271	Book_Biological_Journal	4313311101321328	4313311101321329
430	1004281	Book_MasterJournal_01	4313354050994288	4313354050994289
431	1004058	Book_Old_Kliff_Diary	4312396273287280	4312396273287281
432	1004059	Book_Tax_Collection_Ledger	4312400568254576	4312400568254577
433	1004060	Book_Urdavah_Research_Book	4312404863221872	4312404863221873
434	1004061	Book_Dusty_Diary	4312409158189168	4312409158189169
435	1004062	Book_Vordis_Research_Diary	4312413453156464	4312413453156465
436	1004063	Book_Marni_Tech_Book	4312417748123760	4312417748123761
437	1004216	Book_Ancient_Lore	4313074878120048	4313074878120049
438	1004272	Book_Marni_CtrafingJournal	4313315396288624	4313315396288625
439	1004273	Book_BiologicalResearch_Journal	4313319691255920	4313319691255921
440	1004274	Book_Orphanage_Register_01	4313323986223216	4313323986223217
441	1004275	Book_Tristan_Journal	4313328281190512	4313328281190513
442	1004276	Book_Askelund_SlaveJournal	4313332576157808	4313332576157809
443	1004277	Book_Merrick_Memoris_01	4313336871125104	4313336871125105
444	1004278	Book_Sparring_Journal	4313341166092400	4313341166092401
445	1004279	Book_Chaser_Journal	4313345461059696	4313345461059697
446	1004280	Book_Tariv_Storybook	4313349756026992	4313349756026993
447	1004283	Book_Heresy_Manual_01	4313362640928880	4313362640928881
448	1004284	Book_Pursuers_Journal_01	4313366935896176	4313366935896177
449	1004285	Book_Confidential_Record_01	4313371230863472	4313371230863473
450	1004288	Book_Technician_Journal	4313384115765360	4313384115765361
451	1004289	Book_MarniAirship_Journal	4313388410732656	4313388410732657
452	1004290	Book_Airship_Journal	4313392705699952	4313392705699953
453	1004291	Book_Walter_Document	4313397000667248	4313397000667249
454	1004292	Book_Ravok_Journal_01	4313401295634544	4313401295634545
455	1004293	Quest_Faction_Research_Book	4313405590601840	4313405590601841
456	1004294	Quest_Faction_Urdavah_Mount_Study	4313409885569136	4313409885569137
457	1004295	Quest_Faction_GoldLeaf_Membership_Pledge	4313414180536432	4313414180536433
458	1004296	Quest_Faction_Shai_Record	4313418475503728	4313418475503729
459	1004297	Quest_Faction_Herb_Journal	4313422770471024	4313422770471025
460	1004298	Quest_Faction_Crimsondesert_Chronicle	4313427065438320	4313427065438321
461	1004299	Quest_Faction_Pirate_Logbook	4313431360405616	4313431360405617
462	1004300	Quest_Faction_Tariv_Textbook	4313435655372912	4313435655372913
463	1004302	Quest_Faction_Witch_Journal	4313444245307504	4313444245307505
464	1004303	Quest_Faction_Pailune_Chronicle	4313448540274800	4313448540274801
465	1004375	Quest_Hexe_Marie_Experiment	4313757777920112	4313757777920113
466	1004547	Quest_Faction_Urdavah_Eco_Energy	4314496512295024	4314496512295025
467	1004306	Quest_Faction_Wolf_Pursuer_Record	4313461425176688	4313461425176689
468	1004309	Quest_Faction_Solumena_Inspection_Report	4313474310078576	4313474310078577
469	1004310	Quest_Faction_Solumena_Heresy_Report	4313478605045872	4313478605045873
470	1004548	Quest_Faction_Legendary_Wolf	4314500807262320	4314500807262321
471	1005363	Book_Sebastian_Diary_Reeddevil	4318001205608560	4318001205608561
472	1005364	Book_Sebastian_Diary_Ludvig	4318005500575856	4318005500575857
473	1005365	Book_Sebastian_Diary_Gregor	4318009795543152	4318009795543153
474	1005366	Book_Sebastian_Diary_Caliburn	4318014090510448	4318014090510449
475	1005367	Book_Sebastian_Diary_MasterDoo	4318018385477744	4318018385477745
476	1005368	Book_Sebastian_Diary_HexeMarie	4318022680445040	4318022680445041
477	1005369	Book_Sebastian_Diary_MineFortress	4318026975412336	4318026975412337
478	1005370	Book_Sebastian_Diary_ValvegardWallFort	4318031270379632	4318031270379633
479	1005371	Book_Sebastian_Diary_MarniLab	4318035565346928	4318035565346929
480	1005372	Book_Sebastian_Diary_TheFaceless	4318039860314224	4318039860314225
481	1005373	Book_Sebastian_Diary_DeerKing	4318044155281520	4318044155281521
482	1005374	Book_Sebastian_Diary_WhiteBear	4318048450248816	4318048450248817
483	1005375	Book_Sebastian_Diary_GoldenKnightMerrick	4318052745216112	4318052745216113
484	1005376	Book_Sebastian_Diary_Trukan	4318057040183408	4318057040183409
485	1005377	Book_Sebastian_Diary_Titan	4318061335150704	4318061335150705
486	1005378	Book_Sebastian_Diary_MarniExcavatron	4318065630118000	4318065630118001
487	1005379	Book_Sebastian_Diary_TheScarletExcecutioner	4318069925085296	4318069925085297
488	1005380	book_folktales_Kailok	4318074220052592	4318074220052593
489	1005381	book_folktales_Nuclear	4318078515019888	4318078515019889
490	1005382	book_folktales_Imp_Banquet	4318082809987184	4318082809987185
491	1005383	book_folktales_CrowCaller	4318087104954480	4318087104954481
492	1005384	book_folktales_CassiusMorten	4318091399921776	4318091399921777
493	1005385	book_folktales_Ludvig_OneArmed	4318095694889072	4318095694889073
494	1005386	book_folktales_Myurdin	4318099989856368	4318099989856369
495	1005387	book_folktales_Fortain	4318104284823664	4318104284823665
496	1005388	book_folktales_Bastier	4318108579790960	4318108579790961
497	1005389	book_folktales_GolemDragon	4318112874758256	4318112874758257
498	1005390	book_folktales_Seraphim	4318117169725552	4318117169725553
499	1005391	book_folktales_Sizlek	4318121464692848	4318121464692849
500	1005392	book_folktales_Gwen_Kraver	4318125759660144	4318125759660145
501	1005393	book_folktales_Hemon_Beindel	4318130054627440	4318130054627441
502	1005394	book_folktales_Tarandus	4318134349594736	4318134349594737
503	1005395	book_folktales_GoldenKnightMerrick	4318138644562032	4318138644562033
504	1005396	book_folktales_Muskan	4318142939529328	4318142939529329
505	1005397	book_folktales_Darkness_King	4318147234496624	4318147234496625
506	1005398	book_folktales_AncientPriscus	4318151529463920	4318151529463921
507	1005399	book_folktales_AncientPraevus	4318155824431216	4318155824431217
508	1005400	book_folktales_BossHyenaSkevald	4318160119398512	4318160119398513
509	1005401	book_folktales_Varnia_Dragon	4318164414365808	4318164414365809
510	1005402	book_folktales_Aircastle	4318168709333104	4318168709333105
511	1004043	Item_gimmick_craft_cook_oven_03_housing	4312331848777840	4312331848777841
512	1004044	Item_gimmick_craft_cook_oven_04_housing	4312336143745136	4312336143745137
513	1004045	Item_craft_medicine_01_housing	4312340438712432	4312340438712433
514	1000569	Collection_Prop_Picture_0001	4297411132391536	4297411132391537
515	1000570	Collection_Prop_Picture_0002	4297415427358832	4297415427358833
516	1000571	Collection_Prop_Picture_0003	4297419722326128	4297419722326129
517	1000575	Collection_Prop_Picture_0007	4297436902195312	4297436902195313
518	1001341	Collection_Prop_Picture_0010	4300726847144048	4300726847144049
519	1001345	Collection_Prop_Picture_0014	4300744027013232	4300744027013233
520	1001348	Collection_Prop_Picture_0017	4300756911915120	4300756911915121
521	1001359	Collection_Prop_Picture_0028	4300804156555376	4300804156555377
522	1001392	Collection_Prop_Picture_0061	4300945890476144	4300945890476145
523	1001391	Collection_Prop_Picture_0060	4300941595508848	4300941595508849
524	1001355	Collection_Prop_Picture_0024	4300786976686192	4300786976686193
525	1001396	Collection_Prop_Picture_0066	4300963070345328	4300963070345329
526	1001342	Collection_Prop_Picture_0011	4300731142111344	4300731142111345
527	1001349	Collection_Prop_Picture_0018	4300761206882416	4300761206882417
528	1001350	Collection_Prop_Picture_0019	4300765501849712	4300765501849713
529	1001353	Collection_Prop_Picture_0022	4300778386751600	4300778386751601
530	1001356	Collection_Prop_Picture_0025	4300791271653488	4300791271653489
531	1001390	Collection_Prop_Picture_0059	4300937300541552	4300937300541553
532	1002471	Collection_Prop_Picture_0067	4305580160188528	4305580160188529
533	1002472	Collection_Prop_Picture_0068	4305584455155824	4305584455155825
534	1000568	Collection_Prop_Picture_0065	4297406837424240	4297406837424241
535	1001340	Collection_Prop_Picture_0009	4300722552176752	4300722552176753
536	1001346	Collection_Prop_Picture_0015	4300748321980528	4300748321980529
537	1001347	Collection_Prop_Picture_0016	4300752616947824	4300752616947825
538	1001354	Collection_Prop_Picture_0023	4300782681718896	4300782681718897
539	1001358	Collection_Prop_Picture_0027	4300799861588080	4300799861588081
540	1001361	Collection_Prop_Picture_0030	4300812746489968	4300812746489969
541	1001364	Collection_Prop_Picture_0033	4300825631391856	4300825631391857
542	1001385	Collection_Prop_Picture_0054	4300915825705072	4300915825705073
543	1002473	Collection_Prop_Picture_0069	4305588750123120	4305588750123121
544	1004206	Collection_Prop_Picture_0071	4313031928447088	4313031928447089
545	1004207	Collection_Prop_Picture_0072	4313036223414384	4313036223414385
546	1004208	Collection_Prop_Picture_0073	4313040518381680	4313040518381681
547	1004209	Collection_Prop_Picture_0074	4313044813348976	4313044813348977
548	1004210	Collection_Prop_Picture_0075	4313049108316272	4313049108316273
549	1004211	Collection_Prop_Picture_0076	4313053403283568	4313053403283569
550	1001395	Collection_Prop_Picture_0064	4300958775378032	4300958775378033
551	1000573	Collection_Prop_Picture_0005	4297428312260720	4297428312260721
552	1000574	Collection_Prop_Picture_0006	4297432607228016	4297432607228017
553	1001363	Collection_Prop_Picture_0032	4300821336424560	4300821336424561
554	1001367	Collection_Prop_Picture_0036	4300838516293744	4300838516293745
555	1001378	Collection_Prop_Picture_0047	4300885760934000	4300885760934001
556	1001380	Collection_Prop_Picture_0049	4300894350868592	4300894350868593
557	1001381	Collection_Prop_Picture_0050	4300898645835888	4300898645835889
558	1001360	Collection_Prop_Picture_0029	4300808451522672	4300808451522673
559	1000572	Collection_Prop_Picture_0004	4297424017293424	4297424017293425
560	1001343	Collection_Prop_Picture_0012	4300735437078640	4300735437078641
561	1001362	Collection_Prop_Picture_0031	4300817041457264	4300817041457265
562	1001377	Collection_Prop_Picture_0046	4300881465966704	4300881465966705
563	1001384	Collection_Prop_Picture_0053	4300911530737776	4300911530737777
564	1001386	Collection_Prop_Picture_0055	4300920120672368	4300920120672369
565	1001387	Collection_Prop_Picture_0056	4300924415639664	4300924415639665
566	1001388	Collection_Prop_Picture_0057	4300928710606960	4300928710606961
567	1001394	Collection_Prop_Picture_0063	4300954480410736	4300954480410737
568	1001357	Collection_Prop_Picture_0026	4300795566620784	4300795566620785
569	1001370	Collection_Prop_Picture_0039	4300851401195632	4300851401195633
570	1001368	Collection_Prop_Picture_0037	4300842811261040	4300842811261041
571	1001365	Collection_Prop_Picture_0034	4300829926359152	4300829926359153
572	1001372	Collection_Prop_Picture_0041	4300859991130224	4300859991130225
573	1001393	Collection_Prop_Picture_0062	4300950185443440	4300950185443441
574	1001352	Collection_Prop_Picture_0021	4300774091784304	4300774091784305
575	1001351	Collection_Prop_Picture_0020	4300769796817008	4300769796817009
576	1001374	Collection_Prop_Picture_0043	4300868581064816	4300868581064817
577	1004114	Collection_Prop_Picture_0070	4312636791455856	4312636791455857
578	1004364	Collection_Prop_Picture_0077	4313710533279856	4313710533279857
579	1004372	Collection_Prop_Picture_0078	4313744893018224	4313744893018225
580	1001339	Collection_Prop_Picture_0008	4300718257209456	4300718257209457
581	1001376	Collection_Prop_Picture_0045	4300877170999408	4300877170999409
582	1001366	Collection_Prop_Picture_0035	4300834221326448	4300834221326449
583	1001373	Collection_Prop_Picture_0042	4300864286097520	4300864286097521
584	1001375	Collection_Prop_Picture_0044	4300872876032112	4300872876032113
585	1001389	Collection_Prop_Picture_0058	4300933005574256	4300933005574257
586	1001369	Collection_Prop_Picture_0038	4300847106228336	4300847106228337
587	1001382	Collection_Prop_Picture_0051	4300902940803184	4300902940803185
588	1001371	Collection_Prop_Picture_0040	4300855696162928	4300855696162929
589	1001344	Collection_Prop_Picture_0013	4300739732045936	4300739732045937
590	1001379	Collection_Prop_Picture_0048	4300890055901296	4300890055901297
591	1001383	Collection_Prop_Picture_0052	4300907235770480	4300907235770481
592	1001121	Collection_Prop_FlowerPot_0002	4299781954338928	4299781954338929
593	1001122	Collection_Prop_FlowerPot_0003	4299786249306224	4299786249306225
594	1001132	Collection_Prop_FlowerPot_0004	4299829198979184	4299829198979185
595	1001440	Collection_Prop_FlowerPot_0007	4301152048906352	4301152048906353
596	1001442	Collection_Prop_FlowerPot_0009	4301160638840944	4301160638840945
597	1000878	Collection_Prop_FlowerPot_0001	4298738277286000	4298738277286001
598	1001441	Collection_Prop_FlowerPot_0008	4301156343873648	4301156343873649
599	1001443	Collection_Prop_FlowerPot_0010	4301164933808240	4301164933808241
600	1001444	Collection_Prop_FlowerPot_0011	4301169228775536	4301169228775537
601	1001445	Collection_Prop_FlowerPot_0012	4301173523742832	4301173523742833
602	1001447	Collection_Prop_FlowerPot_0014	4301182113677424	4301182113677425
603	1001438	Collection_Prop_FlowerPot_0005	4301143458971760	4301143458971761
604	1001439	Collection_Prop_FlowerPot_0006	4301147753939056	4301147753939057
605	1001446	Collection_Prop_FlowerPot_0013	4301177818710128	4301177818710129
606	1001448	Collection_Prop_FlowerPot_0015	4301186408644720	4301186408644721
607	1000554	Collection_Prop_FlowerPot_0031	4297346707882096	4297346707882097
608	1000628	Collection_Prop_FlowerPot_0027	4297664535462000	4297664535462001
609	1004001	Item_cd_ex_dpf_flowerpot_61_housing	4312151460151408	4312151460151409
610	1004002	Item_cd_ex_dpf_flowerpot_21_housing	4312155755118704	4312155755118705
611	1004004	Item_cd_ex_dpf_flowerpot_23_housing	4312164345053296	4312164345053297
612	1000517	Collection_Prop_FlowerPot_0025	4297187794092144	4297187794092145
613	1000548	Collection_Prop_FlowerPot_0020	4297320938078320	4297320938078321
614	1001093	Collection_Prop_FlowerPot_0023	4299661695254640	4299661695254641
615	1004000	Item_cd_ex_dpf_flowerpot_24_housing	4312147165184112	4312147165184113
616	1004003	Item_cd_ex_dpf_flowerpot_37_housing	4312160050086000	4312160050086001
617	1003999	Item_cd_ex_dpf_flowerpot_16_housing	4312142870216816	4312142870216817
618	1000551	Collection_Prop_FlowerPot_0032	4297333822980208	4297333822980209
619	1001092	Collection_Prop_FlowerPot_0029	4299657400287344	4299657400287345
620	1001329	gimmick_tool_kinetic_barbell_0001	4300675307536496	4300675307536497
621	1002254	gimmick_tool_kinetic_dolphin_0001	4304648152285296	4304648152285297
622	1002255	gimmick_tool_kinetic_dolphin_0002	4304652447252592	4304652447252593
623	1002256	gimmick_tool_kinetic_boat_0001	4304656742219888	4304656742219889
624	1002257	gimmick_tool_kinetic_circle_0001	4304661037187184	4304661037187185
625	1003678	gimmick_tool_kinetic_barbell_0002	4310764185714800	4310764185714801
626	1001571	Collection_Prop_viewingstone_0001	4301714689622128	4301714689622129
627	1001572	Collection_Prop_viewingstone_0002	4301718984589424	4301718984589425
628	1001573	Collection_Prop_viewingstone_0003	4301723279556720	4301723279556721
629	1001665	Collection_Prop_Bismuthornament_0001	4302118416547952	4302118416547953
630	1001666	Collection_Prop_Bismuthornament_0002	4302122711515248	4302122711515249
631	1001667	Collection_Prop_Bismuthornament_0003	4302127006482544	4302127006482545
632	1003545	Collection_Prop_Statue_0001	4310192955064432	4310192955064433
633	1003546	Collection_Prop_Statue_0003	4310197250031728	4310197250031729
634	1004049	Item_Collection_Prop_Statue_0002	4312357618581616	4312357618581617
635	1001713	Collection_Prop_Tool_0010	4302324574978160	4302324574978161
636	1000727	Collection_Prop_Tool_0001	4298089737224304	4298089737224305
637	1001714	Collection_Prop_Tool_0011	4302328869945456	4302328869945457
638	1001694	Collection_Prop_Tool_0008	4302242970599536	4302242970599537
639	1001690	Collection_Prop_Tool_0004	4302225790730352	4302225790730353
640	1001153	Collection_Prop_Tool_0002	4299919393292400	4299919393292401
641	1004019	Item_gimmick_item_tool_bookstand_0001	4312228769562736	4312228769562737
642	1003941	Item_gimmick_item_tool_book_0001	4311893762113648	4311893762113649
643	1005600	Item_Background_Breakable_Wood_339	4319019112857712	4319019112857713
644	1005601	Item_Background_Breakable_Wood_340	4319023407825008	4319023407825009
645	1001695	Collection_Prop_Tool_0009	4302247265566832	4302247265566833
646	1001692	Collection_Prop_Tool_0006	4302234380664944	4302234380664945
647	1001693	Collection_Prop_Tool_0007	4302238675632240	4302238675632241
648	1001691	Collection_Prop_Tool_0005	4302230085697648	4302230085697649
649	1001206	Collection_Prop_Tool_0003	4300147026559088	4300147026559089
650	1004016	Item_gimmick_alchemy_globe_0002	4312215884660848	4312215884660849
651	1004015	Item_gimmick_alchemy_globe_0001	4312211589693552	4312211589693553
652	1002112	Collection_Prop_Doll_0001	4304038266929264	4304038266929265
653	1002113	Collection_Prop_Doll_0002	4304042561896560	4304042561896561
654	1002116	Collection_Prop_Doll_0005	4304055446798448	4304055446798449
655	1002117	Collection_Prop_Doll_0006	4304059741765744	4304059741765745
656	1002114	Collection_Prop_Doll_0003	4304046856863856	4304046856863857
657	1002115	Collection_Prop_Doll_0004	4304051151831152	4304051151831153
658	1000979	Collection_Prop_Doll_0007	4299172068982896	4299172068982897
659	1001697	Collection_Prop_Chest_0002	4302255855501424	4302255855501425
660	1001698	Collection_Prop_Chest_0003	4302260150468720	4302260150468721
661	1001699	Collection_Prop_Chest_0004	4302264445436016	4302264445436017
662	1001704	Collection_Prop_Chest_0009	4302285920272496	4302285920272497
663	1001696	Collection_Prop_Chest_0001	4302251560534128	4302251560534129
664	1001700	Collection_Prop_Chest_0005	4302268740403312	4302268740403313
665	1001701	Collection_Prop_Chest_0006	4302273035370608	4302273035370609
666	1001702	Collection_Prop_Chest_0007	4302277330337904	4302277330337905
667	1001703	Collection_Prop_Chest_0008	4302281625305200	4302281625305201
668	1001248	Collection_Prop_WeaponBox_0001	4300327415185520	4300327415185521
669	1001688	Collection_Prop_WeaponBox_0002	4302217200795760	4302217200795761
670	1001689	Collection_Prop_WeaponBox_0003	4302221495763056	4302221495763057
671	1001509	Collection_Prop_Trophy_0001	4301448401649776	4301448401649777
672	1001510	Collection_Prop_Trophy_0002	4301452696617072	4301452696617073
673	1001511	Collection_Prop_Trophy_0003	4301456991584368	4301456991584369
674	1001521	Collection_Prop_Trophy_0004	4301499941257328	4301499941257329
675	1001522	Collection_Prop_Trophy_0005	4301504236224624	4301504236224625
676	1002750	Legendary_Animal_Phoenix	4306778456064112	4306778456064113
677	1000282	Collection_Prop_Glasscraft_0003	4296178476777584	4296178476777585
678	1000288	Collection_Prop_Glasscraft_0004	4296204246581360	4296204246581361
679	1000532	Collection_Prop_Glasscraft_0005	4297252218601584	4297252218601585
680	1004411	Item_gimmick_in_dpf_carpet_0001	4313912396742768	4313912396742769
681	1004412	Item_gimmick_in_dpf_carpet_0002	4313916691710064	4313916691710065
682	1004413	Item_gimmick_in_dpf_carpet_0003	4313920986677360	4313920986677361
683	1004414	Item_gimmick_in_dpf_carpet_0004	4313925281644656	4313925281644657
684	1004415	Item_gimmick_in_dpf_carpet_0005	4313929576611952	4313929576611953
685	1004416	Item_gimmick_in_dpf_carpet_0006	4313933871579248	4313933871579249
686	1004417	Item_gimmick_in_dpf_carpet_0006_index01	4313938166546544	4313938166546545
687	1004418	Item_gimmick_in_dpf_carpet_0007	4313942461513840	4313942461513841
688	1004419	Item_gimmick_in_dpf_carpet_0008	4313946756481136	4313946756481137
689	1004420	Item_gimmick_in_dpf_carpet_0008_index01	4313951051448432	4313951051448433
690	1004421	Item_gimmick_in_dpf_carpet_0009	4313955346415728	4313955346415729
691	1004422	Item_gimmick_in_dpf_carpet_0010	4313959641383024	4313959641383025
692	1004423	Item_gimmick_in_dpf_carpet_0010_index01	4313963936350320	4313963936350321
693	1004424	Item_gimmick_in_dpf_carpet_0011	4313968231317616	4313968231317617
694	1004425	Item_gimmick_in_dpf_carpet_0011_index01	4313972526284912	4313972526284913
695	1004426	Item_gimmick_in_dpf_carpet_0012	4313976821252208	4313976821252209
696	1004427	Item_gimmick_in_dpf_carpet_0012_index01	4313981116219504	4313981116219505
697	1004637	Item_gimmick_in_dpf_carpet_0013	4314883059351664	4314883059351665
698	1004638	Item_gimmick_in_dpf_carpet_0014	4314887354318960	4314887354318961
699	1004639	Item_gimmick_in_dpf_carpet_0015	4314891649286256	4314891649286257
700	1004640	Item_gimmick_in_dpf_carpet_0016	4314895944253552	4314895944253553
701	1001450	Collection_Prop_Bottle_0002	4301194998579312	4301194998579313
702	1001451	Collection_Prop_Bottle_0003	4301199293546608	4301199293546609
703	1001465	Collection_Prop_Bottle_0017	4301259423088752	4301259423088753
704	1001477	Collection_Prop_Bottle_0029	4301310962696304	4301310962696305
705	1001460	Collection_Prop_Bottle_0012	4301237948252272	4301237948252273
706	1001454	Collection_Prop_Bottle_0006	4301212178448496	4301212178448497
707	1001455	Collection_Prop_Bottle_0007	4301216473415792	4301216473415793
708	1001456	Collection_Prop_Bottle_0008	4301220768383088	4301220768383089
709	1001463	Collection_Prop_Bottle_0015	4301250833154160	4301250833154161
710	1001472	Collection_Prop_Bottle_0024	4301289487859824	4301289487859825
711	1001679	Collection_Prop_Bottle_0041	4302178546090096	4302178546090097
712	1001686	Collection_Prop_Bottle_0048	4302208610861168	4302208610861169
713	1001709	Collection_Prop_Bottle_0050	4302307395108976	4302307395108977
714	1002100	Collection_Prop_Bottle_0053	4303986727321712	4303986727321713
715	1001461	Collection_Prop_Bottle_0013	4301242243219568	4301242243219569
716	1001462	Collection_Prop_Bottle_0014	4301246538186864	4301246538186865
717	1001466	Collection_Prop_Bottle_0018	4301263718056048	4301263718056049
718	1001482	Collection_Prop_Bottle_0034	4301332437532784	4301332437532785
719	1001485	Collection_Prop_Bottle_0037	4301345322434672	4301345322434673
720	1001491	Collection_Prop_Ceramic_0003	4301371092238448	4301371092238449
721	1001453	Collection_Prop_Bottle_0005	4301207883481200	4301207883481201
722	1001711	Collection_Prop_Bottle_0052	4302315985043568	4302315985043569
723	1001449	Collection_Prop_Bottle_0001	4301190703612016	4301190703612017
724	1001452	Collection_Prop_Bottle_0004	4301203588513904	4301203588513905
725	1001458	Collection_Prop_Bottle_0010	4301229358317680	4301229358317681
726	1001459	Collection_Prop_Bottle_0011	4301233653284976	4301233653284977
727	1001464	Collection_Prop_Bottle_0016	4301255128121456	4301255128121457
728	1001484	Collection_Prop_Bottle_0036	4301341027467376	4301341027467377
729	1001487	Collection_Prop_Bottle_0039	4301353912369264	4301353912369265
730	1001681	Collection_Prop_Bottle_0043	4302187136024688	4302187136024689
731	1001708	Collection_Prop_Bottle_0049	4302303100141680	4302303100141681
732	1002306	Collection_Prop_Bottle_0045	4304871490584688	4304871490584689
733	1001947	Collection_Prop_Bottle_0054	4303329597325424	4303329597325425
734	1001948	Collection_Prop_Bottle_0055	4303333892292720	4303333892292721
735	1001471	Collection_Prop_Bottle_0023	4301285192892528	4301285192892529
736	1001473	Collection_Prop_Bottle_0025	4301293782827120	4301293782827121
737	1001476	Collection_Prop_Bottle_0028	4301306667729008	4301306667729009
738	1001483	Collection_Prop_Bottle_0035	4301336732500080	4301336732500081
739	1001467	Collection_Prop_Bottle_0019	4301268013023344	4301268013023345
740	1001486	Collection_Prop_Bottle_0038	4301349617401968	4301349617401969
741	1001684	Collection_Prop_Bottle_0046	4302200020926576	4302200020926577
742	1001457	Collection_Prop_Bottle_0009	4301225063350384	4301225063350385
743	1001469	Collection_Prop_Bottle_0021	4301276602957936	4301276602957937
744	1001470	Collection_Prop_Bottle_0022	4301280897925232	4301280897925233
745	1001474	Collection_Prop_Bottle_0026	4301298077794416	4301298077794417
746	1001475	Collection_Prop_Bottle_0027	4301302372761712	4301302372761713
747	1001680	Collection_Prop_Bottle_0042	4302182841057392	4302182841057393
748	1001468	Collection_Prop_Bottle_0020	4301272307990640	4301272307990641
749	1001710	Collection_Prop_Bottle_0051	4302311690076272	4302311690076273
750	1001479	Collection_Prop_Bottle_0031	4301319552630896	4301319552630897
751	1001682	Collection_Prop_Bottle_0044	4302191430991984	4302191430991985
752	1001478	Collection_Prop_Bottle_0030	4301315257663600	4301315257663601
753	1001480	Collection_Prop_Bottle_0032	4301323847598192	4301323847598193
754	1001481	Collection_Prop_Bottle_0033	4301328142565488	4301328142565489
755	1001685	Collection_Prop_Bottle_0047	4302204315893872	4302204315893873
756	1001517	Collection_Prop_Ceramic_0029	4301482761388144	4301482761388145
757	1001490	Collection_Prop_Ceramic_0002	4301366797271152	4301366797271153
758	1001678	Collection_Prop_Bottle_0040	4302174251122800	4302174251122801
759	1003820	Collection_Prop_Ceramic_0058	4311374071070832	4311374071070833
760	1001518	Collection_Prop_Ceramic_0030	4301487056355440	4301487056355441
761	1001520	Collection_Prop_Ceramic_0032	4301495646290032	4301495646290033
762	1001512	Collection_Prop_Ceramic_0024	4301461286551664	4301461286551665
763	1001536	Collection_Prop_Cup_0004	4301564365766768	4301564365766769
764	1001538	Collection_Prop_Cup_0006	4301572955701360	4301572955701361
765	1001539	Collection_Prop_Cup_0007	4301577250668656	4301577250668657
766	1001540	Collection_Prop_Cup_0008	4301581545635952	4301581545635953
767	1001549	Collection_Prop_Cup_0017	4301620200341616	4301620200341617
768	1001537	Collection_Prop_Cup_0005	4301568660734064	4301568660734065
769	1001542	Collection_Prop_Cup_0010	4301590135570544	4301590135570545
770	1001544	Collection_Prop_Cup_0012	4301598725505136	4301598725505137
771	1001545	Collection_Prop_Cup_0013	4301603020472432	4301603020472433
772	1001547	Collection_Prop_Cup_0015	4301611610407024	4301611610407025
773	1001535	Collection_Prop_Cup_0003	4301560070799472	4301560070799473
774	1001543	Collection_Prop_Cup_0011	4301594430537840	4301594430537841
775	1001534	Collection_Prop_Cup_0002	4301555775832176	4301555775832177
776	1001541	Collection_Prop_Cup_0009	4301585840603248	4301585840603249
777	1001533	Collection_Prop_Cup_0001	4301551480864880	4301551480864881
778	1001546	Collection_Prop_Cup_0014	4301607315439728	4301607315439729
779	1001548	Collection_Prop_Cup_0016	4301615905374320	4301615905374321
780	1003927	Pail_Cup_Oath	4311833632571504	4311833632571505
781	1002739	Legendary_Animal_Redriver_hog	4306731211423856	4306731211423857
782	1001493	Collection_Prop_Ceramic_0005	4301379682173040	4301379682173041
783	1001495	Collection_Prop_Ceramic_0007	4301388272107632	4301388272107633
784	1001496	Collection_Prop_Ceramic_0008	4301392567074928	4301392567074929
785	1001505	Collection_Prop_Ceramic_0017	4301431221780592	4301431221780593
786	1001507	Collection_Prop_Ceramic_0019	4301439811715184	4301439811715185
787	1001508	Collection_Prop_Ceramic_0020	4301444106682480	4301444106682481
788	1001513	Collection_Prop_Ceramic_0025	4301465581518960	4301465581518961
789	1002299	Collection_Prop_Ceramic_0050	4304841425813616	4304841425813617
790	1002300	Collection_Prop_Ceramic_0051	4304845720780912	4304845720780913
791	1002301	Collection_Prop_Ceramic_0052	4304850015748208	4304850015748209
792	1002302	Collection_Prop_Ceramic_0053	4304854310715504	4304854310715505
793	1002303	Collection_Prop_Ceramic_0054	4304858605682800	4304858605682801
794	1002304	Collection_Prop_Ceramic_0055	4304862900650096	4304862900650097
795	1001492	Collection_Prop_Ceramic_0004	4301375387205744	4301375387205745
796	1001494	Collection_Prop_Ceramic_0006	4301383977140336	4301383977140337
797	1001504	Collection_Prop_Ceramic_0016	4301426926813296	4301426926813297
798	1001519	Collection_Prop_Ceramic_0031	4301491351322736	4301491351322737
799	1001515	Collection_Prop_Ceramic_0027	4301474171453552	4301474171453553
800	1001498	Collection_Prop_Ceramic_0010	4301401157009520	4301401157009521
801	1001499	Collection_Prop_Ceramic_0011	4301405451976816	4301405451976817
802	1001500	Collection_Prop_Ceramic_0012	4301409746944112	4301409746944113
803	1001501	Collection_Prop_Ceramic_0013	4301414041911408	4301414041911409
804	1001502	Collection_Prop_Ceramic_0014	4301418336878704	4301418336878705
805	1001503	Collection_Prop_Ceramic_0015	4301422631846000	4301422631846001
806	1001516	Collection_Prop_Ceramic_0028	4301478466420848	4301478466420849
807	1003930	Item_gimmick_collection_prop_Ceramic_0021	4311846517473392	4311846517473393
808	1003931	Item_gimmick_collection_prop_Ceramic_0023	4311850812440688	4311850812440689
809	1003932	Item_gimmick_collection_prop_Ceramic_0033	4311855107407984	4311855107407985
810	1003933	Item_gimmick_collection_prop_Ceramic_0034	4311859402375280	4311859402375281
811	1003934	Item_gimmick_collection_prop_Ceramic_0036	4311863697342576	4311863697342577
812	1003935	Item_gimmick_collection_prop_Ceramic_0040	4311867992309872	4311867992309873
813	1003936	Item_gimmick_collection_prop_Ceramic_0042	4311872287277168	4311872287277169
814	1003937	Item_gimmick_collection_prop_Ceramic_0043	4311876582244464	4311876582244465
815	1003938	Item_gimmick_collection_prop_Ceramic_0044	4311880877211760	4311880877211761
816	1003939	Item_gimmick_collection_prop_Ceramic_0048	4311885172179056	4311885172179057
817	1003940	Item_gimmick_collection_prop_Ceramic_0049	4311889467146352	4311889467146353
818	1001489	Collection_Prop_Ceramic_0001	4301362502303856	4301362502303857
819	1001744	Collection_Prop_Ceramic_0045	4302457718964336	4302457718964337
820	1001763	Collection_Prop_Ceramic_0046	4302539323342960	4302539323342961
821	1001785	Collection_Prop_Ceramic_0047	4302633812623472	4302633812623473
822	1001514	Collection_Prop_Ceramic_0026	4301469876486256	4301469876486257
823	1003819	Collection_Prop_Ceramic_0057	4311369776103536	4311369776103537
824	1001497	Collection_Prop_Ceramic_0009	4301396862042224	4301396862042225
825	1001506	Collection_Prop_Ceramic_0018	4301435516747888	4301435516747889
826	1003821	Collection_Prop_Ceramic_0059	4311378366038128	4311378366038129
827	1001563	Collection_Prop_Bowl_0013	4301680329883760	4301680329883761
828	1001583	Collection_Prop_Plate_0009	4301766229229680	4301766229229681
829	1001551	Collection_Prop_Bowl_0001	4301628790276208	4301628790276209
830	1001555	Collection_Prop_Bowl_0005	4301645970145392	4301645970145393
831	1001556	Collection_Prop_Bowl_0006	4301650265112688	4301650265112689
832	1003679	Collection_Prop_Bowl_0007	4310768480682096	4310768480682097
833	1001558	Collection_Prop_Bowl_0008	4301658855047280	4301658855047281
834	1001612	Collection_Prop_Bowl_0023	4301890783281264	4301890783281265
835	1001613	Collection_Prop_Bowl_0024	4301895078248560	4301895078248561
836	1001553	Collection_Prop_Bowl_0003	4301637380210800	4301637380210801
837	1001552	Collection_Prop_Bowl_0002	4301633085243504	4301633085243505
838	1001554	Collection_Prop_Bowl_0004	4301641675178096	4301641675178097
839	1001575	Collection_Prop_Plate_0001	4301731869491312	4301731869491313
840	1001576	Collection_Prop_Plate_0002	4301736164458608	4301736164458609
841	1001578	Collection_Prop_Plate_0004	4301744754393200	4301744754393201
842	1001580	Collection_Prop_Plate_0006	4301753344327792	4301753344327793
843	1001581	Collection_Prop_Plate_0007	4301757639295088	4301757639295089
844	1001582	Collection_Prop_Plate_0008	4301761934262384	4301761934262385
845	1001561	Collection_Prop_Bowl_0011	4301671739949168	4301671739949169
846	1001562	Collection_Prop_Bowl_0012	4301676034916464	4301676034916465
847	1001297	Collection_Prop_Bowl_0016	4300537868583024	4300537868583025
848	1001606	Collection_Prop_Bowl_0017	4301865013477488	4301865013477489
849	1001607	Collection_Prop_Bowl_0018	4301869308444784	4301869308444785
850	1001608	Collection_Prop_Bowl_0019	4301873603412080	4301873603412081
851	1001577	Collection_Prop_Plate_0003	4301740459425904	4301740459425905
852	1001584	Collection_Prop_Plate_0010	4301770524196976	4301770524196977
853	1001588	Collection_Prop_Plate_0014	4301787704066160	4301787704066161
854	1001587	Collection_Prop_Plate_0013	4301783409098864	4301783409098865
855	1001589	Collection_Prop_Plate_0015	4301791999033456	4301791999033457
856	1001590	Collection_Prop_Plate_0016	4301796294000752	4301796294000753
857	1001591	Collection_Prop_Plate_0017	4301800588968048	4301800588968049
858	1001592	Collection_Prop_Plate_0018	4301804883935344	4301804883935345
859	1003226	Collection_Prop_Plate_0019	4308822860497008	4308822860497009
860	1001610	Collection_Prop_Bowl_0021	4301882193346672	4301882193346673
861	1001611	Collection_Prop_Bowl_0022	4301886488313968	4301886488313969
862	1001564	Collection_Prop_Bowl_0014	4301684624851056	4301684624851057
863	1001687	Collection_Prop_Bowl_0026	4302212905828464	4302212905828465
864	1001586	Collection_Prop_Plate_0012	4301779114131568	4301779114131569
865	1001614	Collection_Prop_Bowl_0025	4301899373215856	4301899373215857
866	1001609	Collection_Prop_Bowl_0020	4301877898379376	4301877898379377
867	1001585	Collection_Prop_Plate_0011	4301774819164272	4301774819164273
868	1001565	Collection_Prop_Bowl_0015	4301688919818352	4301688919818353
869	1003822	Collection_Prop_Ceramic_0056	4311382661005424	4311382661005425
870	1003227	Collection_Prop_Bowl_0027	4308827155464304	4308827155464305
871	1001593	Collection_Prop_Candle_0001	4301809178902640	4301809178902641
872	1001603	Collection_Prop_Candle_0011	4301852128575600	4301852128575601
873	1001594	Collection_Prop_Candle_0002	4301813473869936	4301813473869937
874	1001595	Collection_Prop_Candle_0003	4301817768837232	4301817768837233
875	1001600	Collection_Prop_Candle_0008	4301839243673712	4301839243673713
876	1001601	Collection_Prop_Candle_0009	4301843538641008	4301843538641009
877	1001597	Collection_Prop_Candle_0005	4301826358771824	4301826358771825
878	1001599	Collection_Prop_Candle_0007	4301834948706416	4301834948706417
879	1001598	Collection_Prop_Candle_0006	4301830653739120	4301830653739121
880	1001602	Collection_Prop_Candle_0010	4301847833608304	4301847833608305
881	1001596	Collection_Prop_Candle_0004	4301822063804528	4301822063804529
882	1002749	Legendary_Animal_Giant_Bull	4306774161096816	4306774161096817
883	1002672	Collection_Lamp_Candle_0001	4306443448615024	4306443448615025
884	1002673	Collection_Lamp_Candle_0001_index01	4306447743582320	4306447743582321
885	1002674	Collection_Lamp_Candle_0001_index02	4306452038549616	4306452038549617
886	1002684	Collection_gemstone_lamp_0002	4306494988222576	4306494988222577
887	1002685	Collection_gemstone_lamp_0002_index01	4306499283189872	4306499283189873
888	1002687	Collection_gemstone_lamp_0001	4306507873124464	4306507873124465
889	1002688	Collection_gemstone_lamp_0001_index01	4306512168091760	4306512168091761
890	1002689	Collection_gemstone_lamp_0001_index02	4306516463059056	4306516463059057
891	1003980	Item_gimmick_hanger_top_lamp_0001	4312061265838192	4312061265838193
892	1003981	Item_gimmick_hanger_top_lamp_0001_index01	4312065560805488	4312065560805489
893	1003982	Item_gimmick_hanger_top_lamp_0001_index02	4312069855772784	4312069855772785
894	1003983	Item_gimmick_hanger_top_lamp_0003	4312074150740080	4312074150740081
895	1003984	Item_gimmick_hanger_top_lamp_0003_index01	4312078445707376	4312078445707377
896	1003985	Item_gimmick_hanger_top_lamp_0003_index02	4312082740674672	4312082740674673
897	1002679	Collection_Lamp_Candle_0003_index01	4306473513386096	4306473513386097
898	1002677	Collection_Lamp_Candle_0002_index02	4306464923451504	4306464923451505
899	1002675	Collection_Lamp_Candle_0002	4306456333516912	4306456333516913
900	1002676	Collection_Lamp_Candle_0002_index01	4306460628484208	4306460628484209
901	1003986	Item_gimmick_hanger_side_lamp_0001	4312087035641968	4312087035641969
902	1003987	Item_gimmick_hanger_side_lamp_0001_index01	4312091330609264	4312091330609265
903	1003988	Item_gimmick_hanger_side_lamp_0001_index02	4312095625576560	4312095625576561
904	1004115	Itemgimmick_lamp_side_candle_0003	4312641086423152	4312641086423153
905	1004116	Itemgimmick_lamp_side_candle_0003_index01	4312645381390448	4312645381390449
906	1004117	Itemgimmick_lamp_side_candle_0003_index02	4312649676357744	4312649676357745
907	1002678	Collection_Lamp_Candle_0003	4306469218418800	4306469218418801
908	1002680	Collection_Lamp_Candle_0003_index02	4306477808353392	4306477808353393
909	1002686	Collection_gemstone_lamp_0002_index02	4306503578157168	4306503578157169
910	1004118	Itemgimmick_lamp_side_candle_0001	4312653971325040	4312653971325041
911	1004119	Itemgimmick_lamp_side_candle_0001_index01	4312658266292336	4312658266292337
912	1004120	Itemgimmick_lamp_side_candle_0001_index02	4312662561259632	4312662561259633
913	1004121	Itemgimmick_lamp_side_candle_0002	4312666856226928	4312666856226929
914	1004122	Itemgimmick_lamp_side_candle_0002_index01	4312671151194224	4312671151194225
915	1004123	Itemgimmick_lamp_side_candle_0002_index02	4312675446161520	4312675446161521
916	1002681	Collection_Lamp_Candle_0004	4306482103320688	4306482103320689
917	1002682	Collection_Lamp_Candle_0004_index01	4306486398287984	4306486398287985
918	1002683	Collection_Lamp_Candle_0004_index02	4306490693255280	4306490693255281
919	1004124	Itemgimmick_lamp_stand_candlestick_0001	4312679741128816	4312679741128817
920	1004125	Itemgimmick_lamp_stand_candlestick_0001_index01	4312684036096112	4312684036096113
921	1004126	Itemgimmick_lamp_stand_candlestick_0001_index02	4312688331063408	4312688331063409
922	1003989	Item_gimmick_gemstone_hanger_top_chandelier_0103	4312099920543856	4312099920543857
923	1003990	Item_gimmick_gemstone_hanger_top_chandelier_0103_index01	4312104215511152	4312104215511153
924	1003991	Item_gimmick_gemstone_hanger_top_chandelier_0103_index02	4312108510478448	4312108510478449
925	1003992	Item_cd_lamp_hanger_legendanimal_0002	4312112805445744	4312112805445745
926	1002735	Legendary_Animal_PureWhite_Bion	4306714031554672	4306714031554673
927	1002736	Legendary_Animal_White_Moose	4306718326521968	4306718326521969
928	1002738	Legendary_Animal_White_Stag	4306726916456560	4306726916456561
929	1003823	Item_gimmick_resourcestorage_0001	4311386955972720	4311386955972721
930	1003824	Item_gimmick_collectionstorage_0001	4311391250940016	4311391250940017
931	1004109	Item_gimmick_basecamp_warehouse_box_0002	4312615316619376	4312615316619377
932	1003825	Item_gimmick_foodstorage_0001	4311395545907312	4311395545907313
933	1003774	Item_gimmick_foodstorage_0002	4311176502575216	4311176502575217
934	1003976	Item_closet_01	4312044085969008	4312044085969009
935	1003977	Item_closet_01_index01	4312048380936304	4312048380936305
936	1003978	Item_cabinet_14	4312052675903600	4312052675903601
937	1003979	Item_closet_02	4312056970870896	4312056970870897
938	1003942	Item_gimmick_dff_luxuryfurniture_cabinet_01	4311898057080944	4311898057080945
939	1003943	Item_gimmick_dff_luxuryfurniture_cabinet_02	4311902352048240	4311902352048241
940	1003944	Item_gimmick_dff_luxuryfurniture_cabinet_0001	4311906647015536	4311906647015537
941	1003945	Item_cabinet_02	4311910941982832	4311910941982833
942	1003946	Item_cabinet_02_index01	4311915236950128	4311915236950129
943	1003947	Item_cabinet_03	4311919531917424	4311919531917425
944	1003948	Item_cabinet_03_index01	4311923826884720	4311923826884721
945	1003949	Item_cabinet_0003	4311928121852016	4311928121852017
946	1003950	Item_cabinet_05	4311932416819312	4311932416819313
947	1003951	Item_cabinet_05_index01	4311936711786608	4311936711786609
948	1003952	Item_cabinet_11	4311941006753904	4311941006753905
949	1003953	Item_cabinet_11_index01	4311945301721200	4311945301721201
950	1003954	Item_cabinet_0002	4311949596688496	4311949596688497
951	1003955	Item_cabinet_12	4311953891655792	4311953891655793
952	1003956	Item_cabinet_15	4311958186623088	4311958186623089
953	1003957	Item_cabinet_19	4311962481590384	4311962481590385
954	1003958	Item_cabinet_19_index01	4311966776557680	4311966776557681
955	1003959	Item_cabinet_0001	4311971071524976	4311971071524977
956	1003960	Item_cabinet_23	4311975366492272	4311975366492273
957	1003961	Item_dresser_01	4311979661459568	4311979661459569
958	1003962	Item_dresser_01_index01	4311983956426864	4311983956426865
959	1003963	Item_dresser_0001	4311988251394160	4311988251394161
960	1003964	Item_dresser_03	4311992546361456	4311992546361457
961	1003965	Item_dresser_03_index01	4311996841328752	4311996841328753
962	1003966	Item_dresser_04	4312001136296048	4312001136296049
963	1003967	Item_bookcase_02	4312005431263344	4312005431263345
964	1003968	Item_bookcase_02_index01	4312009726230640	4312009726230641
965	1003969	Item_bookcase_0001	4312014021197936	4312014021197937
966	1003970	Item_dff_luxuryfurniture_bed_02	4312018316165232	4312018316165233
967	1003971	Item_dff_luxuryfurniture_bed_03	4312022611132528	4312022611132529
968	1003972	Item_dff_luxuryfurniture_bed_04	4312026906099824	4312026906099825
969	1004050	Item_dff_luxuryfurniture_bed_0001	4312361913548912	4312361913548913
970	1003973	Item_in_dff_bed_06	4312031201067120	4312031201067121
971	1003974	Item_in_dff_bed_06_dem	4312035496034416	4312035496034417
972	1003975	Item_dff_luxuryfurniture_bed_01	4312039791001712	4312039791001713
973	1003993	Item_Background_Breakable_Wood_280	4312117100413040	4312117100413041
974	1003994	Item_gimmick_dff_luxuryfurniture_sofa_02	4312121395380336	4312121395380337
975	1003995	Item_gimmick_dff_luxuryfurniture_stool_01	4312125690347632	4312125690347633
976	1003996	Item_gimmick_dff_luxuryfurniture_chair_02	4312129985314928	4312129985314929
977	1003997	Item_gimmick_dff_luxuryfurniture_chair_troll_03	4312134280282224	4312134280282225
978	1003998	Item_Background_Breakable_Wood_281	4312138575249520	4312138575249521
979	1004005	Item_gimmick_dff_luxuryfurniture_sofa_01	4312168640020592	4312168640020593
980	1004006	Item_gimmick_dff_luxuryfurniture_chair_04	4312172934987888	4312172934987889
981	1004007	Item_gimmick_dff_luxuryfurniture_chair_03	4312177229955184	4312177229955185
982	1004008	Item_gimmick_dff_luxuryfurniture_chair_01	4312181524922480	4312181524922481
983	1004009	Item_Background_Breakable_Wood_285	4312185819889776	4312185819889777
984	1004010	Item_gimmick_in_dff_chair_0002	4312190114857072	4312190114857073
985	1004011	Item_Background_Breakable_Wood_294	4312194409824368	4312194409824369
986	1004012	Item_Background_Breakable_Wood_290	4312198704791664	4312198704791665
987	1004013	Item_Background_Breakable_Wood_293	4312202999758960	4312202999758961
988	1004014	Item_Background_Breakable_Wood_295	4312207294726256	4312207294726257
989	1004020	Item_gimmick_in_dff_set_chair_0001	4312233064530032	4312233064530033
990	1004021	Item_gimmick_in_dff_chair_0003	4312237359497328	4312237359497329
991	1002731	Legendary_Animal_PureWhite_Deer	4306696851685488	4306696851685489
992	1002732	Legendary_Animal_Vined_Deer	4306701146652784	4306701146652785
993	1004017	Item_Background_Breakable_Wood_323	4312220179628144	4312220179628145
994	1004018	Item_Background_Breakable_Wood_323_index01	4312224474595440	4312224474595441
995	1004022	Item_gimmick_in_dff_stand_0001	4312241654464624	4312241654464625
996	1004023	Item_Background_Breakable_Wood_297	4312245949431920	4312245949431921
997	1004024	Item_gimmick_dff_luxuryfurniture_table_01	4312250244399216	4312250244399217
998	1004025	Item_gimmick_dff_luxuryfurniture_table_0001	4312254539366512	4312254539366513
999	1004026	Item_gimmick_dff_luxuryfurniture_table_02	4312258834333808	4312258834333809
1000	1004027	Item_Background_Breakable_Wood_302	4312263129301104	4312263129301105
1001	1004028	Item_gimmick_in_dff_dressingtable_0001	4312267424268400	4312267424268401
1002	1004029	Item_Background_Breakable_Wood_303	4312271719235696	4312271719235697
1003	1004030	Item_Background_Breakable_Wood_310	4312276014202992	4312276014202993
1004	1004031	Item_Background_Breakable_Wood_311	4312280309170288	4312280309170289
1005	1004032	Item_Background_Breakable_Wood_313	4312284604137584	4312284604137585
1006	1004033	Item_gimmick_in_dff_desk_0001	4312288899104880	4312288899104881
1007	1004034	Item_Background_Breakable_Wood_257	4312293194072176	4312293194072177
1008	1004035	Item_Background_Breakable_Wood_320	4312297489039472	4312297489039473
1009	1004036	Item_gimmick_in_dff_table_0002	4312301784006768	4312301784006769
1010	1004037	Item_gimmick_in_dpf_stool_0001	4312306078974064	4312306078974065
1011	1004038	Item_Background_Breakable_Wood_230	4312310373941360	4312310373941361
1012	1004039	Item_Background_Breakable_Wood_308	4312314668908656	4312314668908657
1013	1004040	Item_Background_Breakable_Wood_304	4312318963875952	4312318963875953
1014	1004041	Item_Background_Breakable_Wood_309	4312323258843248	4312323258843249
1015	1004042	Item_Background_Breakable_Wood_363	4312327553810544	4312327553810545
1016	1005539	Item_Background_Breakable_Wood_11	4318757119852656	4318757119852657
1017	1005540	Item_Background_Breakable_Wood_10	4318761414819952	4318761414819953
1018	1004560	Item_gimmick_tool_blacksmithstone	4314552346869872	4314552346869873
1019	1004595	Item_gimmick_craft_anvil_01	4314702670725232	4314702670725233
1020	1004596	Item_gimmick_craft_cook_campfire_04	4314706965692528	4314706965692529
1021	1004597	Item_gimmick_craft_cook_campfire_05	4314711260659824	4314711260659825
1022	1004598	Item_gimmick_well_0001	4314715555627120	4314715555627121
1023	1004599	Item_gimmick_well_0001_index01	4314719850594416	4314719850594417
1024	1004600	Item_gimmick_well_0002	4314724145561712	4314724145561713
1025	1004601	Item_gimmick_well_0003	4314728440529008	4314728440529009
1026	1004602	Item_gimmick_well_0004	4314732735496304	4314732735496305
1027	1004603	Item_gimmick_well_0004_index01	4314737030463600	4314737030463601
1028	1004588	Item_drinkingfountain_01	4314672605954160	4314672605954161
1029	1004589	Item_dpf_fountain_01	4314676900921456	4314676900921457
1030	1004590	Item_dpf_fountain_09	4314681195888752	4314681195888753
1031	1004591	Item_dpf_fountain_02	4314685490856048	4314685490856049
1032	1004592	Item_dpf_fountain_02_desert	4314689785823344	4314689785823345
1033	1004593	Item_dpf_fountain_06	4314694080790640	4314694080790641
1034	1004771	Item_fountain_statue_01	4315458584969328	4315458584969329
1035	1004582	Item_lamp_streetlamp_03	4314646836150384	4314646836150385
1036	1004583	Item_lamp_streetlamp_03_index01	4314651131117680	4314651131117681
1037	1004584	Item_lamp_streetlamp_03_index02	4314655426084976	4314655426084977
1038	1004585	Item_gimmick_lamp_streetlamp_0001	4314659721052272	4314659721052273
1039	1004586	Item_gimmick_lamp_streetlamp_0001_index01	4314664016019568	4314664016019569
1040	1004587	Item_gimmick_lamp_streetlamp_0001_index02	4314668310986864	4314668310986865
1041	1004623	Item_lamp_firepot_01_on	4314822929809520	4314822929809521
1042	1004624	Item_lamp_firepot_03_on	4314827224776816	4314827224776817
1043	1004625	Item_lamp_firepot_04_on	4314831519744112	4314831519744113
1044	1004626	Item_lamp_firepot_05_on	4314835814711408	4314835814711409
1045	1004627	Item_lamp_firepot_06_on	4314840109678704	4314840109678705
1046	1004628	Item_lamp_brazier_02_on	4314844404646000	4314844404646001
1047	1004629	Item_lamp_standtorch_01_on	4314848699613296	4314848699613297
1048	1004630	Item_lamp_standtorch_02_on	4314852994580592	4314852994580593
1049	1004537	Item_Collection_Prop_Automata_0001	4314453562622064	4314453562622065
1050	1004538	Item_Collection_Prop_Automata_0002	4314457857589360	4314457857589361
1051	1004539	Item_Collection_Prop_Automata_0003	4314462152556656	4314462152556657
1052	1004540	Item_Collection_Prop_Automata_0004	4314466447523952	4314466447523953
1053	1004581	Item_gimmick_jukebox_0001	4314642541183088	4314642541183089
1054	1004577	Item_hanger_streetlamp_flowerpot_01	4314625361313904	4314625361313905
1055	1004578	Item_hanger_streetlamp_flowerpot_02	4314629656281200	4314629656281201
1056	1004579	Item_hanger_streetlamp_flowerpot_03	4314633951248496	4314633951248497
1057	1004580	Item_hanger_streetlamp_flowerpot_04	4314638246215792	4314638246215793
1058	1004565	Item_gimmick_tool_FlowerHanger_01	4314573821706352	4314573821706353
1059	1004566	Item_gimmick_tool_FlowerHanger_02	4314578116673648	4314578116673649
1060	1004567	Item_gimmick_sotdae_set_0001	4314582411640944	4314582411640945
1061	1004568	Item_gimmick_sotdae_set_0002	4314586706608240	4314586706608241
1062	1004569	Item_gimmick_sotdae_set_0003	4314591001575536	4314591001575537
1063	1004570	Item_gimmick_sotdae_set_0004	4314595296542832	4314595296542833
1064	1004571	Item_gimmick_sotdae_set_0005	4314599591510128	4314599591510129
1065	1004572	Item_gimmick_sotdae_set_0006	4314603886477424	4314603886477425
1066	1004573	Item_gimmick_sotdae_set_0007	4314608181444720	4314608181444721
1067	1004574	Item_gimmick_sotdae_set_0008	4314612476412016	4314612476412017
1068	1004575	Item_gimmick_sotdae_set_0009	4314616771379312	4314616771379313
1069	1004576	Item_gimmick_sotdae_set_0010	4314621066346608	4314621066346609
1070	1004610	item_Collection_Prop_Luxury_0001_index01	4314767095234672	4314767095234673
1071	1004611	item_Collection_Prop_Luxury_0002	4314771390201968	4314771390201969
1072	1004612	item_Collection_Prop_Luxury_0002_index01	4314775685169264	4314775685169265
1073	1004614	item_Collection_prop_Luxury_0003_index01	4314784275103856	4314784275103857
1074	1004615	item_Collection_Prop_Luxury_0004	4314788570071152	4314788570071153
1075	1004620	item_Collection_Prop_Luxury_0008_index01	4314810044907632	4314810044907633
1076	1004606	Item_catwheel_01	4314749915365488	4314749915365489
1077	1004607	Item_catwheel_02	4314754210332784	4314754210332785
1078	1001335	Item_Rat	4300701077340272	4300701077340273
1079	1001338	Item_Muskrat	4300713962242160	4300713962242161
1080	1001411	Item_Possum	4301027494854768	4301027494854769
1081	1001416	Item_Squirrel	4301048969691248	4301048969691249
1082	1001431	Item_Snow_Chipmunk	4301113394200688	4301113394200689
1083	1001432	Item_Red_Squirrel	4301117689167984	4301117689167985
1084	1001434	Item_Flying_Squirrel	4301126279102576	4301126279102577
1085	1001488	Item_Mole	4301358207336560	4301358207336561
1086	1001850	Item_Meerkat	4302912985497712	4302912985497713
1087	1001784	Item_Baby_Hedgehog	4302629517656176	4302629517656177
1088	1001865	Item_Giant_Salamander	4302977410007152	4302977410007153
1089	1001866	Item_Salamander	4302981704974448	4302981704974449
1090	1001867	Item_Axolotl	4302985999941744	4302985999941745
1091	1001868	Item_Goanna	4302990294909040	4302990294909041
1092	1001869	Item_Iguana	4302994589876336	4302994589876337
1093	1001298	Item_Chameleon	4300542163550320	4300542163550321
1094	1001870	Item_Hila_Lizard	4302998884843632	4302998884843633
1095	1001872	Item_Frilled_Lizard	4303007474778224	4303007474778225
1096	1001775	Item_BlueJay	4302590862950512	4302590862950513
1097	1001779	Item_Sparrow	4302608042819696	4302608042819697
1098	1001780	Item_Oriole	4302612337786992	4302612337786993
1099	1001781	Item_Snowy_Plover	4302616632754288	4302616632754289
1100	1001782	Item_Bunting_Bird	4302620927721584	4302620927721585
1101	1001851	Item_BlackTail_Flycatcher	4302917280465008	4302917280465009
1102	1001852	Item_Oxpecker	4302921575432304	4302921575432305
1103	1001855	Item_Wood_Pecker	4302934460334192	4302934460334193
1104	1001856	Item_WhiteWing_Flycatcher	4302938755301488	4302938755301489
1105	1002853	Item_Longtailedtit	4307220837695600	4307220837695601
1106	1001245	Item_dragonfly	4300314530283632	4300314530283633
1107	1000583	Item_DiademSpider	4297471261933680	4297471261933681
1108	1002082	Item_Silkworm_Moth	4303909417910384	4303909417910385
1109	1002083	Item_Luna_Moth	4303913712877680	4303913712877681
1110	1000020	Item_Eastern_Tiger_Swallowtail	4295053195346032	4295053195346033
1111	1000025	Item_Ornythion_Swallowtail	4295074670182512	4295074670182513
1112	1000055	Item_Polydamas_Swallowtail	4295203519201392	4295203519201393
1113	1000056	Item_Zebra_Swallowtail	4295207814168688	4295207814168689
1114	1000694	Item_Zebra_Heliconian	4297948003303536	4297948003303537
1115	1001933	Item_Kallima_Inachus	4303269467783280	4303269467783281
1116	1001919	Item_Common_Nawab	4303209338241136	4303209338241137
1117	1001917	Item_Purple_Emperor	4303200748306544	4303200748306545
1118	1001929	Item_Colias_Nastes	4303252287914096	4303252287914097
1119	1001007	Item_Malachite	4299292328067184	4299292328067185
1120	1001932	Item_Myscelia_Ethusa	4303265172815984	4303265172815985
1121	1000223	Item_Blue_Copper	4295925073707120	4295925073707121
1122	1000227	Item_Eastern_Tailed_Blue	4295942253576304	4295942253576305
1123	1000254	Item_Theona_Checkerspot	4296058217693296	4296058217693297
1124	1000561	Item_Little_Metalmark	4297376772653168	4297376772653169
1125	1001915	Item_Guava_Skipper	4303192158371952	4303192158371953
1126	1001918	Item_Blue_Pansy_Butterfly	4303205043273840	4303205043273841
1127	1000147	Item_Great_Purple_Hairstreak	4295598656192624	4295598656192625
1128	1000035	Item_Spicebush_Swallowtail	4295117619855472	4295117619855473
1129	1000042	Item_Pipevine_Swallowtail	4295147684626544	4295147684626545
1130	1001292	Item_Firefly	4300516393746544	4300516393746545
1131	1000680	Item_GrassHopper	4297887873761392	4297887873761393
1132	1001859	Item_Bee	4302951640203376	4302951640203377
1133	1001860	Item_Hornet	4302955935170672	4302955935170673
1134	1001861	Item_Bumblebee	4302960230137968	4302960230137969
1135	1001006	Item_Banded_Peacock	4299288033099888	4299288033099889
1136	1001920	Item_Common_Green_Birdwing	4303213633208432	4303213633208433
1137	1001307	Item_JijeongLeaf_Insect	4300580818255984	4300580818255985
1138	1001794	Item_WaterStrider	4302672467329136	4302672467329137
1139	1001231	Item_House_Centipede	4300254400741488	4300254400741489
1140	1000145	Item_White_M_Hairstreak	4295590066258032	4295590066258033
1141	1001930	Item_Hypaurotis_Crysalus	4303256582881392	4303256582881393
1142	1000222	Item_Lustrous_Copper	4295920778739824	4295920778739825
1143	1001237	Item_Butterfly	4300280170545264	4300280170545265
1144	1000075	Item_Checkered_White	4295289418547312	4295289418547313
1145	1001238	Item_Gnat	4300284465512560	4300284465512561
1146	1001323	Item_GnatWide	4300649537732720	4300649537732721
1147	1000226	Item_Grizzled_Skipper	4295937958609008	4295937958609009
1148	1001914	Item_Little_Wood_Satyr	4303187863404656	4303187863404657
1149	1001928	Item_Neophasia_Terlooii	4303247992946800	4303247992946801
1150	1001244	Item_Moth	4300310235316336	4300310235316337
1151	1001005	Item_White_Peacock	4299283738132592	4299283738132593
1152	1001065	Item_Painted_Lady	4299541436170352	4299541436170353
1153	1001921	Item_88_Butterfly	4303217928175728	4303217928175729
1154	1000079	Item_Orange_Barred_Sulphur	4295306598416496	4295306598416497
1155	1000126	Item_Desert_Orange_tip	4295508461879408	4295508461879409
1156	1001931	Item_Lycaena_Phlaeas	4303260877848688	4303260877848689
1157	1001004	Item_Crimson_Patch	4299279443165296	4299279443165297
1158	1001882	Item_Red_Spotted_Purple	4303050424451184	4303050424451185
1159	1000883	Item_Regal_Fritillary	4298759752122480	4298759752122481
1160	1001003	Item_Diana_Fritillary	4299275148198000	4299275148198001
1161	1000172	Item_Common_Buckeye	4295706030375024	4295706030375025
1162	1000213	Item_Eastern_Comma	4295882124034160	4295882124034161
1163	1001008	Item_Rusty_Tipped_Page	4299296623034480	4299296623034481
1164	1000119	Item_Sleepy_Orange	4295478397108336	4295478397108337
1165	1001913	Item_Ruddy_Daggerwing	4303183568437360	4303183568437361
1166	1000185	Item_Milbert_Tortoiseshell	4295761864949872	4295761864949873
1167	1000797	Item_Tiger_Mimic_Queen	4298390384935024	4298390384935025
1168	1001253	Item_Viceroy	4300348890022000	4300348890022001
1169	1001254	Item_Monarch	4300353184989296	4300353184989297
1170	1001239	Item_Cockroach	4300288760479856	4300288760479857
1171	1001198	Item_Camel_Cricket	4300112666820720	4300112666820721
1172	1001243	Item_Sea_Siater	4300305940349040	4300305940349041
1173	1002085	Item_Jewel_Beetle	4303922302812272	4303922302812273
1174	1001741	Item_Snail	4302444834062448	4302444834062449
1175	1000582	Item_BananaSpider	4297466966966384	4297466966966385
1176	1002095	Item_Beetle	4303965252485232	4303965252485233
1177	1002081	Item_Stag_Beetle	4303905122943088	4303905122943089
1178	1002084	Item_Longhorn_Beetle	4303918007844976	4303918007844977
1179	1001421	Item_Rhinoceros_Beetle	4301070444527728	4301070444527729
1180	1001134	scorpion	4299837788913776	4299837788913777
1181	1001312	Spider	4300602293092464	4300602293092465
1182	1001135	centipede	4299842083881072	4299842083881073
1183	1001233	Item_Black_Centipede	4300262990676080	4300262990676081
1184	1001154	frog	4299923688259696	4299923688259697
1185	1001155	greenfrog	4299927983226992	4299927983226993
1186	1001156	toad	4299932278194288	4299932278194289
1187	1001157	burrowingtoad	4299936573161584	4299936573161585
1188	751103	Rosemary	3225962820927600	3225962820927601
1189	751107	Lavender	3225980000796784	3225980000796785
1190	751106	Rosemary_yellow	3225975705829488	3225975705829489
1191	751110	Lavender_yellow	3225992885698672	3225992885698673
1192	757012	Cotton	3251341782679664	3251341782679665
1193	757013	Dendrobium_Flower	3251346077646960	3251346077646961
1194	756804	WhiteHair_Root	3250448429482096	3250448429482097
1195	751105	Rosemary_white	3225971410862192	3225971410862193
1196	751109	Lavender_white	3225988590731376	3225988590731377
1197	756802	ThiefWand_Flower	3250439839547504	3250439839547505
1198	757006	Peony	3251316012875888	3251316012875889
1199	751104	Rosemary_pink	3225967115894896	3225967115894897
1200	757007	Begonia	3251320307843184	3251320307843185
1201	757011	FoxBean_Flower	3251337487712368	3251337487712369
1202	757002	Marigold	3251298833006704	3251298833006705
1203	756803	Haasam	3250444134514800	3250444134514801
1204	757004	SnapDragon	3251307422941296	3251307422941297
1205	751108	Lavender_blue	3225984295764080	3225984295764081
1206	1000663	Short_Horn	4297814859317360	4297814859317361
1207	1000142	Possesion_Insam	4295577181356144	4295577181356145
1208	1000579	Bear_Bile	4297454082064496	4297454082064497
1209	756518	Deer_Antler	3249220068835440	3249220068835441
1210	751122	Croton	3226044425306224	3226044425306225
1211	757010	Bell_Flower	3251333192745072	3251333192745073
1212	757009	Pansy	3251328897777776	3251328897777777
1213	1001705	Oleander	4302290215239792	4302290215239793
1214	756901	Chickadee	3250865041309808	3250865041309809
1215	754004	Spider_Poison	3238422521053296	3238422521053297
1216	754062	Acid_Spider_Poison	3238671629156464	3238671629156465
1217	751123	Croton_Red	3226048720273520	3226048720273521
1218	777001	Gold_Apple	3337193883959408	3337193883959409
1219	1001252	GoldenGoose_Egg	4300344595054704	4300344595054705
1220	22009	HolyWater	94527935217776	94527935217777
1221	1000476	High_HolyWater	4297011700433008	4297011700433009
1222	756701	Umbrella_Mushroom	3250006047850608	3250006047850609
1223	756703	RedDeerHorn_Mushroom	3250014637785200	3250014637785201
1224	1000689	Stone_Quarry	4297926528467056	4297926528467057
1225	1000555	Fine_Stone	4297351002849392	4297351002849393
1226	1000610	Premium_Stone	4297587226050672	4297587226050673
1227	1000541	Item_Rare_Collect_Stalactites	4297290873307248	4297290873307249
1228	720001	IronStone	3092380748087408	3092380748087409
1229	720004	CopperOre	3092393632989296	3092393632989297
1230	720002	SilverOre	3092385043054704	3092385043054705
1231	721505	RedStone	3098840378900592	3098840378900593
1232	720003	GoldOre	3092389338022000	3092389338022001
1233	721506	WhiteStone	3098844673867888	3098844673867889
1234	720010	BismuthOre	3092419402793072	3092419402793073
1235	1000538	Item_Rare_Collect_SulfurStone	4297277988405360	4297277988405361
1236	1000543	Item_Rare_Collect_Mercury	4297299463241840	4297299463241841
1237	1000544	Item_Rare_Collect_Rubber	4297303758209136	4297303758209137
1238	1002870	Item_Rare_Collect_Platinum	4307293852139632	4307293852139633
1239	721501	Ruby	3098823199031408	3098823199031409
1240	721503	BlueStone	3098831788966000	3098831788966001
1241	721502	GreenStone	3098827493998704	3098827493998705
1242	721504	Diamond	3098836083933296	3098836083933297
1243	710001	Wood	3049431075127408	3049431075127409
1244	1000081	Fine_Wood	4295315188351088	4295315188351089
1245	1000489	Premium_Wood	4297067535007856	4297067535007857
1246	1004459	Wood_Branch_Usable	4314118555172976	4314118555172977
1247	1004461	Bamboo_Branch_Usable	4314127145107568	4314127145107569
1248	1004460	Wood_Branch_Hard_Usable	4314122850140272	4314122850140273
1249	1004462	Bamboo_Branch_Hard_Usable	4314131440074864	4314131440074865
1250	1004463	Wood_Branch_WildSpirit	4314135735042160	4314135735042161
1251	740001	Leather	3178280094007408	3178280094007409
1252	740002	Deer_Leather	3178284388974704	3178284388974705
1253	740004	Bear_Leather	3178292978909296	3178292978909297
1254	740003	Wolf_Leather	3178288683942000	3178288683942001
1255	740005	Crocodile_Skin	3178297273876592	3178297273876593
1256	754006	Spider_Web	3238431110987888	3238431110987889
1257	700001	Clout	3006481402167408	3006481402167409
1258	1001117	Wool	4299764774469744	4299764774469745
1259	1000659	Feather	4297797679448176	4297797679448177
1260	1000265	Harpy_Feather	4296105462333552	4296105462333553
1261	795009	Animal_Bone	3414537655025776	3414537655025777
1262	1000853	Fang	4298630903103600	4298630903103601
1263	1000660	Large_Bone	4297801974415472	4297801974415473
1264	1000662	Ivory	4297810564350064	4297810564350065
1265	30010	Gun_Powder	128891968553072	128891968553073
1266	790002	Empty_Bottle	3393032753774704	3393032753774705
1267	752021	High_Meat	3229905600905328	3229905600905329
1268	1000963	Meat_I	4299103349506160	4299103349506161
1269	1000964	Meat_II	4299107644473456	4299107644473457
1270	1000965	Meat_III	4299111939440752	4299111939440753
1271	1000966	Meat_IV	4299116234408048	4299116234408049
1272	1000633	Bird_Meat	4297686010298480	4297686010298481
1273	1000717	Chicken_Meat	4298046787551344	4298046787551345
1274	1001569	Lentils	4301706099687536	4301706099687537
1275	1001706	peas	4302294510207088	4302294510207089
1276	750004	Bean	3221242651869296	3221242651869297
1277	1001670	Barley	4302139891384432	4302139891384433
1278	750002	Wheat	3221234061934704	3221234061934705
1279	1000469	Buckwheat	4296981635661936	4296981635661937
1280	750019	Corn	3221307076378736	3221307076378737
1281	750018	Oats	3221302781411440	3221302781411441
1282	751128	Rasberry	3226070195110000	3226070195110001
1283	1001672	Elderberry	4302148481319024	4302148481319025
1284	751134	Blackberry	3226095964913776	3226095964913777
1285	751127	Blueberry	3226065900142704	3226065900142705
1286	1001673	Pomegranate	4302152776286320	4302152776286321
1287	1001674	Figs	4302157071253616	4302157071253617
1288	750030	Peach	3221354321018992	3221354321018993
1289	750035	Tomato	3221375795855472	3221375795855473
1290	750006	Apple	3221251241803888	3221251241803889
1291	1001671	Strawberry	4302144186351728	4302144186351729
1292	750008	Grape	3221259831738480	3221259831738481
1293	750025	Orange	3221332846182512	3221332846182513
1294	1001675	Pineapple	4302161366220912	4302161366220913
1295	751118	Desert_Watermelon	3226027245437040	3226027245437041
1296	1001676	Coffee	4302165661188208	4302165661188209
1297	1001677	Cacao	4302169956155504	4302169956155505
1298	750024	Onion	3221328551215216	3221328551215217
1299	751112	Ama	3226001475633264	3226001475633265
1300	1001566	Cucumber	4301693214785648	4301693214785649
1301	1001567	Navet	4301697509752944	4301697509752945
1302	1001568	Redbeet	4301701804720240	4301701804720241
1303	751111	Garlic	3225997180665968	3225997180665969
1304	751132	Potato	3226087374979184	3226087374979185
1305	751133	SweetPotato	3226091669946480	3226091669946481
1306	1000565	Pumpkin	4297393952522352	4297393952522353
1307	1000564	Cabbage	4297389657555056	4297389657555057
1308	1001570	Parsley	4301710394654832	4301710394654833
1309	750003	Carrot	3221238356902000	3221238356902001
1310	1001190	Victorialis	4300078307082352	4300078307082353
1311	1001187	Asparagus	4300065422180464	4300065422180465
1312	1001668	Fennel	4302131301449840	4302131301449841
1313	1000518	Item_Rare_Collect_RazorClam	4297192089059440	4297192089059441
1314	1001892	Item_Chocolate	4303093374124144	4303093374124145
1315	1000398	Item_Rare_Collect_Chaya	4296676692983920	4296676692983921
1316	1000396	Item_Rare_Collect_Ensete	4296668103049328	4296668103049329
1317	1002080	Item_Rare_Collect_chlorella	4303900827975792	4303900827975793
1318	1001330	Item_Rare_Collect_jijeongta_leaf	4300679602503792	4300679602503793
1319	1000750	Item_Rare_Collect_Kudzu	4298188521472112	4298188521472113
1320	1000642	Item_Rare_Collect_Dulse	4297724665004144	4297724665004145
1321	1000400	Item_Rare_Collect_amaranth	4296685282918512	4296685282918513
1322	1000397	Item_Rare_Collect_opuntia	4296672398016624	4296672398016625
1323	1002090	Item_Rare_Collect_Taro	4303943777648752	4303943777648753
1324	10033	Honey	43091406880880	43091406880881
1325	756512	HoneyComb	3249194299031664	3249194299031665
1326	750041	Stone_Honey	3221401565659248	3221401565659249
1327	750040	Wild_Honey	3221397270691952	3221397270691953
1328	751004	Ssari_Mushroom	3225537619165296	3225537619165297
1329	756604	Pyogo_Mushroom	3249589436022896	3249589436022897
1330	756601	Songyi_Mushroom	3249576551121008	3249576551121009
1331	755015	Egg	3242764732989552	3242764732989553
1332	21018	Milk	90271622627440	90271622627441
1333	750049	Cheese	3221435925397616	3221435925397617
1334	750009	Acorn	3221264126705776	3221264126705777
1335	752001	Salt	3229819701559408	3229819701559409
1336	752003	Sugar	3229828291494000	3229828291494001
1337	22008	Water	94523640250480	94523640250481
1338	752005	Cooking_Oil	3229836881428592	3229836881428593
1339	1001241	Food_Ricefish	4300297350414448	4300297350414449
1340	29801	Food_Blackbrow_Bleak	127994320388208	127994320388209
1341	29802	Food_BaliOgluChub	127998615355504	127998615355505
1342	29803	Food_Schneider	128002910322800	128002910322801
1343	29804	Food_Sammy	128007205290096	128007205290097
1344	29805	Food_Beyaz	128011500257392	128011500257393
1345	29810	Food_Mudfish	128032975093872	128032975093873
1346	29601	Food_Dover_Sole	127135326929008	127135326929009
1347	29609	Food_Mackerel	127169686667376	127169686667377
1348	1002110	Food_Benjari	4304029676994672	4304029676994673
1349	29809	Food_Tenchi	128028680126576	128028680126577
1350	29815	Food_Perch	128054449930352	128054449930353
1351	29816	Food_Bass_I	128058744897648	128058744897649
1352	29817	Food_Bass_II	128063039864944	128063039864945
1353	29818	Food_Ssogari	128067334832240	128067334832241
1354	29819	Food_Crucian_Carp	128071629799536	128071629799537
1355	29806	Food_Pikefish	128015795224688	128015795224689
1356	29811	Food_Catfish	128037270061168	128037270061169
1357	29808	Food_Carp	128024385159280	128024385159281
1358	29812	Food_Lenok	128041565028464	128041565028465
1359	29813	Food_Burbot	128045859995760	128045859995761
1360	29603	Food_Salmon	127143916863600	127143916863601
1361	29605	Food_Sockeye_Salmon	127152506798192	127152506798193
1362	29807	Food_Trout	128020090191984	128020090191985
1363	29814	Food_Eel	128050154963056	128050154963057
1364	29607	Food_Red_Snapper	127161096732784	127161096732785
1365	29602	Food_Red_Seabream	127139621896304	127139621896305
1366	29606	Food_BlackSeaBream	127156801765488	127156801765489
1367	29608	Food_Rock_Bream	127165391700080	127165391700081
1368	29617	Food_Cuvier	127204046405744	127204046405745
1369	29604	Food_Sturgeon	127148211830896	127148211830897
1370	29505	Food_GiantMudfish	126723010068592	126723010068593
1371	29504	Food_RedSnapper	126718715101296	126718715101297
1372	29511	Food_LightCrotch	126748779872368	126748779872369
1373	29503	Food_GiantRedSeaBream	126714420134000	126714420134001
1374	29612	Food_Marlin	127182571569264	127182571569265
1375	29513	Food_LightningEel	126757369806960	126757369806961
1376	29501	Food_SpatulaSturgeon	126705830199408	126705830199409
1377	29502	Food_SevenStarShark	126710125166704	126710125166705
1378	29506	Food_Sailfish	126727305035888	126727305035889
1379	29507	Food_GoldTenchi	126731600003184	126731600003185
1380	29509	Food_GoldCarp	126740189937776	126740189937777
1381	1001293	Food_Golden_Coelacanth	4300520688713840	4300520688713841
1382	29508	Food_Coelacanth	126735894970480	126735894970481
1383	29820	Food_MechanicFish	128075924766832	128075924766833
1384	1001952	Food_HexeFish	4303351072161904	4303351072161905
1385	1000730	Food_Fish_Meat	4298102622126192	4298102622126193
1386	1000431	Item_Rare_Collect_RazorClam_01	4296818426904688	4296818426904689
1387	1000875	Food_BlueCrab	4298725392384112	4298725392384113
1388	1001242	Food_river_Crab	4300301645381744	4300301645381745
1389	29821	Food_Crayfish	128080219734128	128080219734129
1390	29616	Food_Squid	127199751438448	127199751438449
1391	29615	Food_Starfish	127195456471152	127195456471153
1392	29613	Food_Seahorse	127186866536560	127186866536561
1393	1000754	Food_Shrimp	4298205701341296	4298205701341297
1394	1000669	Food_CookFailed	4297840629121136	4297840629121137
1395	1000709	Food_DrinkFailed	4298012427812976	4298012427812977
1396	1001957	Food_Dried_Fish	4303372546998384	4303372546998385
1397	1000974	Jerky_Pieces	4299150594146416	4299150594146417
1398	21019	Jerky	90275917594736	90275917594737
1399	28901	Bread	124128849821808	124128849821809
1400	22007	Beer	94519345283184	94519345283185
1401	28917	Banana_Bread	124197569298544	124197569298545
1402	1002495	Item_BackPackChocolate	4305683239403632	4305683239403633
1403	1003503	Kimbap_XLarge	4310012566438000	4310012566438001
1404	1003504	Kimbap_Large	4310016861405296	4310016861405297
1405	1003530	Meat_Fish_Vegetable_Egg_XLarge	4310128530554992	4310128530554993
1406	1003533	Sinseollo_XLarge	4310141415456880	4310141415456881
1407	1003485	Gungjung_Tteokbokki_XLarge	4309935257026672	4309935257026673
1408	1003515	Beef_Bone_Soup_XLarge	4310064106045552	4310064106045553
1409	1003518	BoiledPork_XLarge	4310076990947440	4310076990947441
1410	1003488	Tteokgalbi_XLarge	4309948141928560	4309948141928561
1411	1003491	Jeonju_Bibimbap_XLarge	4309961026830448	4309961026830449
1412	1003512	Meat_Fish_Fruit_Sanjeok_XLarge	4310051221143664	4310051221143665
1413	1003542	SamGyeTang_XLarge	4310180070162544	4310180070162545
1414	1003536	Fish_Stew_XLarge	4310154300358768	4310154300358769
1415	1003506	Meat_Fish_Grain_Sanjeok_XLarge	4310025451339888	4310025451339889
1416	1003509	Nureumjeok_XLarge	4310038336241776	4310038336241777
1417	1003437	Japchae_XLarge	4309729098596464	4309729098596465
1418	1003539	Fish_Soup_XLarge	4310167185260656	4310167185260657
1419	1003416	Vegetable_Fruit_Porridge_XLarge	4309638904283248	4309638904283249
1420	1003505	Kimbap_Medium	4310021156372592	4310021156372593
1421	1003473	Pan_fried_Fish_Grain_Pancake_XLarge	4309883717419120	4309883717419121
1422	1003497	Fish_Bulgogi_XLarge	4309986796634224	4309986796634225
1423	1003500	Full_Course_of_Braised_Fish_XLarge	4309999681536112	4309999681536113
1424	1003531	Meat_Fish_Vegetable_Egg_Large	4310132825522288	4310132825522289
1425	1003534	Sinseollo_Large	4310145710424176	4310145710424177
1426	1003486	Gungjung_Tteokbokki_Large	4309939551993968	4309939551993969
1427	1003516	Beef_Bone_Soup_Large	4310068401012848	4310068401012849
1428	1003519	BoiledPork_Large	4310081285914736	4310081285914737
1429	1003489	Tteokgalbi_Large	4309952436895856	4309952436895857
1430	1003492	Jeonju_Bibimbap_Large	4309965321797744	4309965321797745
1431	1002065	Kimbap	4303836403466352	4303836403466353
1432	1003513	Meat_Fish_Fruit_Sanjeok_Large	4310055516110960	4310055516110961
1433	1003543	SamGyeTang_Large	4310184365129840	4310184365129841
1434	1003537	Fish_Stew_Large	4310158595326064	4310158595326065
1435	1003507	Meat_Fish_Grain_Sanjeok_Large	4310029746307184	4310029746307185
1436	1003510	Nureumjeok_Large	4310042631209072	4310042631209073
1437	1003482	DeerAntler_Soup_XLarge	4309922372124784	4309922372124785
1438	1003527	Haemuljjim_XLarge	4310115645653104	4310115645653105
1439	1003438	Japchae_Large	4309733393563760	4309733393563761
1440	1003458	Pan_fried_Meat_Grain_Pancake_XLarge	4309819292909680	4309819292909681
1441	1003521	Fish_Fruit_Porridge_XLarge	4310089875849328	4310089875849329
1442	1003540	Fish_Soup_Large	4310171480227952	4310171480227953
1443	1003417	Vegetable_Fruit_Porridge_Large	4309643199250544	4309643199250545
1444	1003428	Pan_fried_Meat_Fruit_Pancake_XLarge	4309690443890800	4309690443890801
1445	1003440	Braised_Meat_Fish_XLarge	4309741983498352	4309741983498353
1446	1003476	Seafood_Soup_XLarge	4309896602321008	4309896602321009
1447	1003455	Pan_fried_Meat_Vegetable_Pancake_XLarge	4309806408007792	4309806408007793
1448	1003461	Braised_Meat_Vegetable_XLarge	4309832177811568	4309832177811569
1449	1003467	Meat_Vegetable_Porridge_XLarge	4309857947615344	4309857947615345
1450	1003470	Meat_Fish_Porridge_XLarge	4309870832517232	4309870832517233
1451	1003474	Pan_fried_Fish_Grain_Pancake_Large	4309888012386416	4309888012386417
1452	1003524	Pan_fried_Fish_Fruit_Pancake_XLarge	4310102760751216	4310102760751217
1453	1003419	Meat_Fruit_Porridge_XLarge	4309651789185136	4309651789185137
1454	1003443	Pan_fried_Fish_Vegetable_Pancake_XLarge	4309754868400240	4309754868400241
1455	1003449	Meat_Fish_Sanjeok_XLarge	4309780638204016	4309780638204017
1456	1003498	Fish_Bulgogi_Large	4309991091601520	4309991091601521
1457	1003501	Full_Course_of_Braised_Fish_Large	4310003976503408	4310003976503409
1458	1003452	Pan_fried_Vegetable_Grain_Pancake_XLarge	4309793523105904	4309793523105905
1459	1003464	Fish_Porridge_XLarge	4309845062713456	4309845062713457
1460	1003479	Fish_Vegetable_Porridge_XLarge	4309909487222896	4309909487222897
1461	1003532	Meat_Fish_Vegetable_Egg_Medium	4310137120489584	4310137120489585
1462	1003535	Sinseollo_Medium	4310150005391472	4310150005391473
1463	1003410	Pan_fried_Vegetable_Fruit_Pancake_XLarge	4309613134479472	4309613134479473
1464	1003413	Pan_fried_Fruit_Grain_Pancake_XLarge	4309626019381360	4309626019381361
1465	1003446	Pan_fried_Meat_Fish_Pancake_XLarge	4309767753302128	4309767753302129
1466	1003487	Gungjung_Tteokbokki_Medium	4309943846961264	4309943846961265
1467	1003517	Beef_Bone_Soup_Medium	4310072695980144	4310072695980145
1468	1003520	BoiledPork_Medium	4310085580882032	4310085580882033
1469	1003490	Tteokgalbi_Medium	4309956731863152	4309956731863153
1470	1003493	Jeonju_Bibimbap_Medium	4309969616765040	4309969616765041
1471	1003494	Braised_Fish_Vegetable_XLarge	4309973911732336	4309973911732337
1472	1003514	Meat_Fish_Fruit_Sanjeok_Medium	4310059811078256	4310059811078257
1473	1003544	SamGyeTang_Medium	4310188660097136	4310188660097137
1474	1003538	Fish_Stew_Medium	4310162890293360	4310162890293361
1475	1003508	Meat_Fish_Grain_Sanjeok_Medium	4310034041274480	4310034041274481
1476	1003511	Nureumjeok_Medium	4310046926176368	4310046926176369
1477	1003483	DeerAntler_Soup_Large	4309926667092080	4309926667092081
1478	1003528	Haemuljjim_Large	4310119940620400	4310119940620401
1479	1003439	Japchae_Medium	4309737688531056	4309737688531057
1480	1003459	Pan_fried_Meat_Grain_Pancake_Large	4309823587876976	4309823587876977
1481	1003522	Fish_Fruit_Porridge_Large	4310094170816624	4310094170816625
1482	1003541	Fish_Soup_Medium	4310175775195248	4310175775195249
1483	1003418	Vegetable_Fruit_Porridge_Medium	4309647494217840	4309647494217841
1484	1003429	Pan_fried_Meat_Fruit_Pancake_Large	4309694738858096	4309694738858097
1485	1003441	Braised_Meat_Fish_Large	4309746278465648	4309746278465649
1486	1003477	Seafood_Soup_Large	4309900897288304	4309900897288305
1487	1003456	Pan_fried_Meat_Vegetable_Pancake_Large	4309810702975088	4309810702975089
1488	1003462	Braised_Meat_Vegetable_Large	4309836472778864	4309836472778865
1489	1003468	Meat_Vegetable_Porridge_Large	4309862242582640	4309862242582641
1490	1003471	Meat_Fish_Porridge_Large	4309875127484528	4309875127484529
1491	1003475	Pan_fried_Fish_Grain_Pancake_Medium	4309892307353712	4309892307353713
1492	1003525	Pan_fried_Fish_Fruit_Pancake_Large	4310107055718512	4310107055718513
1493	1002058	Meat_Fish_Vegetable_Egg	4303806338695280	4303806338695281
1494	1002060	Sinseollo	4303814928629872	4303814928629873
1495	1003420	Meat_Fruit_Porridge_Large	4309656084152432	4309656084152433
1496	1003444	Pan_fried_Fish_Vegetable_Pancake_Large	4309759163367536	4309759163367537
1497	1003450	Meat_Fish_Sanjeok_Large	4309784933171312	4309784933171313
1498	1002061	Gungjung_Tteokbokki	4303819223597168	4303819223597169
1499	1003499	Fish_Bulgogi_Medium	4309995386568816	4309995386568817
1500	1003502	Full_Course_of_Braised_Fish_Medium	4310008271470704	4310008271470705
1501	1003401	Meat_Porridge_XLarge	4309574479773808	4309574479773809
1502	1003453	Pan_fried_Vegetable_Grain_Pancake_Large	4309797818073200	4309797818073201
1503	1003465	Fish_Porridge_Large	4309849357680752	4309849357680753
1504	1003480	Fish_Vegetable_Porridge_Large	4309913782190192	4309913782190193
1505	1002062	Beef_Bone_Soup	4303823518564464	4303823518564465
1506	1000623	BoiledPork	4297643060625520	4297643060625521
1507	1003411	Pan_fried_Vegetable_Fruit_Pancake_Large	4309617429446768	4309617429446769
1508	1003414	Pan_fried_Fruit_Grain_Pancake_Large	4309630314348656	4309630314348657
1509	1003447	Pan_fried_Meat_Fish_Pancake_Large	4309772048269424	4309772048269425
1510	1000015	Tteokgalbi	4295031720509552	4295031720509553
1511	1002064	Jeonju_Bibimbap	4303832108499056	4303832108499057
1512	1002056	Meat_Fish_Fruit_Sanjeok	4303797748760688	4303797748760689
1513	25913	SamGyeTang	111295487541360	111295487541361
1514	1002068	Fish_Stew	4303849288368240	4303849288368241
1515	1003495	Braised_Fish_Vegetable_Large	4309978206699632	4309978206699633
1516	1002057	Meat_Fish_Grain_Sanjeok	4303802043727984	4303802043727985
1517	1002059	Nureumjeok	4303810633662576	4303810633662577
1518	1003484	DeerAntler_Soup_Medium	4309930962059376	4309930962059377
1519	1003404	Vegetable_Porridge_XLarge	4309587364675696	4309587364675697
1520	1003407	Fruit_Porridge_XLarge	4309600249577584	4309600249577585
1521	1003529	Haemuljjim_Medium	4310124235587696	4310124235587697
1522	1002070	Japchae	4303857878302832	4303857878302833
1523	1003460	Pan_fried_Meat_Grain_Pancake_Medium	4309827882844272	4309827882844273
1524	1003523	Fish_Fruit_Porridge_Medium	4310098465783920	4310098465783921
1525	1002066	Fish_Soup	4303840698433648	4303840698433649
1526	1002052	Vegetable_Fruit_Porridge	4303780568891504	4303780568891505
1527	1003430	Pan_fried_Meat_Fruit_Pancake_Medium	4309699033825392	4309699033825393
1528	1003442	Braised_Meat_Fish_Medium	4309750573432944	4309750573432945
1529	1003478	Seafood_Soup_Medium	4309905192255600	4309905192255601
1530	1003457	Pan_fried_Meat_Vegetable_Pancake_Medium	4309814997942384	4309814997942385
1531	1003463	Braised_Meat_Vegetable_Medium	4309840767746160	4309840767746161
1532	1003469	Meat_Vegetable_Porridge_Medium	4309866537549936	4309866537549937
1533	1003472	Meat_Fish_Porridge_Medium	4309879422451824	4309879422451825
1534	1002051	Pan_fried_Fish_Grain_Pancake	4303776273924208	4303776273924209
1535	1003526	Pan_fried_Fish_Fruit_Pancake_Medium	4310111350685808	4310111350685809
1536	1003421	Meat_Fruit_Porridge_Medium	4309660379119728	4309660379119729
1537	1003445	Pan_fried_Fish_Vegetable_Pancake_Medium	4309763458334832	4309763458334833
1538	1003451	Meat_Fish_Sanjeok_Medium	4309789228138608	4309789228138609
1539	1002067	Fish_Bulgogi	4303844993400944	4303844993400945
1540	1002069	Full_Course_of_Braised_Fish	4303853583335536	4303853583335537
1541	1003402	Meat_Porridge_Large	4309578774741104	4309578774741105
1542	1003454	Pan_fried_Vegetable_Grain_Pancake_Medium	4309802113040496	4309802113040497
1543	1003466	Fish_Porridge_Medium	4309853652648048	4309853652648049
1544	1003481	Fish_Vegetable_Porridge_Medium	4309918077157488	4309918077157489
1545	1003386	Pan_fried_Meat_Pancake_XLarge	4309510055264368	4309510055264369
1546	1003412	Pan_fried_Vegetable_Fruit_Pancake_Medium	4309621724414064	4309621724414065
1547	1003415	Pan_fried_Fruit_Grain_Pancake_Medium	4309634609315952	4309634609315953
1548	1003448	Pan_fried_Meat_Fish_Pancake_Medium	4309776343236720	4309776343236721
1549	25914	DeerAntler_Soup	111299782508656	111299782508657
1550	1001811	Haemuljjim	4302745481773168	4302745481773169
1551	1003380	Meat_Sanjeok_XLarge	4309484285460592	4309484285460593
1552	1003383	Braised_Meat_XLarge	4309497170362480	4309497170362481
1553	1003398	Roast_Chicken_XLarge	4309561594871920	4309561594871921
1554	1003434	Grilled_Meat_Fish_XLarge	4309716213694576	4309716213694577
1555	1003496	Braised_Fish_Vegetable_Medium	4309982501666928	4309982501666929
1556	1003405	Vegetable_Porridge_Large	4309591659642992	4309591659642993
1557	1003408	Fruit_Porridge_Large	4309604544544880	4309604544544881
1558	1001331	Pan_fried_Meat_Grain_Pancake	4300683897471088	4300683897471089
1559	1001748	Fish_Fruit_Porridge	4302474898833520	4302474898833521
1560	1002886	Roast_Fish_XLarge	4307362571616368	4307362571616369
1561	1003374	Grilled_Big_Fish_XLarge	4309458515656816	4309458515656817
1562	1003377	Pan_fried_Grain_Pancake_XLarge	4309471400558704	4309471400558705
1563	1003392	Pan_fried_Vegetable_Pancake_XLarge	4309535825068144	4309535825068145
1564	1001230	Pan_fried_Meat_Fruit_Pancake	4300250105774192	4300250105774193
1565	1003431	Pan_fried_Fish_Pancake_XLarge	4309703328792688	4309703328792689
1566	1001223	Braised_Meat_Fish	4300220041003120	4300220041003121
1567	1001808	Seafood_Soup	4302732596871280	4302732596871281
1568	1001228	Pan_fried_Meat_Vegetable_Pancake	4300241515839600	4300241515839601
1569	1001226	Braised_Meat_Vegetable	4300232925905008	4300232925905009
1570	1001227	Meat_Vegetable_Porridge	4300237220872304	4300237220872305
1571	1001224	Meat_Fish_Porridge	4300224335970416	4300224335970417
1572	1002050	Pan_fried_Fish_Fruit_Pancake	4303771978956912	4303771978956913
1573	1003422	Fish_Sanjeok_XLarge	4309664674087024	4309664674087025
1574	1003425	Braised_Fish_XLarge	4309677558988912	4309677558988913
1575	1001229	Meat_Fruit_Porridge	4300245810806896	4300245810806897
1576	1001334	Pan_fried_Fish_Vegetable_Pancake	4300696782372976	4300696782372977
1577	1001222	Meat_Fish_Sanjeok	4300215746035824	4300215746035825
1578	1003403	Meat_Porridge_Medium	4309583069708400	4309583069708401
1579	1002054	Pan_fried_Vegetable_Grain_Pancake	4303789158826096	4303789158826097
1580	1001214	Fish_Porridge	4300181386297456	4300181386297457
1581	1001333	Fish_Vegetable_Porridge	4300692487405680	4300692487405681
1582	1003368	Freshly_Grilled_Squid_XLarge	4309432745853040	4309432745853041
1583	1003371	Grilled_Fish_XLarge	4309445630754928	4309445630754929
1584	1003387	Pan_fried_Meat_Pancake_Large	4309514350231664	4309514350231665
1585	1002053	Pan_fried_Vegetable_Fruit_Pancake	4303784863858800	4303784863858801
1586	1002055	Pan_fried_Fruit_Grain_Pancake	4303793453793392	4303793453793393
1587	1001225	Pan_fried_Meat_Fish_Pancake	4300228630937712	4300228630937713
1588	1001160	Grilled_Meat_XLarge	4299949458063472	4299949458063473
1589	1003375	Grilled_Big_Fish_Large	4309462810624112	4309462810624113
1590	1003381	Meat_Sanjeok_Large	4309488580427888	4309488580427889
1591	1003384	Braised_Meat_Large	4309501465329776	4309501465329777
1592	1003399	Roast_Chicken_Large	4309565889839216	4309565889839217
1593	1003435	Grilled_Meat_Fish_Large	4309720508661872	4309720508661873
1594	1001332	Braised_Fish_Vegetable	4300688192438384	4300688192438385
1595	1003406	Vegetable_Porridge_Medium	4309595954610288	4309595954610289
1596	1003409	Fruit_Porridge_Medium	4309608839512176	4309608839512177
1597	1000991	Baked_Egg_XLarge	4299223608590448	4299223608590449
1598	1001817	Freshly_Grilled_Bird_XLarge	4302771251576944	4302771251576945
1599	1002657	Freshly_Grilled_Crab_XLarge	4306379024105584	4306379024105585
1600	1002883	Grilled_Small_Fish_XLarge	4307349686714480	4307349686714481
1601	1002892	Roast_Fish_Large	4307388341420144	4307388341420145
1602	1003378	Pan_fried_Grain_Pancake_Large	4309475695526000	4309475695526001
1603	1003393	Pan_fried_Vegetable_Pancake_Large	4309540120035440	4309540120035441
1604	1003432	Pan_fried_Fish_Pancake_Large	4309707623759984	4309707623759985
1605	1000656	Meat_Porridge	4297784794546288	4297784794546289
1606	1000029	Rice_XLarge	4295091850051696	4295091850051697
1607	1003369	Freshly_Grilled_Squid_Large	4309437040820336	4309437040820337
1608	1003372	Grilled_Fish_Large	4309449925722224	4309449925722225
1609	1003376	Grilled_Big_Fish_Medium	4309467105591408	4309467105591409
1610	1003388	Pan_fried_Meat_Pancake_Medium	4309518645198960	4309518645198961
1611	1003423	Fish_Sanjeok_Large	4309668969054320	4309668969054321
1612	1003426	Braised_Fish_Large	4309681853956208	4309681853956209
1613	1001161	Grilled_Meat_Large	4299953753030768	4299953753030769
1614	1003382	Meat_Sanjeok_Medium	4309492875395184	4309492875395185
1615	1003385	Braised_Meat_Medium	4309505760297072	4309505760297073
1616	1003400	Roast_Chicken_Medium	4309570184806512	4309570184806513
1617	1003436	Grilled_Meat_Fish_Medium	4309724803629168	4309724803629169
1618	1001217	Vegetable_Porridge	4300194271199344	4300194271199345
1619	1001219	Fruit_Porridge	4300202861133936	4300202861133937
1620	1000120	Rice_Large	4295482692075632	4295482692075633
1621	1001158	Baked_Egg_Large	4299940868128880	4299940868128881
1622	1001877	Freshly_Grilled_Bird_Large	4303028949614704	4303028949614705
1623	1002880	Freshly_Grilled_Crab_Large	4307336801812592	4307336801812593
1624	1002884	Grilled_Small_Fish_Large	4307353981681776	4307353981681777
1625	1002893	Roast_Fish_Medium	4307392636387440	4307392636387441
1626	1003370	Freshly_Grilled_Squid_Medium	4309441335787632	4309441335787633
1627	1003373	Grilled_Fish_Medium	4309454220689520	4309454220689521
1628	1000463	Grilled_Big_Fish	4296955865858160	4296955865858161
1629	1003379	Pan_fried_Grain_Pancake_Medium	4309479990493296	4309479990493297
1630	1000804	Pan_fried_Meat_Pancake	4298420449706096	4298420449706097
1631	1003394	Pan_fried_Vegetable_Pancake_Medium	4309544415002736	4309544415002737
1632	1003433	Pan_fried_Fish_Pancake_Medium	4309711918727280	4309711918727281
1633	1001165	Grilled_Meat_Medium	4299970932899952	4299970932899953
1634	1000654	Meat_Sanjeok	4297776204611696	4297776204611697
1635	1000655	Braised_Meat	4297780499578992	4297780499578993
1636	27932	Roast_Chicken	119967026511984	119967026511985
1637	1003424	Fish_Sanjeok_Medium	4309673264021616	4309673264021617
1638	1003427	Braised_Fish_Medium	4309686148923504	4309686148923505
1639	1000653	Grilled_Meat_Fish	4297771909644400	4297771909644401
1640	1000470	Rice_Medium	4296985930629232	4296985930629233
1641	1001159	Baked_Egg_Medium	4299945163096176	4299945163096177
1642	1002656	Freshly_Grilled_Bird_Medium	4306374729138288	4306374729138289
1643	1002881	Freshly_Grilled_Crab_Medium	4307341096779888	4307341096779889
1644	1002885	Grilled_Small_Fish_Medium	4307358276649072	4307358276649073
1645	28080	Roast_Fish	120602681671792	120602681671793
1646	1000177	Freshly_Grilled_Squid	4295727505211504	4295727505211505
1647	1000645	Grilled_Fish	4297737549906032	4297737549906033
1648	1001221	Pan_fried_Grain_Pancake	4300211451068528	4300211451068529
1649	1001218	Pan_fried_Vegetable_Pancake	4300198566166640	4300198566166641
1650	1001215	Pan_fried_Fish_Pancake	4300185681264752	4300185681264753
1651	1000644	Grilled_Meat	4297733254938736	4297733254938737
1652	1000807	Fish_Sanjeok	4298433334607984	4298433334607985
1653	1001213	Braised_Fish	4300177091330160	4300177091330161
1654	1000651	Rice	4297763319709808	4297763319709809
1655	1000652	Baked_Egg	4297767614677104	4297767614677105
1656	1000454	Freshly_Grilled_Bird	4296917211152496	4296917211152497
1657	1000684	Freshly_Grilled_Crab	4297905053630576	4297905053630577
1658	1000144	Grilled_Small_Fish	4295585771290736	4295585771290737
1659	1003395	Braised_Vegetable_XLarge	4309548709970032	4309548709970033
1660	1003396	Braised_Vegetable_Large	4309553004937328	4309553004937329
1661	1003389	Pan_fried_Fruit_Pancake_XLarge	4309522940166256	4309522940166257
1662	1003397	Braised_Vegetable_Medium	4309557299904624	4309557299904625
1663	1003390	Pan_fried_Fruit_Pancake_Large	4309527235133552	4309527235133553
1664	1002894	Grilled_Vegetables_XLarge	4307396931354736	4307396931354737
1665	1003365	Grilled_Fruit_XLarge	4309419860951152	4309419860951153
1666	1001216	Braised_Vegetable	4300189976232048	4300189976232049
1667	1003362	Grilled_Vegetables_Large	4309406976049264	4309406976049265
1668	1003366	Grilled_Fruit_Large	4309424155918448	4309424155918449
1669	1003391	Pan_fried_Fruit_Pancake_Medium	4309531530100848	4309531530100849
1670	1003364	Grilled_Vegetables_Medium	4309415565983856	4309415565983857
1671	1003367	Grilled_Fruit_Medium	4309428450885744	4309428450885745
1672	1001220	Pan_fried_Fruit_Pancake	4300207156101232	4300207156101233
1673	1000649	Grilled_Vegetables	4297754729775216	4297754729775217
1674	1000650	Grilled_Fruit	4297759024742512	4297759024742513
1675	1003233	Surasang_03_Chaya	4308852925268080	4308852925268081
1676	1003232	Surasang_03_RazorClam	4308848630300784	4308848630300785
1677	1002074	Surasang_03	4303875058172016	4303875058172017
1678	1003235	Surasang_01_chlorella	4308861515202672	4308861515202673
1679	1003234	Surasang_01_Chocolate	4308857220235376	4308857220235377
1680	1002072	Surasang_01	4303866468237424	4303866468237425
1681	1003237	Surasang_02_Ensete	4308870105137264	4308870105137265
1682	1003236	Surasang_02_Dulse	4308865810169968	4308865810169969
1683	1002073	Surasang_02	4303870763204720	4303870763204721
1684	1003239	Surasang_00_jijeongta	4308878695071856	4308878695071857
1685	1003238	Surasang_00_Taro	4308874400104560	4308874400104561
1686	1002071	Surasang_00	4303862173270128	4303862173270129
1687	1003241	Surasang_04_Coffee	4308887285006448	4308887285006449
1688	1003240	Surasang_04_Kudzu	4308882990039152	4308882990039153
1689	1002075	Surasang_04	4303879353139312	4303879353139313
1690	1003243	Surasang_05_amaranth	4308895874941040	4308895874941041
1691	1003242	Surasang_05_opuntia	4308891579973744	4308891579973745
1692	1002076	Surasang_05	4303883648106608	4303883648106609
1693	749003	HorseFeed_Hay	3216943389606000	3216943389606001
1694	749007	HorseFeed_Sugar_Beet	3216960569475184	3216960569475185
1695	749101	HorseFeed_Lump_Sugar	3217364296401008	3217364296401009
1696	749201	HorseFeed_Hp_Potion	3217793793130608	3217793793130609
1697	749203	HorseFeed_Speed_Potion	3217802383065200	3217802383065201
1698	1000028	Potion_StatBuff_Tier1_0001	4295087555084400	4295087555084401
1699	1000030	Potion_StatBuff_Tier1_0002	4295096145018992	4295096145018993
1700	1000034	Potion_StatBuff_Tier1_0003	4295113324888176	4295113324888177
1701	1000085	Potion_StatBuff_Tier1_0004	4295332368220272	4295332368220273
1702	1000112	Potion_StatBuff_Tier1_0005	4295448332337264	4295448332337265
1703	1000174	Potion_StatBuff_Tier2_0001	4295714620309616	4295714620309617
1704	1000175	Potion_StatBuff_Tier2_0002	4295718915276912	4295718915276913
1705	1000228	Potion_StatBuff_Tier2_0003	4295946548543600	4295946548543601
1706	1000229	Potion_StatBuff_Tier2_0004	4295950843510896	4295950843510897
1707	1000230	Potion_StatBuff_Tier2_0005	4295955138478192	4295955138478193
1708	1000304	Potion_StatBuff_Tier3_0001	4296272966058096	4296272966058097
1709	1000320	Potion_StatBuff_Tier3_0002	4296341685534832	4296341685534833
1710	1000377	Potion_StatBuff_Tier3_0003	4296586498670704	4296586498670705
1711	1000392	Potion_StatBuff_Tier3_0004	4296650923180144	4296650923180145
1712	1000448	Potion_StatBuff_Tier3_0005	4296891441348720	4296891441348721
1713	25921	DeerAntler_Fruit_Tea	111329847279728	111329847279729
1714	26015	Songyi_Mushroom_Tea	111733574205552	111733574205553
1715	26016	Pyogo_Mushroom_Tea	111737869172848	111737869172849
1716	26034	Honey_Tea	111815178584176	111815178584177
1717	30016	High_Wine	128917738356848	128917738356849
1718	26011	Ssari_Mushroom_Tea	111716394336368	111716394336369
1719	1001814	Herbal_Tea	4302758366675056	4302758366675057
1720	1000627	FruitTea	4297660240494704	4297660240494705
1721	22006	Fruit_Wine	94515050315888	94515050315889
1722	25922	Berry_Juice	111334142247024	111334142247025
1723	1001783	Vegetable_Juice	4302625222688880	4302625222688881
1724	1001615	Collection_Prop_Dyewater_0001	4301903668183152	4301903668183153
1725	1001616	Collection_Prop_Dyewater_0002	4301907963150448	4301907963150449
1726	1001617	Collection_Prop_Dyewater_0003	4301912258117744	4301912258117745
1727	1001618	Collection_Prop_Dyewater_0004	4301916553085040	4301916553085041
1728	1001619	Collection_Prop_Dyewater_0005	4301920848052336	4301920848052337
1729	1001620	Collection_Prop_Dyewater_0006	4301925143019632	4301925143019633
1730	1001621	Collection_Prop_Dyewater_0007	4301929437986928	4301929437986929
1731	1001622	Collection_Prop_Dyewater_0008	4301933732954224	4301933732954225
1732	1001623	Collection_Prop_Dyewater_0009	4301938027921520	4301938027921521
1733	1001624	Collection_Prop_Dyewater_0010	4301942322888816	4301942322888817
1734	1001625	Collection_Prop_Dyewater_0011	4301946617856112	4301946617856113
1735	1001626	Collection_Prop_Dyewater_0012	4301950912823408	4301950912823409
1736	1001627	Collection_Prop_Dyewater_0013	4301955207790704	4301955207790705
1737	1001628	Collection_Prop_Dyewater_0014	4301959502758000	4301959502758001
1738	1001629	Collection_Prop_Dyewater_0015	4301963797725296	4301963797725297
1739	1001630	Collection_Prop_Dyewater_0016	4301968092692592	4301968092692593
1740	1001631	Collection_Prop_Dyewater_0017	4301972387659888	4301972387659889
1741	1001632	Collection_Prop_Dyewater_0018	4301976682627184	4301976682627185
1742	1001633	Collection_Prop_Dyewater_0019	4301980977594480	4301980977594481
1743	1001634	Collection_Prop_Dyewater_0020	4301985272561776	4301985272561777
1744	1001635	Collection_Prop_Dyewater_0021	4301989567529072	4301989567529073
1745	1001636	Collection_Prop_Dyewater_0022	4301993862496368	4301993862496369
1746	1001637	Collection_Prop_Dyewater_0023	4301998157463664	4301998157463665
1747	1001638	Collection_Prop_Dyewater_0024	4302002452430960	4302002452430961
1748	1001639	Collection_Prop_Dyewater_0025	4302006747398256	4302006747398257
1749	1001640	Collection_Prop_Dyewater_0026	4302011042365552	4302011042365553
1750	1001641	Collection_Prop_Dyewater_0027	4302015337332848	4302015337332849
1751	1001642	Collection_Prop_Dyewater_0028	4302019632300144	4302019632300145
1752	1001643	Collection_Prop_Dyewater_0029	4302023927267440	4302023927267441
1753	1001644	Collection_Prop_Dyewater_0030	4302028222234736	4302028222234737
1754	1001645	Collection_Prop_Dyewater_0031	4302032517202032	4302032517202033
1755	1001646	Collection_Prop_Dyewater_0032	4302036812169328	4302036812169329
1756	1001647	Collection_Prop_Dyewater_0033	4302041107136624	4302041107136625
1757	1001648	Collection_Prop_Dyewater_0034	4302045402103920	4302045402103921
1758	1001649	Collection_Prop_Dyewater_0035	4302049697071216	4302049697071217
1759	1001650	Collection_Prop_Dyewater_0036	4302053992038512	4302053992038513
1760	1001651	Collection_Prop_Dyewater_0037	4302058287005808	4302058287005809
1761	1001652	Collection_Prop_Dyewater_0038	4302062581973104	4302062581973105
1762	1001653	Collection_Prop_Dyewater_0039	4302066876940400	4302066876940401
1763	1001654	Collection_Prop_Dyewater_0040	4302071171907696	4302071171907697
1764	1001655	Collection_Prop_Dyewater_0041	4302075466874992	4302075466874993
1765	1001656	Collection_Prop_Dyewater_0042	4302079761842288	4302079761842289
1766	1001657	Collection_Prop_Dyewater_0043	4302084056809584	4302084056809585
1767	1001658	Collection_Prop_Dyewater_0044	4302088351776880	4302088351776881
1768	1001659	Collection_Prop_Dyewater_0045	4302092646744176	4302092646744177
1769	1001660	Collection_Prop_Dyewater_0046	4302096941711472	4302096941711473
1770	1001661	Collection_Prop_Dyewater_0047	4302101236678768	4302101236678769
1771	1001662	Collection_Prop_Dyewater_0048	4302105531646064	4302105531646065
1772	1001663	Collection_Prop_Dyewater_0049	4302109826613360	4302109826613361
1773	1001664	Collection_Prop_Dyewater_0050	4302114121580656	4302114121580657
1774	1001175	Collection_Prop_Dyewater_Grey_0001	4300013882572912	4300013882572913
1775	1001260	Collection_Prop_Dyewater_Grey_0002	4300378954793072	4300378954793073
1776	1001308	Collection_Prop_Dyewater_Grey_0003	4300585113223280	4300585113223281
1777	1001324	Collection_Prop_Dyewater_Grey_0004	4300653832700016	4300653832700017
1778	1001336	Collection_Prop_Dyewater_Grey_0005	4300705372307568	4300705372307569
1779	1001433	Collection_Prop_Dyewater_Grey_0006	4301121984135280	4301121984135281
1780	1001712	Collection_Prop_Dyewater_Grey_0007	4302320280010864	4302320280010865
1781	1001749	Collection_Prop_Dyewater_Grey_0008	4302479193800816	4302479193800817
1782	1001789	Collection_Prop_Dyewater_Grey_0009	4302650992492656	4302650992492657
1783	1001858	Collection_Prop_Dyewater_Grey_0010	4302947345236080	4302947345236081
1784	1002631	Item_ETC_CooltimeReduce_Dragon	4306267354955888	4306267354955889
1785	1002632	Item_ETC_CooltimeReduce_ATAG	4306271649923184	4306271649923185
1786	1003772	Item_ETC_CooltimeReduce_DragonII	4311167912640624	4311167912640625
1787	1003773	Item_ETC_CooltimeReduce_ATAGII	4311172207607920	4311172207607921
1788	1000146	Item_Kuku_Egg	4295594361225328	4295594361225329
1789	1003915	Item_gimmick_birdfeeder_0001	4311782092963952	4311782092963953
1790	1002096	Condola	4303969547452528	4303969547452529
1791	1002519	Item_Abyss_Artifact_Maker	4305786318618736	4305786318618737
1792	1000309	Item_troll_academy_Core	4296294440894576	4296294440894577
1793	1003650	Item_gimmick_abyssruins_useartifact_01_attach_part	4310643926630512	4310643926630513
1794	1003553	Item_puzzle_troll_lake_pillar_01_part_01	4310227314802800	4310227314802801
1795	1003554	Item_puzzle_troll_lake_pillar_02_part_01	4310231609770096	4310231609770097
1796	1003555	Item_puzzle_troll_lake_pillar_03_part_01	4310235904737392	4310235904737393
1797	1003556	Item_puzzle_troll_lake_pillar_04_part_01	4310240199704688	4310240199704689
1798	1003651	Item_gimmick_attach_nuclear_fusion_core_01	4310648221597808	4310648221597809
1799	1003642	Item_gimmick_abyss_quest_kuku_seal_01	4310609566892144	4310609566892145
1800	1002827	Item_gimmick_puzzle_antumbra_tokamak_01_parts20	4307109168545904	4307109168545905
1801	1002828	Item_gimmick_puzzle_antumbra_tokamak_01_parts21	4307113463513200	4307113463513201
1802	1002829	Item_gimmick_puzzle_antumbra_tokamak_01_parts22	4307117758480496	4307117758480497
1803	1002830	Item_gimmick_puzzle_antumbra_tokamak_01_parts23	4307122053447792	4307122053447793
1804	1002831	Item_gimmick_puzzle_antumbra_tokamak_02_parts20	4307126348415088	4307126348415089
1805	1002832	Item_gimmick_puzzle_antumbra_tokamak_02_parts21	4307130643382384	4307130643382385
1806	1002833	Item_gimmick_puzzle_antumbra_tokamak_02_parts22	4307134938349680	4307134938349681
1807	1002834	Item_gimmick_puzzle_antumbra_tokamak_02_parts23	4307139233316976	4307139233316977
1808	1002835	Item_gimmick_puzzle_antumbra_tokamak_03_parts20	4307143528284272	4307143528284273
1809	1002836	Item_gimmick_puzzle_antumbra_tokamak_03_parts21	4307147823251568	4307147823251569
1810	1003547	Item_gimmick_puzzle_antumbra_tokamak_03_parts22	4310201544999024	4310201544999025
1811	1003548	Item_gimmick_puzzle_antumbra_tokamak_05_parts20	4310205839966320	4310205839966321
1812	1003549	Item_gimmick_puzzle_antumbra_tokamak_05_parts21	4310210134933616	4310210134933617
1813	1003550	Item_gimmick_puzzle_antumbra_tokamak_05_parts22	4310214429900912	4310214429900913
1814	1003551	Item_gimmick_puzzle_antumbra_tokamak_05_parts23	4310218724868208	4310218724868209
1815	1003552	Item_gimmick_puzzle_antumbra_tokamak_05_parts24	4310223019835504	4310223019835505
1816	1003635	Item_gimmick_attach_marni_machinetank_backpack_01	4310579502121072	4310579502121073
1817	1003636	Item_gimmick_attach_marni_machinetank_backpack_02	4310583797088368	4310583797088369
1818	1003637	Item_gimmick_attach_marni_machinetank_backpack_03	4310588092055664	4310588092055665
1819	1003638	Item_gimmick_attach_marni_machinetank_backpack_04	4310592387022960	4310592387022961
1820	1003639	Item_gimmick_attach_marni_machinetank_backpack_05	4310596681990256	4310596681990257
1821	1003640	Item_gimmick_attach_marni_machinetank_backpack_06	4310600976957552	4310600976957553
1822	1003641	Item_gimmick_attach_marni_machinetank_backpack_07	4310605271924848	4310605271924849
1823	1002063	AbyssRuinsCreatureCore	4303827813531760	4303827813531761
1824	1003633	Item_gimmick_attach_mechanical_powerplant_0001	4310570912186480	4310570912186481
1825	1001769	MarniMachineDrill	4302565093146736	4302565093146737
1826	1002252	MarniMachineLaser	4304639562350704	4304639562350705
1827	1003634	Item_gimmick_snake_boss_scales_01	4310575207153776	4310575207153777
1828	1002782	Item_gimmick_abysscore_0001	4306915895017584	4306915895017585
1829	1002783	Item_gimmick_abysscore_0002	4306920189984880	4306920189984881
1830	1003557	Item_gimmick_puzzle_antumbra_tokamak_parts01	4310244494671984	4310244494671985
1831	1003558	Item_gimmick_puzzle_antumbra_tokamak_parts02	4310248789639280	4310248789639281
1832	1003559	Item_gimmick_puzzle_antumbra_tokamak_parts03	4310253084606576	4310253084606577
1833	1003560	Item_gimmick_puzzle_antumbra_tokamak_parts04	4310257379573872	4310257379573873
1834	1003561	Item_gimmick_puzzle_antumbra_tokamak_parts05	4310261674541168	4310261674541169
1835	1003562	Item_gimmick_puzzle_antumbra_tokamak_parts06	4310265969508464	4310265969508465
1836	1003563	Item_gimmick_puzzle_antumbra_tokamak_parts07	4310270264475760	4310270264475761
1837	1003564	Item_gimmick_puzzle_antumbra_tokamak_parts08	4310274559443056	4310274559443057
1838	1003565	Item_gimmick_puzzle_antumbra_tokamak_parts09	4310278854410352	4310278854410353
1839	1003566	Item_gimmick_puzzle_antumbra_tokamak_parts10	4310283149377648	4310283149377649
1840	1003567	Item_gimmick_puzzle_antumbra_tokamak_parts11	4310287444344944	4310287444344945
1841	1003568	Item_gimmick_puzzle_antumbra_tokamak_parts12	4310291739312240	4310291739312241
1842	1003569	Item_gimmick_puzzle_antumbra_tokamak_parts13	4310296034279536	4310296034279537
1843	1003570	Item_gimmick_puzzle_antumbra_tokamak_parts14	4310300329246832	4310300329246833
1844	1003571	Item_gimmick_puzzle_antumbra_tokamak_parts15	4310304624214128	4310304624214129
1845	1003572	Item_gimmick_puzzle_antumbra_tokamak_parts16	4310308919181424	4310308919181425
1846	1003573	Item_gimmick_puzzle_antumbra_tokamak_01_parts01	4310313214148720	4310313214148721
1847	1003574	Item_gimmick_puzzle_antumbra_tokamak_01_parts02	4310317509116016	4310317509116017
1848	1003575	Item_gimmick_puzzle_antumbra_tokamak_01_parts03	4310321804083312	4310321804083313
1849	1003576	Item_gimmick_puzzle_antumbra_tokamak_01_parts04	4310326099050608	4310326099050609
1850	1003577	Item_gimmick_puzzle_antumbra_tokamak_01_parts01_index01	4310330394017904	4310330394017905
1851	1003578	Item_gimmick_puzzle_antumbra_tokamak_01_parts02_index01	4310334688985200	4310334688985201
1852	1003579	Item_gimmick_puzzle_antumbra_tokamak_01_parts03_index01	4310338983952496	4310338983952497
1853	1003580	Item_gimmick_puzzle_antumbra_tokamak_01_parts04_index01	4310343278919792	4310343278919793
1854	1003581	Item_gimmick_puzzle_antumbra_tokamak_01_parts01_index03	4310347573887088	4310347573887089
1855	1003582	Item_gimmick_puzzle_antumbra_tokamak_01_parts02_index03	4310351868854384	4310351868854385
1856	1003583	Item_gimmick_puzzle_antumbra_tokamak_01_parts03_index03	4310356163821680	4310356163821681
1857	1003584	Item_gimmick_puzzle_antumbra_tokamak_01_parts04_index03	4310360458788976	4310360458788977
1858	1003585	Item_gimmick_puzzle_antumbra_tokamak_01_parts01_index04	4310364753756272	4310364753756273
1859	1003586	Item_gimmick_puzzle_antumbra_tokamak_01_parts02_index04	4310369048723568	4310369048723569
1860	1003587	Item_gimmick_puzzle_antumbra_tokamak_01_parts03_index04	4310373343690864	4310373343690865
1861	1003588	Item_gimmick_puzzle_antumbra_tokamak_01_parts04_index04	4310377638658160	4310377638658161
1862	1003589	Item_gimmick_puzzle_antumbra_tokamak_02_parts01_index01	4310381933625456	4310381933625457
1863	1003590	Item_gimmick_puzzle_antumbra_tokamak_02_parts02_index01	4310386228592752	4310386228592753
1864	1003591	Item_gimmick_puzzle_antumbra_tokamak_02_parts03_index01	4310390523560048	4310390523560049
1865	1003592	Item_gimmick_puzzle_antumbra_tokamak_02_parts04_index01	4310394818527344	4310394818527345
1866	1003593	Item_gimmick_puzzle_antumbra_tokamak_02_parts01_index03	4310399113494640	4310399113494641
1867	1003594	Item_gimmick_puzzle_antumbra_tokamak_02_parts02_index03	4310403408461936	4310403408461937
1868	1003595	Item_gimmick_puzzle_antumbra_tokamak_02_parts03_index03	4310407703429232	4310407703429233
1869	1003596	Item_gimmick_puzzle_antumbra_tokamak_02_parts04_index03	4310411998396528	4310411998396529
1870	1003597	Item_gimmick_puzzle_antumbra_tokamak_02_parts01_index04	4310416293363824	4310416293363825
1871	1003598	Item_gimmick_puzzle_antumbra_tokamak_02_parts02_index04	4310420588331120	4310420588331121
1872	1003599	Item_gimmick_puzzle_antumbra_tokamak_02_parts03_index04	4310424883298416	4310424883298417
1873	1003600	Item_gimmick_puzzle_antumbra_tokamak_02_parts04_index04	4310429178265712	4310429178265713
1874	1003601	Item_gimmick_puzzle_antumbra_tokamak_03_parts01	4310433473233008	4310433473233009
1875	1003602	Item_gimmick_puzzle_antumbra_tokamak_03_parts02	4310437768200304	4310437768200305
1876	1003603	Item_gimmick_puzzle_antumbra_tokamak_03_parts03	4310442063167600	4310442063167601
1877	1003604	Item_gimmick_puzzle_antumbra_tokamak_03_parts04	4310446358134896	4310446358134897
1878	1003605	Item_gimmick_puzzle_antumbra_tokamak_03_parts01_index02	4310450653102192	4310450653102193
1879	1003606	Item_gimmick_puzzle_antumbra_tokamak_03_parts02_index02	4310454948069488	4310454948069489
1880	1003607	Item_gimmick_puzzle_antumbra_tokamak_03_parts03_index02	4310459243036784	4310459243036785
1881	1003608	Item_gimmick_puzzle_antumbra_tokamak_03_parts04_index02	4310463538004080	4310463538004081
1882	1003609	Item_gimmick_puzzle_antumbra_tokamak_03_parts01_index04	4310467832971376	4310467832971377
1883	1003610	Item_gimmick_puzzle_antumbra_tokamak_03_parts02_index04	4310472127938672	4310472127938673
1884	1003611	Item_gimmick_puzzle_antumbra_tokamak_03_parts03_index04	4310476422905968	4310476422905969
1885	1003612	Item_gimmick_puzzle_antumbra_tokamak_03_parts04_index04	4310480717873264	4310480717873265
1886	1003613	Item_gimmick_puzzle_antumbra_tokamak_03_parts01_index06	4310485012840560	4310485012840561
1887	1003614	Item_gimmick_puzzle_antumbra_tokamak_03_parts02_index06	4310489307807856	4310489307807857
1888	1003615	Item_gimmick_puzzle_antumbra_tokamak_03_parts03_index06	4310493602775152	4310493602775153
1889	1003616	Item_gimmick_puzzle_antumbra_tokamak_03_parts04_index06	4310497897742448	4310497897742449
1890	1003617	Item_gimmick_puzzle_antumbra_tokamak_05_parts01_index01	4310502192709744	4310502192709745
1891	1003618	Item_gimmick_puzzle_antumbra_tokamak_05_parts02_index01	4310506487677040	4310506487677041
1892	1003619	Item_gimmick_puzzle_antumbra_tokamak_05_parts03_index01	4310510782644336	4310510782644337
1893	1003620	Item_gimmick_puzzle_antumbra_tokamak_05_parts04_index01	4310515077611632	4310515077611633
1894	1003621	Item_gimmick_puzzle_antumbra_tokamak_05_parts01_index02	4310519372578928	4310519372578929
1895	1003622	Item_gimmick_puzzle_antumbra_tokamak_05_parts02_index02	4310523667546224	4310523667546225
1896	1003623	Item_gimmick_puzzle_antumbra_tokamak_05_parts03_index02	4310527962513520	4310527962513521
1897	1003624	Item_gimmick_puzzle_antumbra_tokamak_05_parts04_index02	4310532257480816	4310532257480817
1898	1003625	Item_gimmick_puzzle_antumbra_tokamak_05_parts01_index04	4310536552448112	4310536552448113
1899	1003626	Item_gimmick_puzzle_antumbra_tokamak_05_parts02_index04	4310540847415408	4310540847415409
1900	1003627	Item_gimmick_puzzle_antumbra_tokamak_05_parts03_index04	4310545142382704	4310545142382705
1901	1003628	Item_gimmick_puzzle_antumbra_tokamak_05_parts04_index04	4310549437350000	4310549437350001
1902	1003629	Item_gimmick_puzzle_antumbra_tokamak_05_parts01_index05	4310553732317296	4310553732317297
1903	1003630	Item_gimmick_puzzle_antumbra_tokamak_05_parts02_index05	4310558027284592	4310558027284593
1904	1003631	Item_gimmick_puzzle_antumbra_tokamak_05_parts03_index05	4310562322251888	4310562322251889
1905	1003632	Item_gimmick_puzzle_antumbra_tokamak_05_parts04_index05	4310566617219184	4310566617219185
1906	1002784	Item_gimmick_attach_abyss_core_01	4306924484952176	4306924484952177
1907	1002819	Item_gimmick_attach_abyss_core_02	4307074808807536	4307074808807537
1908	1002820	Item_gimmick_attach_abyss_core_03	4307079103774832	4307079103774833
1909	1002821	Item_gimmick_attach_abyss_core_04	4307083398742128	4307083398742129
1910	1002825	Item_gimmick_attach_abyss_core_05	4307100578611312	4307100578611313
1911	1002826	Item_gimmick_attach_abyss_core_06	4307104873578608	4307104873578609
1912	1003827	Item_gimmick_nature_rock_dissolve_stone_core_01	4311404135841904	4311404135841905
1913	1004112	Item_gimmick_tumbleweed_0001	4312628201521264	4312628201521265
1914	6001	Inventory_Expansion_1	25774098743408	25774098743409
1915	6002	Inventory_Expansion_2	25778393710704	25778393710705
1916	6005	Inventory_Expansion_3	25791278612592	25791278612593
1917	6003	Inventory_Expansion_4	25782688678000	25782688678001
1918	1004777	Pet_Slot_Expansion_Start	4315484354773104	4315484354773105
1919	1004718	Pet_Slot_Expansion_1	4315230951702640	4315230951702641
1920	1004725	Pet_Slot_Expansion_1_2	4315261016473712	4315261016473713
1921	1004726	Pet_Slot_Expansion_1_3	4315265311441008	4315265311441009
1922	1004763	Pet_Slot_Expansion_2_1	4315424225230960	4315424225230961
1923	1004764	Pet_Slot_Expansion_2_2	4315428520198256	4315428520198257
1924	1004765	Pet_Slot_Expansion_2_3	4315432815165552	4315432815165553
1925	1004720	Pet_Slot_Expansion_3	4315239541637232	4315239541637233
1926	1003835	Inventory_Expansion_Sellable_1	4311438495580272	4311438495580273
1927	1003852	Inventory_Expansion_Sellable_2	4311511510024304	4311511510024305
1928	1003853	Inventory_Expansion_Sellable_3	4311515804991600	4311515804991601
1929	1003854	Inventory_Expansion_Sellable_4	4311520099958896	4311520099958897
1930	1002755	FarmSlot_Expansion_1	4306799930900592	4306799930900593
1931	1002756	FarmSlot_Expansion_2	4306804225867888	4306804225867889
1932	1002779	FarmSlot_Expansion_3	4306903010115696	4306903010115697
1933	1002380	Alchemist_Key_Proto	4305189318164592	4305189318164593
1934	802261	Alchemist_Key	3445684757856368	3445684757856369
1935	1002260	SungroveManor_HomeKey	4304673922089072	4304673922089073
1936	1000888	StellenManor_ClosetKey	4298781226958960	4298781226958961
1937	1000863	WellsDungeon_Key	4298673852776560	4298673852776561
1938	1002985	FortMoru_Key	4307787773378672	4307787773378673
1939	1002250	WestDemenissChurch_Key	4304630972416112	4304630972416113
1940	1001176	WitchWarehouse_Key	4300018177540208	4300018177540209
1941	30051	Tower_Key	129068062212208	129068062212209
1942	802353	Hernand_Winery_Key	3446079894847600	3446079894847601
1943	802923	Goblin_Director_House_Key	3448528026206320	3448528026206321
1944	1000728	Quest_Hostages_House_Key	4298094032191600	4298094032191601
1945	802926	GraceMansion_MetalDoor_Key	3448540911108208	3448540911108209
1946	802927	GraceMansion_RoomDoor_Key	3448545206075504	3448545206075505
1947	1000798	Del_Prison_Room_Key	4298394679902320	4298394679902321
1948	1000973	GantryCrane_Big_Key	4299146299179120	4299146299179121
1949	1000707	Quest_HernandCastle_Underground_Key	4298003837878384	4298003837878385
1950	30041	Home_Key	129025112539248	129025112539249
1951	30059	Metal_Gate_Key	129102421950576	129102421950577
1952	30064	Prison_Key	129123896787056	129123896787057
1953	1002294	Master_Key	4304819950977136	4304819950977137
1954	1000514	Quest_Grace_GoldDagger_I	4297174909190256	4297174909190257
1955	1000581	Quest_Grace_GoldDagger_II	4297462671999088	4297462671999089
1956	1000151	Quest_Crowman_Key_I	4295615836061808	4295615836061809
1957	1001197	Quest_TrolluniversityTower_Key	4300108371853424	4300108371853425
1958	1002271	Quest_Witch_Token_I	4304721166729328	4304721166729329
1959	1002272	Quest_Witch_Token_II	4304725461696624	4304725461696625
1960	1002273	Quest_Witch_Token_III	4304729756663920	4304729756663921
1961	1002378	Quest_Witch_Token_IV	4305180728230000	4305180728230001
1962	1001309	Quest_TrollCube_I	4300589408190576	4300589408190577
1963	1001310	Quest_TrollCube_III	4300593703157872	4300593703157873
1964	1001311	Quest_TrollCube_IV	4300597998125168	4300597998125169
1965	1001764	Installation_01_key	4302543618310256	4302543618310257
1966	1001765	Installation_02_key	4302547913277552	4302547913277553
1967	1001766	Installation_03_key	4302552208244848	4302552208244849
1968	1000497	Neut_Delpheon_EMP_key	4297101894746224	4297101894746225
1969	1002524	MarniTower_Key	4305807793455216	4305807793455217
1970	1002500	Quest_Fissure_Maze_I	4305704714240112	4305704714240113
1971	1002709	Quest_Fissure_Maze_II	4306602362404976	4306602362404977
1972	1002713	Quest_Fissure_Maze_III	4306619542274160	4306619542274161
1973	1002788	Quest_Burham_Maze_I	4306941664821360	4306941664821361
1974	1002789	Quest_Burham_Maze_II	4306945959788656	4306945959788657
1975	1002790	Quest_Burham_Maze_III	4306950254755952	4306950254755953
1976	1000723	Quest_EastTower_Maze_I	4298072557355120	4298072557355121
1977	1003666	Quest_EastTower_Maze_II	4310712646107248	4310712646107249
1978	1003667	Quest_EastTower_Maze_III	4310716941074544	4310716941074545
1979	1001249	Quest_Book_Mansion_I	4300331710152816	4300331710152817
1980	1	Money_Copper	4294967408	4294967409
1981	1000952	Very_Small_Copper_Pack	4299056104865904	4299056104865905
1982	103	Small_Copper_Pack	442381631600	442381631601
1983	101	Copper_Pack	433791697008	433791697009
1984	102	Heavy_Copper_Pack	438086664304	438086664305
1985	1000629	Small_Silver_Pack	4297668830429296	4297668830429297
1986	104	Silver_Pack	446676598896	446676598897
1987	105	Heavy_Silver_Pack	450971566192	450971566193
1988	1005852	NewGame_Silver_Pack	4320101444616304	4320101444616305
1989	53	GoldBar	227633266800	227633266801
1990	10021720	GoldBar_Fake	43042959649669232	43042959649669233
1991	11	Money_Camp_Money	47244640368	47244640369
1992	12	Money_Camp_Food	51539607664	51539607665
1993	13	Money_Camp_Wood	55834574960	55834574961
1994	14	Money_Camp_Stone	60129542256	60129542257
1995	15	Money_Camp_Weapon	64424509552	64424509553
1996	1000547	Cog	4297316643111024	4297316643111025
1997	1002198	Small_Mechanical_Powerplant	4304407634116720	4304407634116721
1998	30022	Specialty_Oil	128943508160624	128943508160625
1999	1000485	Money_Kuku_MachineBug	4297050355138672	4297050355138673
2000	1002971	Cog_Pack	4307727643836528	4307727643836529
2001	1003735	Small_Mechanical_Powerplant_Pack	4311008998850672	4311008998850673
2002	1003756	Specialty_Oil_Pack	4311099193163888	4311099193163889
2003	1000658	Contribution_Graymane	4297793384480880	4297793384480881
2004	1001754	Contribution_Hernandian	4302500668637296	4302500668637297
2005	1001753	Contribution_Demenissian	4302496373670000	4302496373670001
2006	1001755	Contribution_Pailunese	4302504963604592	4302504963604593
2007	1001759	Contribution_Delesyian	4302522143473776	4302522143473777
2008	1003749	Contribution_Tashkalpan	4311069128392816	4311069128392817
2009	2	Money_Pearl	8589934704	8589934705
2010	1003828	Item_Her_Enchant_Coin	4311408430809200	4311408430809201
2011	1003830	Item_Dem_Enchant_Coin	4311417020743792	4311417020743793
2012	1003831	Item_Del_Enchant_Coin	4311421315711088	4311421315711089
2013	1003832	Item_Pailoon_Enchant_Coin	4311425610678384	4311425610678385
2014	1003833	Item_Beighen_Enchant_Coin	4311429905645680	4311429905645681
2015	1003834	Item_Tomaso_Enchant_Coin	4311434200612976	4311434200612977
2016	1003851	Item_Varnia_Enchant_Coin	4311507215057008	4311507215057009
2017	1004318	Item_Pinball_Coin	4313512964784240	4313512964784241
2018	1004910	Hernand_Bond	4316055585423472	4316055585423473
2019	1000595	Shay_Cat_Clue	4297522801541232	4297522801541233
2020	1002379	Shay_Cat_Clue_Shining	4305185023197296	4305185023197297
2021	1003775	Graymane_Token	4311180797542512	4311180797542513
2022	70010	Old_Wood_Doll_II	300690660393072	300690660393073
2023	800047	Goat_Horn_Potion	3436175700263024	3436175700263025
2024	800174	Anvil_Fort_Secret_Document	3436721161109616	3436721161109617
2025	802345	Crow_Charm	3446045535109232	3446045535109233
2026	802346	Crow_Bell	3446049830076528	3446049830076529
2027	802347	Crow_Thurible	3446054125043824	3446054125043825
2028	1000862	Quest_Legend_Songyi	4298669557809264	4298669557809265
2029	1000864	Quest_Poison_Pyogo	4298678147743856	4298678147743857
2030	1000234	ReedDevil_Mask	4295972318347376	4295972318347377
2031	1001189	ReedDevil_Doll	4300074012115056	4300074012115057
2032	1000997	GuardianTree_Pear	4299249378394224	4299249378394225
2033	1001835	Pororin_Sacred	4302848560988272	4302848560988273
2034	1000577	NahabVillage_Pendant	4297445492129904	4297445492129905
2035	1000857	BeggarLeader_FindPotion	4298648082972784	4298648082972785
2036	1000391	Quest_GoldenStar_key	4296646628212848	4296646628212849
2037	1002986	Quest_Order_Delkin_Pot	4307792068345968	4307792068345969
2038	1002634	Tina_Noble_Leather_Helm	4306280239857776	4306280239857777
2039	1002526	Memo_Serkis_Piece_1	4305816383389808	4305816383389809
2040	1002566	Memo_Serkis_Piece_2	4305988182081648	4305988182081649
2041	1002582	Memo_Serkis_Piece_3	4306056901558384	4306056901558385
2042	1002588	Memo_Serkis_Piece_4	4306082671362160	4306082671362161
2043	1002988	Sword_DelesyiaInstitute_Clue_CrimDagger	4307800658280560	4307800658280561
2044	1003257	Paper_GoldleafGuildhouse_Clue_VII	4308956004483184	4308956004483185
2045	1004377	Hexe_Wooden_Toy	4313766367854704	4313766367854705
2046	1004068	Hexe_Ring	4312439222960240	4312439222960241
2047	1004070	Family_Crest_Surcoat	4312447812894832	4312447812894833
2048	1004373	Broken_Graymane_Token	4313749187985520	4313749187985521
2049	1005404	Grace_HiddenDagger	4318177299267696	4318177299267697
2050	1005405	Imp_Banquet_Horn	4318181594234992	4318181594234993
2051	1005406	LaveMyurdin_Ring	4318185889202288	4318185889202289
2052	1005407	Bastier_Seal_Letter	4318190184169584	4318190184169585
2053	1005408	Scorched_HandMirror	4318194479136880	4318194479136881
2054	1005409	Karzul_SlaughterLedger	4318198774104176	4318198774104177
2055	1005410	WhithHorn_ChildBoots	4318203069071472	4318203069071473
2056	1002537	Letter_Valgash	4305863628030064	4305863628030065
2057	1002536	Shakatu_Scroll	4305859333062768	4305859333062769
2058	1000105	MasterDoo_Scroll	4295418267566192	4295418267566193
2059	1003251	Paper_GoldleafGuildhouse_Clue_I	4308930234679408	4308930234679409
2060	1003253	Paper_GoldleafGuildhouse_Clue_III	4308938824614000	4308938824614001
2061	1003255	Paper_GoldleafGuildhouse_Clue_V	4308947414548592	4308947414548593
2062	1003258	Paper_GoldleafGuildhouse_Clue_VIII	4308960299450480	4308960299450481
2063	1004394	Periodic_Continental_Situation_Report	4313839382298736	4313839382298737
2064	1004395	Kuku_Pot_Trade_Offer_Report	4313843677266032	4313843677266033
2065	1002502	Letter_TraderLetter	4305713304174704	4305713304174705
2066	1000584	Letter_Wolfmolar_Mountain_WifeLetter	4297475556900976	4297475556900977
2067	1000459	Paper_Find_Tolstein	4296938685988976	4296938685988977
2068	1000393	Quest_Mague_Letter	4296655218147440	4296655218147441
2069	1000776	Quest_Ulzok_Stolen_Map	4298300190621808	4298300190621809
2070	1000466	Friendly_Legendary_Hunter	4296968750760048	4296968750760049
2071	1001847	TreasureMap_TreasureBuried	4302900100595824	4302900100595825
2072	1002728	TreasureBuried_FirstPiece	4306683966783600	4306683966783601
2073	1002729	TreasureBuried_SecondPiece	4306688261750896	4306688261750897
2074	1002730	TreasureBuried_ThirdPiece	4306692556718192	4306692556718193
2075	802453	Letter_Go_To_ScolaStone	3446509391577200	3446509391577201
2076	802942	Grace_Blueprint	3448609630584944	3448609630584945
2077	1000540	Letter_Elimores_Secret	4297286578339952	4297286578339953
2078	1000817	Letter_Azureian_Secret	4298476284280944	4298476284280945
2079	1002567	Seal_Epistle	4305992477048944	4305992477048945
2080	1002854	UnSeal_Epistle	4307225132662896	4307225132662897
2081	1003826	AbyssGear_Epistle	4311399840874608	4311399840874609
2082	1000148	Epistle	4295602951159920	4295602951159921
2083	1000558	MarniDragon_GoldenStar	4297363887751280	4297363887751281
2084	1001418	MarniDragon_MarniRen	4301057559625840	4301057559625841
2085	1000559	MarniDragon_DemenissLetter	4297368182718576	4297368182718577
2086	1001291	Paper_Kuku_Pot	4300512098779248	4300512098779249
2087	1001337	Quest_PendantInSnow_Letter	4300709667274864	4300709667274865
2088	1001745	Quest_CelesterToBarden	4302462013931632	4302462013931633
2089	1001776	Memo_RuinedChapel	4302595157917808	4302595157917809
2090	1001857	Memo_SebastianMemo	4302943050268784	4302943050268785
2091	1003697	Quest_Hunter_Letter	4310845790093424	4310845790093425
2092	1001846	NoticePaper_Finale_Timberton	4302895805628528	4302895805628529
2093	1001774	NoticePaper_Finale_Byron	4302586567983216	4302586567983217
2094	1001879	NoticePaper_Finale_Calphade	4303037539549296	4303037539549297
2095	1001803	Memo_Judgment	4302711122034800	4302711122034801
2096	1000959	Quest_ByronMyurdin_Letter	4299086169636976	4299086169636977
2097	1000960	Quest_ByronBastier_Letter	4299090464604272	4299090464604273
2098	1000961	Quest_ByronBastier_Letter_1	4299094759571568	4299094759571569
2099	1000962	Quest_MarchellBastier_Letter	4299099054538864	4299099054538865
2100	1000969	Quest_MarchellByron_Letter	4299129119309936	4299129119309937
2101	1000630	Letter_Visione_MotherLetter	4297673125396592	4297673125396593
2102	1002493	Paper_StonemireRuins_Report_2	4305674649469040	4305674649469041
2103	1002590	Paper_StonemireRuins_Report_3	4306091261296752	4306091261296753
2104	1002560	Memo_CabinLeftMemo	4305962412277872	4305962412277873
2105	1002616	Memo_lightningstriketree	4306202930446448	4306202930446449
2106	1002801	Memo_ButlerLeftMemo	4306997499396208	4306997499396209
2107	1000706	Memo_Proceedings	4297999542911088	4297999542911089
2108	1001528	Paper_FromYann	4301530006028400	4301530006028401
2109	1002516	Memo_Serkis_Clue_1	4305773433716848	4305773433716849
2110	1002547	Memo_Serkis_Clue_2	4305906577703024	4305906577703025
2111	1003282	Memo_Serkis_FalseEvidence_1	4309063378665584	4309063378665585
2112	1003283	TreasureMap_FalseEvidence_1	4309067673632880	4309067673632881
2113	1001751	Memo_Serkis_FalseEvidence_2	4302487783735408	4302487783735409
2114	1001752	Memo_Serkis_FalseEvidence_3	4302492078702704	4302492078702705
2115	1002577	Memo_Serkis_Clue_3	4306035426721904	4306035426721905
2116	1002586	Memo_Serkis_Clue_4	4306074081427568	4306074081427569
2117	1002757	Memo_Serkis_Clue_5	4306808520835184	4306808520835185
2118	1002987	Paper_DelesyiaInstitute_Clue_ResearchPaper	4307796363313264	4307796363313265
2119	1003252	Paper_GoldleafGuildhouse_Clue_II	4308934529646704	4308934529646705
2120	1003254	Paper_GoldleafGuildhouse_Clue_IV	4308943119581296	4308943119581297
2121	1003256	Paper_GoldleafGuildhouse_Clue_VI	4308951709515888	4308951709515889
2122	1000676	Quest_Bloodcoronation_Document	4297870693892208	4297870693892209
2123	1001255	Quest_Bloodcoronation_CampDocument_I	4300357479956592	4300357479956593
2124	1001302	Quest_Bloodcoronation_CampDocument_II	4300559343419504	4300559343419505
2125	1001303	Quest_Bloodcoronation_CampDocument_III	4300563638386800	4300563638386801
2126	1000188	Demeniss_Revolutionary_Paper_I	4295774749851760	4295774749851761
2127	1002504	Quest_Paper_DrugFactory_I	4305721894109296	4305721894109297
2128	1002511	Quest_Paper_DrugFactory_II	4305751958880368	4305751958880369
2129	1002512	Quest_Paper_DrugFactory_III	4305756253847664	4305756253847665
2130	1002513	Quest_Paper_DrugFactory_IV	4305760548814960	4305760548814961
2131	1002514	Quest_Paper_DrugFactory_V	4305764843782256	4305764843782257
2132	1002515	Quest_Paper_DrugFactory_VI	4305769138749552	4305769138749553
2133	1002517	Quest_Paper_DrugFactory_VII	4305777728684144	4305777728684145
2134	1000856	Quest_Paper_HowToRemoveCrime	4298643788005488	4298643788005489
2135	1002889	Quest_Paper_TaxStatement	4307375456518256	4307375456518257
2136	1003829	Quest_Paper_HowToMakeFundAccount	4311412725776496	4311412725776497
2137	1002781	Quest_Paper_HowToQuenching_I	4306911600050288	4306911600050289
2138	1003644	Quest_Paper_Propagation	4310618156826736	4310618156826737
2139	1003646	Quest_Paper_Stamina	4310626746761328	4310626746761329
2140	1003647	Quest_Paper_Nature	4310631041728624	4310631041728625
2141	1003701	Quest_Paper_AbyssTeleport	4310862969962608	4310862969962609
2142	1003648	Quest_Paper_Progression	4310635336695920	4310635336695921
2143	1000016	Quest_Paper_ContributionShop_Hernand	4295036015476848	4295036015476849
2144	1003657	Quest_Paper_KuKuATAG	4310673991401584	4310673991401585
2145	1003836	Quest_Paper_Foodstorage	4311442790547568	4311442790547569
2146	1003837	Quest_Paper_HeavyFoodstorage	4311447085514864	4311447085514865
2147	1002802	Quest_Paper_Damian_AirJump	4307001794363504	4307001794363505
2148	1002840	Quest_Paper_Recipe_KuKu_Pot_RoketBag	4307165003120752	4307165003120753
2149	1003748	Quest_Haldin_Stolen_Map	4311064833425520	4311064833425521
2150	1003757	Quest_Paper_Chocolate_Factory_BackPack	4311103488131184	4311103488131185
2151	1004904	Quest_Paper_MarniDragon_Boss_Rescue	4316029815619696	4316029815619697
2152	1005529	BlackBears_WantedPaper_Greyfur_Oongka	4318714170179696	4318714170179697
2153	1005530	BlackBears_WantedPaper_Greyfur_Yann	4318718465146992	4318718465146993
2154	1005531	BlackBears_WantedPaper_Greyfur_Nairah	4318722760114288	4318722760114289
2155	1005532	BlackBears_WantedPaper_Greyfur_Andrew	4318727055081584	4318727055081585
2156	1005533	BlackBears_WantedPaper_Greyfur_Russo	4318731350048880	4318731350048881
2157	1005534	BlackBears_WantedPaper_Greyfur_Roy	4318735645016176	4318735645016177
2158	1005538	Bandit_Greyfur_HuntingMap	4318752824885360	4318752824885361
2159	1004072	Quest_Paper_Crowman_Adoptation	4312456402829424	4312456402829425
2160	1004826	Quest_Paper_Ward_List	4315694808170608	4315694808170609
2161	1004073	Quest_Paper_Bastion_Secret	4312460697796720	4312460697796721
2162	1004074	Quest_Paper_Letter	4312464992764016	4312464992764017
2163	1004076	Quest_Paper_Gregor_Letter	4312473582698608	4312473582698609
2164	1004217	Quest_Paper_Gregor_Record	4313079173087344	4313079173087345
2165	1004077	Quest_Paper_DemenissPolice	4312477877665904	4312477877665905
2166	1004080	Quest_Paper_MasterDoo_Ideology	4312490762567792	4312490762567793
2167	1004081	Quest_Paper_MineFortress_Blueprint	4312495057535088	4312495057535089
2168	1004082	Quest_Paper_LaserTank_Blueprint	4312499352502384	4312499352502385
2169	1004083	Quest_Paper_Marnihouse_Blueprint	4312503647469680	4312503647469681
2170	1004084	Quest_Paper_BioExperiment_Blueprint	4312507942436976	4312507942436977
2171	1004236	Quest_Paper_Sentry_Journal	4313160777465968	4313160777465969
2172	1004265	Quest_WantedPaper_Traitor_Hit_List	4313285331517552	4313285331517553
2173	1004055	Quest_WantedPaper_Arsonist_TheFaceless	4312383388385392	4312383388385393
2174	1004075	Quest_Paper_Antumbra_Contract	4312469287731312	4312469287731313
2175	1004220	Quest_Paper_MoonScribbles_01	4313092057989232	4313092057989233
2176	1004221	Quest_Paper_MoonScribbles_02	4313096352956528	4313096352956529
2177	1004222	Quest_Paper_MoonScribbles_03	4313100647923824	4313100647923825
2178	1004089	Quest_Paper_Bankruptcy_Document	4312529417273456	4312529417273457
2179	1004223	Quest_Paper_Merrick_SeizureList	4313104942891120	4313104942891121
2180	1004224	Quest_Paper_Merrick_Letter	4313109237858416	4313109237858417
2181	1004225	Quest_Paper_NoblePropertyList	4313113532825712	4313113532825713
2182	1004090	Quest_Paper_Dismissal_Document	4312533712240752	4312533712240753
2183	1004286	Quest_Paper_Navy_Inquiry_Report	4313375525830768	4313375525830769
2184	1004093	Quest_Paper_Verdict_Treason	4312546597142640	4312546597142641
2185	1004094	Quest_Paper_Torn_Order	4312550892109936	4312550892109937
2186	1004095	Quest_Paper_Zoo_Flyer	4312555187077232	4312555187077233
2187	1004096	Quest_Paper_Balthazar_Memo	4312559482044528	4312559482044529
2188	1004097	Quest_Paper_Wyvern_Species_Memo	4312563777011824	4312563777011825
2189	1004098	Quest_Paper_Merchant_Warning	4312568071979120	4312568071979121
2190	1004099	Quest_Paper_DeadHunter_Journal	4312572366946416	4312572366946417
2191	1004103	Quest_Paper_LongleafForest_PatrolRecord	4312589546815600	4312589546815601
2192	1004105	Quest_Paper_Cult_Order	4312598136750192	4312598136750193
2193	1004241	Quest_Paper_Delinquency_Notice	4313182252302448	4313182252302449
2194	1004242	Quest_Paper_Seizure_Tag	4313186547269744	4313186547269745
2195	1004243	Quest_Paper_Heresy_WarningFlyer	4313190842237040	4313190842237041
2196	1004244	Quest_Paper_Heresy_Registry	4313195137204336	4313195137204337
2197	1004260	Quest_Paper_UltimateWeapon_Blueprint_01	4313263856681072	4313263856681073
2198	1004261	Quest_Paper_UltimateWeapon_Blueprint_02	4313268151648368	4313268151648369
2199	1004262	Quest_Paper_Orc_TechnicalList	4313272446615664	4313272446615665
2200	1004263	Quest_Paper_CaliburnSoldiers_Letter	4313276741582960	4313276741582961
2201	1004071	Zoo_Entry_Ticket	4312452107862128	4312452107862129
2202	1005411	Paper_WhiteCrow_Witch_Letter	4318207364038768	4318207364038769
2203	1005412	Paper_Engineer_Working_Memo	4318211659006064	4318211659006065
2204	1005413	ToWhiteBear_FromMyurdin_Letter	4318215953973360	4318215953973361
2205	1005414	Mechanicus_Marni_Memo	4318220248940656	4318220248940657
2206	1005415	Arboria_Caretaker_Journal	4318224543907952	4318224543907953
2207	1002322	Paper_Bruna	4304940210061424	4304940210061425
2208	1002415	Paper_Bruna_I	4305339642019952	4305339642019953
2209	1002475	Paper_Bruna_II	4305597340057712	4305597340057713
2210	1002968	Paper_Forex	4307714758934640	4307714758934641
2211	1003645	Paper_Forex_I	4310622451794032	4310622451794033
2212	1003665	Paper_Forex_II	4310708351139952	4310708351139953
2213	1003669	Paper_FriendNews	4310725531009136	4310725531009137
2214	1003670	Paper_FriendNews_I	4310729825976432	4310729825976433
2215	1003671	Paper_FriendNews_II	4310734120943728	4310734120943729
2216	1003676	Paper_Fiona	4310755595780208	4310755595780209
2217	1003677	Paper_Fiona_I	4310759890747504	4310759890747505
2218	1003680	Paper_FieldVoice	4310772775649392	4310772775649393
2219	1003681	Paper_FieldVoice_I	4310777070616688	4310777070616689
2220	1003682	Paper_Aldred	4310781365583984	4310781365583985
2221	1003683	Paper_Aldred_I	4310785660551280	4310785660551281
2222	1003684	Paper_Aldred_II	4310789955518576	4310789955518577
2223	1003689	Paper_BoundbyLies	4310811430355056	4310811430355057
2224	1003690	Paper_BoundbyLies_I	4310815725322352	4310815725322353
2225	1003694	Paper_Lenard	4310832905191536	4310832905191537
2226	1003695	Paper_Lenard_I	4310837200158832	4310837200158833
2227	1003703	Paper_Adelina	4310871559897200	4310871559897201
2228	1003704	Paper_Adelina_I	4310875854864496	4310875854864497
2229	1003705	Paper_Adelina_II	4310880149831792	4310880149831793
2230	1003706	Paper_Maiden	4310884444799088	4310884444799089
2231	1003707	Paper_Maiden_I	4310888739766384	4310888739766385
2232	1003708	Paper_Maiden_II	4310893034733680	4310893034733681
2233	1003709	Paper_Harveston	4310897329700976	4310897329700977
2234	1003710	Paper_Harveston_I	4310901624668272	4310901624668273
2235	1003711	Paper_Harveston_II	4310905919635568	4310905919635569
2236	1003712	Paper_Flint	4310910214602864	4310910214602865
2237	1003713	Paper_Flint_I	4310914509570160	4310914509570161
2238	1003716	Paper_Castiel	4310927394472048	4310927394472049
2239	1003717	Paper_Castiel_I	4310931689439344	4310931689439345
2240	1002576	Paper_VegetableBox	4306031131754608	4306031131754609
2241	1002581	Paper_Beatrice	4306052606591088	4306052606591089
2242	1000550	Paper_Eliza	4297329528012912	4297329528012913
2243	1002584	Paper_Eliza_I	4306065491492976	4306065491492977
2244	1002585	Paper_Omar	4306069786460272	4306069786460273
2245	1002589	Paper_Omar_I	4306086966329456	4306086966329457
2246	1002593	Paper_BraveToLove	4306104146198640	4306104146198641
2247	1002597	Paper_Ugmum	4306121326067824	4306121326067825
2248	1002600	Paper_Drianna	4306134210969712	4306134210969713
2249	1002604	Paper_Drianna_I	4306151390838896	4306151390838897
2250	1002637	Paper_Randel	4306293124759664	4306293124759665
2251	1002640	Paper_Randel_I	4306306009661552	4306306009661553
2252	1002646	Paper_Doni	4306331779465328	4306331779465329
2253	1002647	Paper_Doni_I	4306336074432624	4306336074432625
2254	1002482	Paper_SecretSip	4305627404828784	4305627404828785
2255	1002652	Paper_SecretSip_I	4306357549269104	4306357549269105
2256	1002655	Paper_RacingStage	4306370434170992	4306370434170993
2257	1002763	Paper_RacingStage_I	4306834290638960	4306834290638961
2258	1002765	Paper_Sniks	4306842880573552	4306842880573553
2259	1002767	Paper_Sniks_I	4306851470508144	4306851470508145
2260	1004304	Quest_Faction_Old_Royal_Edict	4313452835242096	4313452835242097
2261	1004305	Quest_Faction_Urdavah_Letter	4313457130209392	4313457130209393
2262	1004307	Quest_Faction_Payment_Statement	4313465720143984	4313465720143985
2263	1004308	Quest_Faction_Silvermoon_Merchant_Letter	4313470015111280	4313470015111281
2264	1004409	Quest_Faction_Silvermoon_Merchant_Letter_I	4313903806808176	4313903806808177
2265	1004410	Quest_Faction_Silvermoon_Merchant_Letter_II	4313908101775472	4313908101775473
2266	1004311	Quest_Faction_Sizlek_Plan	4313482900013168	4313482900013169
2267	1004312	Quest_Faction_Neutralzone_Strategy_Report	4313487194980464	4313487194980465
2268	1004313	Quest_Faction_Bastier_Report	4313491489947760	4313491489947761
2269	1004314	Quest_Faction_Demeniss_Notice	4313495784915056	4313495784915057
2270	1004301	Quest_Faction_Solumena_Doctrine	4313439950340208	4313439950340209
2271	14510	Marni_Devotee_PlateArmor_Helm	62319975465072	62319975465073
2272	14511	Marni_Devotee_PlateArmor_Helm_I	62324270432368	62324270432369
2273	1000231	Marni_Devotee_PlateArmor_Helm_II	4295959433445488	4295959433445489
2274	1000232	Marni_Devotee_PlateArmor_Helm_III	4295963728412784	4295963728412785
2275	1000233	Marni_Devotee_PlateArmor_Helm_IV	4295968023380080	4295968023380081
2276	1005668	Marni_Devotee_PlateArmor_Helm_Improved	4319311170633840	4319311170633841
2277	4334	Quest_BrokenVisionPro_Bremer	18614388260976	18614388260977
2278	4335	Quest_BrokenVisionPro_Ibano	18618683228272	18618683228273
2279	4336	Quest_BrokenVisionPro_ThiefCave	18622978195568	18622978195569
2280	4344	Quest_BrokenVisionPro_Witch_Kidnapped_Memory	18657337933936	18657337933937
2281	4377	Quest_BrokenVisionPro_MasterGrundir_Diary	18799071854704	18799071854705
2282	1000493	Visione_Chip_MarniFirstMeet	4297084714877040	4297084714877041
2283	1000386	Visione_Chip_Bremer	4296625153376368	4296625153376369
2284	1000387	Visione_Chip_Ibano	4296629448343664	4296629448343665
2285	1000388	Visione_Chip_ThiefCave	4296633743310960	4296633743310961
2286	1000271	Visione_Chip_Witch_Kidnapped_Memory	4296131232137328	4296131232137329
2287	1003658	Visione_Chip_Mansion_Marseille_Memory_I	4310678286368880	4310678286368881
2288	1003659	Visione_Chip_Mansion_Marseille_Memory_II	4310682581336176	4310682581336177
2289	1003660	Visione_Chip_Mansion_Byron_Memory	4310686876303472	4310686876303473
2290	1001529	Visione_Chip_Bloodcoronation	4301534300995696	4301534300995697
2291	1002218	Visione_Chip_AntumbraFanatic	4304493533462640	4304493533462641
2292	1002289	Visione_Chip_HiddenTreasure	4304798476140656	4304798476140657
2293	1002290	Visione_Chip_LadyJustice	4304802771107952	4304802771107953
2294	1002295	Visione_Chip_UndertheBridge	4304824245944432	4304824245944433
2295	1000566	Visione_Chip_NamelessHeorGrave	4297398247489648	4297398247489649
2296	1002313	Visione_Chip_JohnDoe	4304901555355760	4304901555355761
2297	1002314	Visione_Chip_TreeForestTomb	4304905850323056	4304905850323057
2298	1002315	Visione_Chip_WagonOnATree	4304910145290352	4304910145290353
2299	1002316	Visione_Chip_AbandonedHouse	4304914440257648	4304914440257649
2300	1002317	Visione_Chip_WeirdSkull	4304918735224944	4304918735224945
2301	1002318	Visione_Chip_Sculptor	4304923030192240	4304923030192241
2302	1002319	Visione_Chip_Hall	4304927325159536	4304927325159537
2303	1002183	Visione_Chip_RightHandStone	4304343209607280	4304343209607281
2304	1002321	Visione_Chip_HernandGibbet	4304935915094128	4304935915094129
2305	1002323	Visione_Chip_Suspiciouscult	4304944505028720	4304944505028721
2306	1002324	Visione_Chip_MeteorHouse	4304948799996016	4304948799996017
2307	1002325	Visione_Chip_RuinedHouse	4304953094963312	4304953094963313
2308	1002326	Visione_Chip_RuinedHouse_II	4304957389930608	4304957389930609
2309	1002327	Visione_Chip_Shipwreck	4304961684897904	4304961684897905
2310	1002328	Visione_Chip_LakeAltar	4304965979865200	4304965979865201
2311	1002392	Visione_Chip_LongleafTree_OmenMisfortune	4305240857772144	4305240857772145
2312	1002393	Visione_Chip_LongleafTree_HuntBegin	4305245152739440	4305245152739441
2313	1002394	Visione_Chip_LongleafTree_DailyLife	4305249447706736	4305249447706737
2314	1002332	Visione_Chip_FiveFingerMountain	4304983159734384	4304983159734385
2315	1002333	Visione_Chip_SwordAndThrone	4304987454701680	4304987454701681
2316	1002334	Visione_Chip_GiantBone	4304991749668976	4304991749668977
2317	1002335	Visione_Chip_BrokenMill	4304996044636272	4304996044636273
2318	1002336	Visione_Chip_GiantBallista	4305000339603568	4305000339603569
2319	1002337	Visione_Chip_TreeOfAxes	4305004634570864	4305004634570865
2320	1002338	Visione_Chip_MushroomCave	4305008929538160	4305008929538161
2321	1002339	Visione_Chip_Bonesrobbed	4305013224505456	4305013224505457
2322	1002340	Visione_Chip_Sinkhole	4305017519472752	4305017519472753
2323	1002342	Visione_Chip_CaveEntrance	4305026109407344	4305026109407345
2324	1002343	Visione_Chip_LightningstrikeTree	4305030404374640	4305030404374641
2325	1000767	Visione_Chip_DumpBell	4298261535916144	4298261535916145
2326	1002344	Visione_Chip_SafetyFlowerBush	4305034699341936	4305034699341937
2327	1000772	Visione_Chip_FallenBallon	4298283010752624	4298283010752625
2328	1000837	Visione_Chip_OldGrave	4298562183626864	4298562183626865
2329	1000955	Visione_Chip_GiantRoots	4299068989767792	4299068989767793
2330	1001074	Visione_Chip_AnchorForest	4299580090876016	4299580090876017
2331	1002424	Visione_Chip_KnottedHollow	4305378296725616	4305378296725617
2332	1002425	Visione_Chip_BolsteinnRuins	4305382591692912	4305382591692913
2333	1002426	Visione_Chip_MissingStatue	4305386886660208	4305386886660209
2334	1002427	Visione_Chip_ForsakenHome	4305391181627504	4305391181627505
2335	1002428	Visione_Chip_TrainThief	4305395476594800	4305395476594801
2336	1001075	Visione_Chip_BrokenWindmill	4299584385843312	4299584385843313
2337	1001076	Visione_Chip_Dungeon	4299588680810608	4299588680810609
2338	1001078	Visione_Chip_HumanUnderBridge	4299597270745200	4299597270745201
2339	1001079	Visione_Chip_PororinCave	4299601565712496	4299601565712497
2340	1001080	Visione_Chip_Roofless	4299605860679792	4299605860679793
2341	1001089	Visione_Chip_ZooHole	4299644515385456	4299644515385457
2342	1002185	Visione_Chip_FishingSpot	4304351799541872	4304351799541873
2343	1002259	Visione_Chip_SilenceShipwreck	4304669627121776	4304669627121777
2344	1002346	Visione_Chip_UnknownCave	4305043289276528	4305043289276529
2345	1002347	Visione_Chip_OminousProphecy	4305047584243824	4305047584243825
2346	1002348	Visione_Chip_MotherAndSon	4305051879211120	4305051879211121
2347	1002349	Visione_Chip_EmptyRanch	4305056174178416	4305056174178417
2348	1002350	Visione_Chip_OldKingOfTheSea	4305060469145712	4305060469145713
2349	1002351	Visione_Chip_DestroyedMerchantShip	4305064764113008	4305064764113009
2350	1002352	Visione_Chip_CliffUnderHome	4305069059080304	4305069059080305
2351	1002353	Visione_Chip_FishermanPlace	4305073354047600	4305073354047601
2352	1002320	Visione_Chip_riverdam	4304931620126832	4304931620126833
2353	1002354	Visione_Chip_emptycoffin	4305077649014896	4305077649014897
2354	1002356	Visione_Chip_pharmacy	4305086238949488	4305086238949489
2355	1000739	Visione_Chip_hernandcampsite	4298141276831856	4298141276831857
2356	1000740	Visione_Chip_vinevillage	4298145571799152	4298145571799153
2357	1000741	Visione_Chip_guardiandeity	4298149866766448	4298149866766449
2358	1000748	Visione_Chip_PetrifiedHumans	4298179931537520	4298179931537521
2359	1000749	Visione_Chip_BloodyFarmhouse	4298184226504816	4298184226504817
2360	1002361	Visione_Chip_RockShelter	4305107713785968	4305107713785969
2361	1002362	Visione_Chip_DesperateSituation	4305112008753264	4305112008753265
2362	1002363	Visione_Chip_OrcCamp	4305116303720560	4305116303720561
2363	1002364	Visione_Chip_WarNews	4305120598687856	4305120598687857
2364	1002466	Visione_Chip_GiantBoots	4305558685352048	4305558685352049
2365	1002468	Visione_Chip_FallenExplorer	4305567275286640	4305567275286641
2366	1002469	Visione_Chip_BigTreeRoots	4305571570253936	4305571570253937
2367	1002357	Visione_Chip_castleruincamp	4305090533916784	4305090533916785
2368	1002470	Visione_Chip_PaintedCave	4305575865221232	4305575865221233
2369	1002375	Visione_Chip_OasisShelter	4305167843328112	4305167843328113
2370	1002391	Visione_Chip_OldQuarry	4305236562804848	4305236562804849
2371	1002376	Visione_Chip_SandHole	4305172138295408	4305172138295409
2372	1002377	Visione_Chip_GreyRift	4305176433262704	4305176433262705
2373	1002477	Visione_Chip_BoneAndSword	4305605929992304	4305605929992305
2374	1002442	Visione_Chip_HelmaraVillageScrapGrave	4305455606136944	4305455606136945
2375	1002443	Visione_Chip_HatRock	4305459901104240	4305459901104241
2376	1002444	Visione_Chip_DemJohnDoe	4305464196071536	4305464196071537
2377	1002445	Visione_Chip_SaltRoadRuins	4305468491038832	4305468491038833
2378	1002446	Visione_Chip_DesertSwamp	4305472786006128	4305472786006129
2379	1002447	Visione_Chip_HolyGlass	4305477080973424	4305477080973425
2380	1002448	Visione_Chip_WisdomWell	4305481375940720	4305481375940721
2381	1002449	Visione_Chip_CarnageStreet	4305485670908016	4305485670908017
2382	1002450	Visione_Chip_VerheimRuins	4305489965875312	4305489965875313
2383	1002451	Visione_Chip_RockingStone	4305494260842608	4305494260842609
2384	1002452	Visione_Chip_WoodKnot	4305498555809904	4305498555809905
2385	1002453	Visione_Chip_StoryWell	4305502850777200	4305502850777201
2386	1002454	Visione_Chip_CrowdedBranch	4305507145744496	4305507145744497
2387	1002612	Visione_Chip_MuralCave	4306185750577264	4306185750577265
2388	1002613	Visione_Chip_BaronBarrel	4306190045544560	4306190045544561
2389	1002614	Visione_Chip_AbandonedMineVillage	4306194340511856	4306194340511857
2390	1002370	Visione_Chip_DesertShipwreck	4305146368491632	4305146368491633
2391	1002372	Visione_Chip_OasisMonument	4305154958426224	4305154958426225
2392	1002374	Visione_Chip_DeathSandpit	4305163548360816	4305163548360817
2393	1002381	Visione_Chip_PrecariousRock	4305193613131888	4305193613131889
2394	1002382	Visione_Chip_MushroomRock	4305197908099184	4305197908099185
2395	1002383	Visione_Chip_GodsGarden	4305202203066480	4305202203066481
2396	1002400	Visione_Chip_OwnerlessGrave	4305275217510512	4305275217510513
2397	1002401	Visione_Chip_DeadTree	4305279512477808	4305279512477809
2398	1002402	Visione_Chip_RectangularStone	4305283807445104	4305283807445105
2399	1002403	Visione_Chip_RuinsSite	4305288102412400	4305288102412401
2400	1002404	Visione_Chip_IguanaHatchery	4305292397379696	4305292397379697
2401	1002405	Visione_Chip_Bariklair	4305296692346992	4305296692346993
2402	1002432	Visione_Chip_MossyGenerator	4305412656463984	4305412656463985
2403	1002434	Visione_Chip_EntHunterLair	4305421246398576	4305421246398577
2404	1002435	Visione_Chip_RidgehunterLeatherMaker	4305425541365872	4305425541365873
2405	1002437	Visione_Chip_WindmillCoastShipWreck	4305434131300464	4305434131300465
2406	1002438	Visione_Chip_StonemireRuins	4305438426267760	4305438426267761
2407	1002458	Visione_Chip_ValleyRockWatchTower	4305524325613680	4305524325613681
2408	1002459	Visione_Chip_SavageFangStele	4305528620580976	4305528620580977
2409	1002561	Visione_Chip_ReventineWinery	4305966707245168	4305966707245169
2410	1002562	Visione_Chip_HayroofFarmWindmill	4305971002212464	4305971002212465
2411	1002563	Visione_Chip_HoopLakeCave	4305975297179760	4305975297179761
2412	1002564	Visione_Chip_WaterFallsCabin	4305979592147056	4305979592147057
2413	1002565	Visione_Chip_NoEenterZone	4305983887114352	4305983887114353
2414	1002619	Visione_Chip_DemenissFuture	4306215815348336	4306215815348337
2415	1002620	Visione_Chip_EndlessDanger	4306220110315632	4306220110315633
2416	1002621	Visione_Chip_BlockedSupply	4306224405282928	4306224405282929
2417	1002622	Visione_Chip_HellWoodFortGoblin	4306228700250224	4306228700250225
2418	1002623	Visione_Chip_OakenshieldManorhall	4306232995217520	4306232995217521
2419	1002624	Visione_Chip_BluemontManorAlley	4306237290184816	4306237290184817
2420	1002506	Visione_Chip_AntumbraAltar	4305730484043888	4305730484043889
2421	1002384	Visione_Chip_SkyBluePool	4305206498033776	4305206498033777
2422	1001081	Visione_Chip_StoneAltar	4299610155647088	4299610155647089
2423	1002397	Visione_Chip_PainterRegret	4305262332608624	4305262332608625
2424	1002398	Visione_Chip_IronWing	4305266627575920	4305266627575921
2425	1002329	Visione_Chip_DelesyiaBell	4304970274832496	4304970274832497
2426	1002330	Visione_Chip_MentalCareRoom	4304974569799792	4304974569799793
2427	1002331	Visione_Chip_VatnhollCamp	4304978864767088	4304978864767089
2428	1002399	Visione_Chip_MerchantRefuge	4305270922543216	4305270922543217
2429	1002417	Visione_Chip_DinosaurBones	4305348231954544	4305348231954545
2430	1002418	Visione_Chip_RordOfBones	4305352526921840	4305352526921841
2431	1002407	Visione_Chip_Bolmen	4305305282281584	4305305282281585
2432	1002408	Visione_Chip_LoggingCabin	4305309577248880	4305309577248881
2433	1002409	Visione_Chip_RockCreviceRuinse	4305313872216176	4305313872216177
2434	1002410	Visione_Chip_DeadTreeRoad	4305318167183472	4305318167183473
2435	1002411	Visione_Chip_ArcosaHouse	4305322462150768	4305322462150769
2436	1002412	Visione_Chip_OldBattlefield	4305326757118064	4305326757118065
2437	1002413	Visione_Chip_BloodTombstone	4305331052085360	4305331052085361
2438	1002414	Visione_Chip_precipicecoffin	4305335347052656	4305335347052657
2439	1002460	Visione_Chip_JungleRuins	4305532915548272	4305532915548273
2440	1002461	Visione_Chip_RockshroudRuins	4305537210515568	4305537210515569
2441	1002419	Visione_Chip_BursadaIslandRuins	4305356821889136	4305356821889137
2442	1002420	Visione_Chip_ZianeTomb	4305361116856432	4305361116856433
2443	1002421	Visione_Chip_ShipWreckOakBarrel	4305365411823728	4305365411823729
2444	1002422	Visione_Chip_SilverbrookRuins	4305369706791024	4305369706791025
2445	1002423	Visione_Chip_WoodenGazebo	4305374001758320	4305374001758321
2446	1002429	Visione_Chip_PailuneSecretBase	4305399771562096	4305399771562097
2447	1002430	Visione_Chip_ScaryHole	4305404066529392	4305404066529393
2448	1002431	Visione_Chip_OdeckHunterCamp	4305408361496688	4305408361496689
2449	1002439	Visione_Chip_EdgeAltar	4305442721235056	4305442721235057
2450	1002455	Visione_Chip_FireFlySwarm	4305511440711792	4305511440711793
2451	1002457	Visione_Chip_DemenissCabin	4305520030646384	4305520030646385
2452	1002462	Visione_Chip_CryingRock	4305541505482864	4305541505482865
2453	1002463	Visione_Chip_VikingTomb	4305545800450160	4305545800450161
2454	1002464	Visione_Chip_DelesiaAcademy	4305550095417456	4305550095417457
2455	1002465	Visione_Chip_GodTreeCamp	4305554390384752	4305554390384753
2456	1000764	Visione_Chip_BoneCollectorWagon	4298248651014256	4298248651014257
2457	1000765	Visione_Chip_TestToMarni	4298252945981552	4298252945981553
2458	1002507	Visione_Chip_ArcheryRange	4305734779011184	4305734779011185
2459	1002508	Visione_Chip_MaidsTales	4305739073978480	4305739073978481
2460	1002533	Visione_Chip_WreckedTradingShip	4305846448160880	4305846448160881
2461	1002572	Visione_Chip_BumperCrop	4306013951885424	4306013951885425
2462	1002573	Visione_Chip_BrookFieldManor	4306018246852720	4306018246852721
2463	1002575	Visione_Chip_LioncrestManor	4306026836787312	4306026836787313
2464	1002486	Visione_Chip_DanteAndBleed	4305644584697968	4305644584697969
2465	1002487	Visione_Chip_UpLionTower	4305648879665264	4305648879665265
2466	1002488	Visione_Chip_BrokenRaft	4305653174632560	4305653174632561
2467	1002607	Visione_Chip_FiresideTale	4306164275740784	4306164275740785
2468	1002617	Visione_Chip_RootFortress	4306207225413744	4306207225413745
2469	1002618	Visione_Chip_RiverwardOutpost	4306211520381040	4306211520381041
2470	1002630	Visione_Chip_MysteryTower	4306263059988592	4306263059988593
2471	1002633	Visione_Chip_LampkeeperPatrol	4306275944890480	4306275944890481
2472	1002635	Visione_Chip_DesertCrocodile	4306284534825072	4306284534825073
2473	1002440	Visione_Chip_SmugglerDock	4305447016202352	4305447016202353
2474	1002441	Visione_Chip_Meteor	4305451311169648	4305451311169649
2475	1002591	Visione_Chip_Alustainroom	4306095556264048	4306095556264049
2476	1002595	Visione_Chip_Splithornrobber	4306112736133232	4306112736133233
2477	1002598	Visione_Chip_Oakenshieldmanor	4306125621035120	4306125621035121
2478	1002601	Visione_Chip_Halsius	4306138505937008	4306138505937009
2479	1002605	Visione_Chip_GraceMansionStorage	4306155685806192	4306155685806193
2480	1002638	Visione_Chip_GraceMansion	4306297419726960	4306297419726961
2481	1002641	Visione_Chip_Kukucraft	4306310304628848	4306310304628849
2482	1002663	Visione_Chip_Trolluniversity	4306404793909360	4306404793909361
2483	1002664	Visione_Chip_HernandcastleBallroom	4306409088876656	4306409088876657
2484	1002665	Visione_Chip_DemenissOrphanage	4306413383843952	4306413383843953
2485	1002666	Visione_Chip_Crowmanribentain	4306417678811248	4306417678811249
2486	1002667	Visione_Chip_HernandcastleChamber	4306421973778544	4306421973778545
2487	1002668	Visione_Chip_Pailoonoldtree	4306426268745840	4306426268745841
2488	1002669	Visione_Chip_Mjordinludvig	4306430563713136	4306430563713137
2489	1002670	Visione_Chip_Pailoonwatergate	4306434858680432	4306434858680433
2490	1002671	Visione_Chip_Azureiansister	4306439153647728	4306439153647729
2491	1002690	Visione_Chip_Orcneutralzone	4306520758026352	4306520758026353
2492	1002691	Visione_Chip_Marnisecretplace	4306525052993648	4306525052993649
2493	1003744	Visione_Chip_Abyss_Platform_01	4311047653556336	4311047653556337
2494	1003745	Visione_Chip_Abyss_Platform_02	4311051948523632	4311051948523633
2495	1003746	Visione_Chip_Abyss_Platform_03	4311056243490928	4311056243490929
2496	1002989	Visione_Chip_HiddenSpace_0001	4307804953247856	4307804953247857
2497	1002990	Visione_Chip_HiddenSpace_0002	4307809248215152	4307809248215153
2498	1002991	Visione_Chip_HiddenSpace_0003	4307813543182448	4307813543182449
2499	1002992	Visione_Chip_HiddenSpace_0004	4307817838149744	4307817838149745
2500	1002993	Visione_Chip_HiddenSpace_0005	4307822133117040	4307822133117041
2501	1002994	Visione_Chip_HiddenSpace_0006	4307826428084336	4307826428084337
2502	1002995	Visione_Chip_HiddenSpace_0007	4307830723051632	4307830723051633
2503	1002996	Visione_Chip_HiddenSpace_0008	4307835018018928	4307835018018929
2504	1002997	Visione_Chip_HiddenSpace_0009	4307839312986224	4307839312986225
2505	1002998	Visione_Chip_HiddenSpace_0010	4307843607953520	4307843607953521
2506	1002999	Visione_Chip_HiddenSpace_0011	4307847902920816	4307847902920817
2507	1003000	Visione_Chip_HiddenSpace_0012	4307852197888112	4307852197888113
2508	1003001	Visione_Chip_HiddenSpace_0013	4307856492855408	4307856492855409
2509	1003002	Visione_Chip_HiddenSpace_0014	4307860787822704	4307860787822705
2510	1003003	Visione_Chip_HiddenSpace_0015	4307865082790000	4307865082790001
2511	1003004	Visione_Chip_HiddenSpace_0016	4307869377757296	4307869377757297
2512	1003005	Visione_Chip_HiddenSpace_0017	4307873672724592	4307873672724593
2513	1003006	Visione_Chip_HiddenSpace_0018	4307877967691888	4307877967691889
2514	1003007	Visione_Chip_HiddenSpace_0019	4307882262659184	4307882262659185
2515	1003008	Visione_Chip_HiddenSpace_0020	4307886557626480	4307886557626481
2516	1003009	Visione_Chip_HiddenSpace_0021	4307890852593776	4307890852593777
2517	1003010	Visione_Chip_HiddenSpace_0022	4307895147561072	4307895147561073
2518	1003011	Visione_Chip_HiddenSpace_0023	4307899442528368	4307899442528369
2519	1003012	Visione_Chip_HiddenSpace_0024	4307903737495664	4307903737495665
2520	1003013	Visione_Chip_HiddenSpace_0025	4307908032462960	4307908032462961
2521	1003014	Visione_Chip_HiddenSpace_0026	4307912327430256	4307912327430257
2522	1003015	Visione_Chip_HiddenSpace_0027	4307916622397552	4307916622397553
2523	1003016	Visione_Chip_HiddenSpace_0028	4307920917364848	4307920917364849
2524	1003017	Visione_Chip_HiddenSpace_0029	4307925212332144	4307925212332145
2525	1003018	Visione_Chip_HiddenSpace_0030	4307929507299440	4307929507299441
2526	1003019	Visione_Chip_HiddenSpace_0031	4307933802266736	4307933802266737
2527	1003020	Visione_Chip_HiddenSpace_0032	4307938097234032	4307938097234033
2528	1003021	Visione_Chip_HiddenSpace_0033	4307942392201328	4307942392201329
2529	1003022	Visione_Chip_HiddenSpace_0034	4307946687168624	4307946687168625
2530	1003023	Visione_Chip_HiddenSpace_0035	4307950982135920	4307950982135921
2531	1003024	Visione_Chip_HiddenSpace_0036	4307955277103216	4307955277103217
2532	1003025	Visione_Chip_HiddenSpace_0037	4307959572070512	4307959572070513
2533	1003026	Visione_Chip_HiddenSpace_0038	4307963867037808	4307963867037809
2534	1003027	Visione_Chip_HiddenSpace_0039	4307968162005104	4307968162005105
2535	1003028	Visione_Chip_HiddenSpace_0040	4307972456972400	4307972456972401
2536	1003029	Visione_Chip_HiddenSpace_0041	4307976751939696	4307976751939697
2537	1003030	Visione_Chip_HiddenSpace_0042	4307981046906992	4307981046906993
2538	1003031	Visione_Chip_HiddenSpace_0043	4307985341874288	4307985341874289
2539	1003032	Visione_Chip_HiddenSpace_0044	4307989636841584	4307989636841585
2540	1003033	Visione_Chip_HiddenSpace_0045	4307993931808880	4307993931808881
2541	1003034	Visione_Chip_HiddenSpace_0046	4307998226776176	4307998226776177
2542	1003035	Visione_Chip_HiddenSpace_0047	4308002521743472	4308002521743473
2543	1003036	Visione_Chip_HiddenSpace_0048	4308006816710768	4308006816710769
2544	1003037	Visione_Chip_HiddenSpace_0049	4308011111678064	4308011111678065
2545	1003038	Visione_Chip_HiddenSpace_0050	4308015406645360	4308015406645361
2546	1003039	Visione_Chip_HiddenSpace_0051	4308019701612656	4308019701612657
2547	1003040	Visione_Chip_HiddenSpace_0052	4308023996579952	4308023996579953
2548	1003041	Visione_Chip_HiddenSpace_0053	4308028291547248	4308028291547249
2549	1003042	Visione_Chip_HiddenSpace_0054	4308032586514544	4308032586514545
2550	1003043	Visione_Chip_HiddenSpace_0055	4308036881481840	4308036881481841
2551	1003044	Visione_Chip_HiddenSpace_0056	4308041176449136	4308041176449137
2552	1003045	Visione_Chip_HiddenSpace_0057	4308045471416432	4308045471416433
2553	1003046	Visione_Chip_HiddenSpace_0058	4308049766383728	4308049766383729
2554	1003047	Visione_Chip_HiddenSpace_0059	4308054061351024	4308054061351025
2555	1003048	Visione_Chip_HiddenSpace_0060	4308058356318320	4308058356318321
2556	1003049	Visione_Chip_HiddenSpace_0061	4308062651285616	4308062651285617
2557	1003050	Visione_Chip_HiddenSpace_0062	4308066946252912	4308066946252913
2558	1003051	Visione_Chip_HiddenSpace_0063	4308071241220208	4308071241220209
2559	1003052	Visione_Chip_HiddenSpace_0064	4308075536187504	4308075536187505
2560	1003053	Visione_Chip_HiddenSpace_0065	4308079831154800	4308079831154801
2561	1003054	Visione_Chip_HiddenSpace_0066	4308084126122096	4308084126122097
2562	1003055	Visione_Chip_HiddenSpace_0067	4308088421089392	4308088421089393
2563	1003056	Visione_Chip_HiddenSpace_0068	4308092716056688	4308092716056689
2564	1003057	Visione_Chip_HiddenSpace_0069	4308097011023984	4308097011023985
2565	1003058	Visione_Chip_HiddenSpace_0070	4308101305991280	4308101305991281
2566	1003059	Visione_Chip_HiddenSpace_0071	4308105600958576	4308105600958577
2567	1003060	Visione_Chip_HiddenSpace_0072	4308109895925872	4308109895925873
2568	1003061	Visione_Chip_HiddenSpace_0073	4308114190893168	4308114190893169
2569	1003062	Visione_Chip_HiddenSpace_0074	4308118485860464	4308118485860465
2570	1003063	Visione_Chip_HiddenSpace_0075	4308122780827760	4308122780827761
2571	1003064	Visione_Chip_HiddenSpace_0076	4308127075795056	4308127075795057
2572	1003065	Visione_Chip_HiddenSpace_0077	4308131370762352	4308131370762353
2573	1003066	Visione_Chip_HiddenSpace_0078	4308135665729648	4308135665729649
2574	1003067	Visione_Chip_HiddenSpace_0079	4308139960696944	4308139960696945
2575	1003068	Visione_Chip_HiddenSpace_0080	4308144255664240	4308144255664241
2576	1003069	Visione_Chip_HiddenSpace_0081	4308148550631536	4308148550631537
2577	1003070	Visione_Chip_HiddenSpace_0082	4308152845598832	4308152845598833
2578	1003071	Visione_Chip_HiddenSpace_0083	4308157140566128	4308157140566129
2579	1003072	Visione_Chip_HiddenSpace_0084	4308161435533424	4308161435533425
2580	1003073	Visione_Chip_HiddenSpace_0085	4308165730500720	4308165730500721
2581	1003074	Visione_Chip_HiddenSpace_0086	4308170025468016	4308170025468017
2582	1003075	Visione_Chip_HiddenSpace_0087	4308174320435312	4308174320435313
2583	1003076	Visione_Chip_HiddenSpace_0088	4308178615402608	4308178615402609
2584	1003077	Visione_Chip_HiddenSpace_0089	4308182910369904	4308182910369905
2585	1003078	Visione_Chip_HiddenSpace_0090	4308187205337200	4308187205337201
2586	1003079	Visione_Chip_HiddenSpace_0091	4308191500304496	4308191500304497
2587	1003080	Visione_Chip_HiddenSpace_0092	4308195795271792	4308195795271793
2588	1003081	Visione_Chip_HiddenSpace_0093	4308200090239088	4308200090239089
2589	1003082	Visione_Chip_HiddenSpace_0094	4308204385206384	4308204385206385
2590	1003083	Visione_Chip_HiddenSpace_0095	4308208680173680	4308208680173681
2591	1003084	Visione_Chip_HiddenSpace_0096	4308212975140976	4308212975140977
2592	1003085	Visione_Chip_HiddenSpace_0097	4308217270108272	4308217270108273
2593	1003086	Visione_Chip_HiddenSpace_0098	4308221565075568	4308221565075569
2594	1003087	Visione_Chip_HiddenSpace_0099	4308225860042864	4308225860042865
2595	1003088	Visione_Chip_HiddenSpace_0100	4308230155010160	4308230155010161
2596	1003089	Visione_Chip_HiddenSpace_0101	4308234449977456	4308234449977457
2597	1003090	Visione_Chip_HiddenSpace_0102	4308238744944752	4308238744944753
2598	1003091	Visione_Chip_HiddenSpace_0103	4308243039912048	4308243039912049
2599	1003092	Visione_Chip_HiddenSpace_0104	4308247334879344	4308247334879345
2600	1003093	Visione_Chip_HiddenSpace_0105	4308251629846640	4308251629846641
2601	1003094	Visione_Chip_HiddenSpace_0106	4308255924813936	4308255924813937
2602	1003095	Visione_Chip_HiddenSpace_0107	4308260219781232	4308260219781233
2603	1003096	Visione_Chip_HiddenSpace_0108	4308264514748528	4308264514748529
2604	1003097	Visione_Chip_HiddenSpace_0109	4308268809715824	4308268809715825
2605	1003098	Visione_Chip_HiddenSpace_0110	4308273104683120	4308273104683121
2606	1003099	Visione_Chip_HiddenSpace_0111	4308277399650416	4308277399650417
2607	1003100	Visione_Chip_HiddenSpace_0112	4308281694617712	4308281694617713
2608	1003101	Visione_Chip_HiddenSpace_0113	4308285989585008	4308285989585009
2609	1003102	Visione_Chip_HiddenSpace_0114	4308290284552304	4308290284552305
2610	1003103	Visione_Chip_HiddenSpace_0115	4308294579519600	4308294579519601
2611	1003104	Visione_Chip_HiddenSpace_0116	4308298874486896	4308298874486897
2612	1003105	Visione_Chip_HiddenSpace_0117	4308303169454192	4308303169454193
2613	1003106	Visione_Chip_HiddenSpace_0118	4308307464421488	4308307464421489
2614	1003107	Visione_Chip_HiddenSpace_0119	4308311759388784	4308311759388785
2615	1003108	Visione_Chip_HiddenSpace_0120	4308316054356080	4308316054356081
2616	1003109	Visione_Chip_HiddenSpace_0121	4308320349323376	4308320349323377
2617	1003110	Visione_Chip_HiddenSpace_0122	4308324644290672	4308324644290673
2618	1003111	Visione_Chip_HiddenSpace_0123	4308328939257968	4308328939257969
2619	1003112	Visione_Chip_HiddenSpace_0124	4308333234225264	4308333234225265
2620	1003113	Visione_Chip_HiddenSpace_0125	4308337529192560	4308337529192561
2621	1003114	Visione_Chip_HiddenSpace_0126	4308341824159856	4308341824159857
2622	1003115	Visione_Chip_HiddenSpace_0127	4308346119127152	4308346119127153
2623	1003116	Visione_Chip_HiddenSpace_0128	4308350414094448	4308350414094449
2624	1003117	Visione_Chip_HiddenSpace_0129	4308354709061744	4308354709061745
2625	1003118	Visione_Chip_HiddenSpace_0130	4308359004029040	4308359004029041
2626	1003119	Visione_Chip_HiddenSpace_0131	4308363298996336	4308363298996337
2627	1003120	Visione_Chip_HiddenSpace_0132	4308367593963632	4308367593963633
2628	1003121	Visione_Chip_HiddenSpace_0133	4308371888930928	4308371888930929
2629	1003122	Visione_Chip_HiddenSpace_0134	4308376183898224	4308376183898225
2630	1003123	Visione_Chip_HiddenSpace_0135	4308380478865520	4308380478865521
2631	1003124	Visione_Chip_HiddenSpace_0136	4308384773832816	4308384773832817
2632	1003125	Visione_Chip_HiddenSpace_0137	4308389068800112	4308389068800113
2633	1003126	Visione_Chip_HiddenSpace_0138	4308393363767408	4308393363767409
2634	1003127	Visione_Chip_HiddenSpace_0139	4308397658734704	4308397658734705
2635	1003128	Visione_Chip_HiddenSpace_0140	4308401953702000	4308401953702001
2636	1003129	Visione_Chip_HiddenSpace_0141	4308406248669296	4308406248669297
2637	1003130	Visione_Chip_HiddenSpace_0142	4308410543636592	4308410543636593
2638	1003131	Visione_Chip_HiddenSpace_0143	4308414838603888	4308414838603889
2639	1003132	Visione_Chip_HiddenSpace_0144	4308419133571184	4308419133571185
2640	1003133	Visione_Chip_HiddenSpace_0145	4308423428538480	4308423428538481
2641	1003134	Visione_Chip_HiddenSpace_0146	4308427723505776	4308427723505777
2642	1003135	Visione_Chip_HiddenSpace_0147	4308432018473072	4308432018473073
2643	1003136	Visione_Chip_HiddenSpace_0148	4308436313440368	4308436313440369
2644	1003137	Visione_Chip_HiddenSpace_0149	4308440608407664	4308440608407665
2645	1003138	Visione_Chip_HiddenSpace_0150	4308444903374960	4308444903374961
2646	1003139	Visione_Chip_HiddenSpace_0151	4308449198342256	4308449198342257
2647	1003140	Visione_Chip_HiddenSpace_0152	4308453493309552	4308453493309553
2648	1003141	Visione_Chip_HiddenSpace_0153	4308457788276848	4308457788276849
2649	1003142	Visione_Chip_HiddenSpace_0154	4308462083244144	4308462083244145
2650	1003143	Visione_Chip_HiddenSpace_0155	4308466378211440	4308466378211441
2651	1003144	Visione_Chip_HiddenSpace_0156	4308470673178736	4308470673178737
2652	1004319	Visione_Chip_Alustin_Journal_0001	4313517259751536	4313517259751537
2653	1004320	Visione_Chip_Alustin_Journal_0002	4313521554718832	4313521554718833
2654	1004321	Visione_Chip_Alustin_Journal_0003	4313525849686128	4313525849686129
2655	1004322	Visione_Chip_Alustin_Journal_0004	4313530144653424	4313530144653425
2656	1004323	Visione_Chip_Alustin_Journal_0005	4313534439620720	4313534439620721
2657	1004324	Visione_Chip_Alustin_Journal_0006	4313538734588016	4313538734588017
2658	1004325	Visione_Chip_Alustin_Journal_0007	4313543029555312	4313543029555313
2659	1004326	Visione_Chip_Alustin_Journal_0008	4313547324522608	4313547324522609
2660	1004327	Visione_Chip_Alustin_Journal_0009	4313551619489904	4313551619489905
2661	1004328	Visione_Chip_Alustin_Journal_0010	4313555914457200	4313555914457201
2662	1004329	Visione_Chip_Alustin_Journal_0011	4313560209424496	4313560209424497
2663	1004330	Visione_Chip_Alustin_Journal_0012	4313564504391792	4313564504391793
2664	1004331	Visione_Chip_Alustin_Journal_0013	4313568799359088	4313568799359089
2665	1004332	Visione_Chip_Alustin_Journal_0014	4313573094326384	4313573094326385
2666	1004333	Visione_Chip_Alustin_Journal_0015	4313577389293680	4313577389293681
2667	1004334	Visione_Chip_Alustin_Journal_0016	4313581684260976	4313581684260977
2668	1004335	Visione_Chip_Alustin_Journal_0017	4313585979228272	4313585979228273
2669	1004336	Visione_Chip_Alustin_Journal_0018	4313590274195568	4313590274195569
2670	1004337	Visione_Chip_Alustin_Journal_0019	4313594569162864	4313594569162865
2671	1004338	Visione_Chip_Alustin_Journal_0020	4313598864130160	4313598864130161
2672	1004339	Visione_Chip_Alustin_Journal_0021	4313603159097456	4313603159097457
2673	1004340	Visione_Chip_Alustin_Journal_0022	4313607454064752	4313607454064753
2674	1004341	Visione_Chip_Alustin_Journal_0023	4313611749032048	4313611749032049
2675	1004342	Visione_Chip_Alustin_Journal_0024	4313616043999344	4313616043999345
2676	1004343	Visione_Chip_Alustin_Journal_0025	4313620338966640	4313620338966641
2677	1004344	Visione_Chip_Alustin_Journal_0026	4313624633933936	4313624633933937
2678	1004345	Visione_Chip_Alustin_Journal_0027	4313628928901232	4313628928901233
2679	1004346	Visione_Chip_Alustin_Journal_0028	4313633223868528	4313633223868529
2680	1004347	Visione_Chip_Alustin_Journal_0029	4313637518835824	4313637518835825
2681	1004348	Visione_Chip_Alustin_Journal_0030	4313641813803120	4313641813803121
2682	1004349	Visione_Chip_Alustin_Journal_0031	4313646108770416	4313646108770417
2683	1004350	Visione_Chip_Alustin_Journal_0032	4313650403737712	4313650403737713
2684	1004351	Visione_Chip_Alustin_Journal_0033	4313654698705008	4313654698705009
2685	1004352	Visione_Chip_Alustin_Journal_0034	4313658993672304	4313658993672305
2686	1004353	Visione_Chip_Alustin_Journal_0035	4313663288639600	4313663288639601
2687	1004354	Visione_Chip_Alustin_Journal_0036	4313667583606896	4313667583606897
2688	1004355	Visione_Chip_Alustin_Journal_0037	4313671878574192	4313671878574193
2689	1004356	Visione_Chip_Alustin_Journal_0038	4313676173541488	4313676173541489
2690	1004357	Visione_Chip_Alustin_Journal_0039	4313680468508784	4313680468508785
2691	1004358	Visione_Chip_Alustin_Journal_0040	4313684763476080	4313684763476081
2692	1004359	Visione_Chip_Alustin_Journal_0041	4313689058443376	4313689058443377
2693	1004360	Visione_Chip_Alustin_Journal_0042	4313693353410672	4313693353410673
2694	1003838	Riding_Bear_Claw	4311451380482160	4311451380482161
2695	1003839	Riding_Wolf_Tooth	4311455675449456	4311455675449457
2696	1003840	Riding_Deer_Horn	4311459970416752	4311459970416753
2697	1003841	Riding_AlpineIbex_Horn	4311464265384048	4311464265384049
2698	1003842	Riding_Warthog_Tooth	4311468560351344	4311468560351345
2699	1003920	Pet_Phoenix_Feather	4311803567800432	4311803567800433
2700	1003843	Riding_Bear_Amulet	4311472855318640	4311472855318641
2701	1003844	Riding_Wolf_Amulet	4311477150285936	4311477150285937
2702	1003845	Riding_Deer_Amulet	4311481445253232	4311481445253233
2703	1003846	Riding_AlpineIbex_Amulet	4311485740220528	4311485740220529
2704	1003847	Riding_Warthog_Amulet	4311490035187824	4311490035187825
2705	1003921	Pet_Phoenix_Amulet	4311807862767728	4311807862767729
2706	1001170	Trade_Golden_Sword_Unpack	4299992407736432	4299992407736433
2707	1004388	Item_Egg_KuKu	4313813612494960	4313813612494961
2708	1004389	Item_Egg_Wyvern	4313817907462256	4313817907462257
2709	1000859	Paper_ReventineMonastery_Document	4298656672907376	4298656672907377
2710	1001605	CharacterCustomize_Damian_DefultHair	4301860718510192	4301860718510193
2711	1001740	CharacterCustomize_Damian_TieHair	4302440539095152	4302440539095153
2712	1000389	Notepad	4296638038278256	4296638038278257
2713	1000390	Feather_Pen	4296642333245552	4296642333245553
2714	1003363	Item_Scale	4309411271016560	4309411271016561
2715	1000329	Abacus	4296380340240496	4296380340240497
2716	1000529	CharacterCustomize_Oongka_Arm_Aging	4297239333699696	4297239333699697
2717	1000064	CharacterCustomize_Kliff_Neck_Scar	4295242173907056	4295242173907057
2718	1002857	CharacterCustomize_Kliff_Aging	4307238017564784	4307238017564785
2719	1003755	CharacterCustomize_Kliff_Deaging	4311094898196592	4311094898196593
2720	801001	Permit_Her_Pass	3440273099063408	3440273099063409
2721	802204	MonasteryVisitorPass	3445439944720496	3445439944720497
2722	1001762	License_Operation_HernandBank	4302535028375664	4302535028375665
2723	1004546	License_Operation_CopperPaperBank	4314492217327728	4314492217327729
2724	1002860	Permit_Her_Furniture	4307250902466672	4307250902466673
2725	1002861	Permit_Dem_Furniture	4307255197433968	4307255197433969
2726	1002868	Permit_Del_Furniture	4307285262205040	4307285262205041
2727	1002869	Permit_Kwe_Furniture	4307289557172336	4307289557172337
2728	1001954	Permit_Her_Costume	4303359662096496	4303359662096497
2729	1003145	Permit_Cal_Costume	4308474968146032	4308474968146033
2730	1003146	Permit_Dem_Costume	4308479263113328	4308479263113329
2731	1003147	Permit_Tar_Costume	4308483558080624	4308483558080625
2732	1003148	Permit_DemZoo_Costume	4308487853047920	4308487853047921
2733	1003149	Permit_Del_Costume	4308492148015216	4308492148015217
2734	1003150	Permit_Pai_Costume	4308496442982512	4308496442982513
2735	1003151	Permit_Tash_Costume	4308500737949808	4308500737949809
2736	1003152	Permit_Var_Costume	4308505032917104	4308505032917105
2737	1003153	Permit_Her_Equipment	4308509327884400	4308509327884401
2738	1003154	Permit_Kha_Equipment	4308513622851696	4308513622851697
2739	1003155	Permit_Cal_Equipment	4308517917818992	4308517917818993
2740	1003156	Permit_Dem_Equipment	4308522212786288	4308522212786289
2741	1003157	Permit_Tar_Equipment	4308526507753584	4308526507753585
2742	1003158	Permit_Str_Equipment	4308530802720880	4308530802720881
2743	1003159	Permit_Del_Equipment	4308535097688176	4308535097688177
2744	1003160	Permit_Pai_Equipment	4308539392655472	4308539392655473
2745	1003161	Permit_Skog_Equipment	4308543687622768	4308543687622769
2746	1003162	Permit_Odeck_Equipment	4308547982590064	4308547982590065
2747	1003163	Permit_Var_Equipment	4308552277557360	4308552277557361
2748	1003164	Permit_Tash_Equipment	4308556572524656	4308556572524657
2749	1003329	Permit_Her_Tavern	4309265242128496	4309265242128497
2750	1003330	Permit_Cal_Tavern	4309269537095792	4309269537095793
2751	1003331	Permit_Kha_Tavern	4309273832063088	4309273832063089
2752	1003332	Permit_Dem_Tavern	4309278127030384	4309278127030385
2753	1003333	Permit_Del_Tavern	4309282421997680	4309282421997681
2754	1003334	Permit_Pai_Tavern	4309286716964976	4309286716964977
2755	1003335	Permit_Tash_Tavern	4309291011932272	4309291011932273
2756	1003336	Permit_Var_Tavern	4309295306899568	4309295306899569
2757	1003172	Permit_Her_General	4308590932263024	4308590932263025
2758	1003173	Permit_Cal_General	4308595227230320	4308595227230321
2759	1003174	Permit_Del_General	4308599522197616	4308599522197617
2760	1003175	Permit_Pai_General	4308603817164912	4308603817164913
2761	1003176	Permit_Bei_General	4308608112132208	4308608112132209
2762	1003177	Permit_Dem_General	4308612407099504	4308612407099505
2763	1003178	Permit_Tash_General	4308616702066800	4308616702066801
2764	1003179	Permit_Var_General	4308620997034096	4308620997034097
2765	1003180	Permit_Vellua_General	4308625292001392	4308625292001393
2766	1003181	Permit_Skog_General	4308629586968688	4308629586968689
2767	1001778	Permit_Her_Seed	4302603747852400	4302603747852401
2768	1003182	Permit_Cal_Seed	4308633881935984	4308633881935985
2769	1003183	Permit_Dem_Seed	4308638176903280	4308638176903281
2770	1003184	Permit_Del_Seed	4308642471870576	4308642471870577
2771	1003185	Permit_Pai_Seed	4308646766837872	4308646766837873
2772	1003186	Permit_Tash_Seed	4308651061805168	4308651061805169
2773	1003187	Permit_Var_Seed	4308655356772464	4308655356772465
2774	1002872	Legend_PureWhite_Deer_Report	4307302442074224	4307302442074225
2775	1002873	Legend_Vined_Deer_Report	4307306737041520	4307306737041521
2776	1002874	Legend_Black_Lion_Report	4307311032008816	4307311032008817
2777	1002875	Legend_White_Lion_Report	4307315326976112	4307315326976113
2778	1002876	Legend_PureWhite_Bion_Report	4307319621943408	4307319621943409
2779	1002879	Legend_White_Moose_Report	4307332506845296	4307332506845297
2780	1002882	Legend_White_Crocodile_Report	4307345391747184	4307345391747185
2781	1002888	Legend_White_Stag_Report	4307371161550960	4307371161550961
2782	1002895	Legend_Redriver_hog_Report	4307401226322032	4307401226322033
2783	1002917	Legend_LeeburtheShadowWolf_Report	4307495715602544	4307495715602545
2784	1002918	Legend_SilverFangs_Report	4307500010569840	4307500010569841
2785	1002919	Tiger_Report	4307504305537136	4307504305537137
2786	1002956	White_Horse_Report	4307663219327088	4307663219327089
2787	1002957	Black_Horse_Report	4307667514294384	4307667514294385
2788	1002958	RedHare_Horse_Report	4307671809261680	4307671809261681
2789	1002959	Legend_White_Bear_Wild_Report	4307676104228976	4307676104228977
2790	1002960	Legend_Giant_Bull_Report	4307680399196272	4307680399196273
2791	1002961	Legend_Phoenix_Wild_Report	4307684694163568	4307684694163569
2792	1002962	Boss_Hyena_Skevald_Report	4307688989130864	4307688989130865
2793	1002963	Legend_GoldenTench_Report	4307693284098160	4307693284098161
2794	1002964	Legend_Coelacanth_Report	4307697579065456	4307697579065457
2795	1002965	Legend_Golden_Coelacanth_Report	4307701874032752	4307701874032753
2796	1002966	Legend_GoldenCarp_Report	4307706169000048	4307706169000049
2797	1002967	Marni_MachineFish_Report	4307710463967344	4307710463967345
2798	1004361	Legend_Macaw_Parrot_Report	4313697648377968	4313697648377969
2799	1004362	Legend_Machine_Eagle_Report	4313701943345264	4313701943345265
2800	1004559	Piranhas_Report	4314548051902576	4314548051902577
2801	75001	Abyss_Artifact	322126842167408	322126842167409
2802	75002	Deactived_Abyss_Artifact	322131137134704	322131137134705
2803	75000	First_Artifact	322122547200112	322122547200113
2804	1000822	Sealed_Abyss_Artifact_0001	4298497759117424	4298497759117425
2805	1000823	Sealed_Abyss_Artifact_0002	4298502054084720	4298502054084721
2806	1000339	Sealed_Abyss_Artifact_0003	4296423289913456	4296423289913457
2807	1000552	Sealed_Abyss_Artifact_0004	4297338117947504	4297338117947505
2808	1000693	Sealed_Abyss_Artifact_0005	4297943708336240	4297943708336241
2809	1000721	Sealed_Abyss_Artifact_0006	4298063967420528	4298063967420529
2810	1000751	Sealed_Abyss_Artifact_0007	4298192816439408	4298192816439409
2811	1000752	Sealed_Abyss_Artifact_0008	4298197111406704	4298197111406705
2812	1000423	Sealed_Abyss_Artifact_0009	4296784067166320	4296784067166321
2813	1000753	Sealed_Abyss_Artifact_0010	4298201406374000	4298201406374001
2814	1000812	Sealed_Abyss_Artifact_0011	4298454809444464	4298454809444465
2815	1000814	Sealed_Abyss_Artifact_0012	4298463399379056	4298463399379057
2816	1000830	Sealed_Abyss_Artifact_0013	4298532118855792	4298532118855793
2817	1000831	Sealed_Abyss_Artifact_0014	4298536413823088	4298536413823089
2818	1000832	Sealed_Abyss_Artifact_0015	4298540708790384	4298540708790385
2819	1000833	Sealed_Abyss_Artifact_0016	4298545003757680	4298545003757681
2820	1000834	Sealed_Abyss_Artifact_0017	4298549298724976	4298549298724977
2821	1000835	Sealed_Abyss_Artifact_0018	4298553593692272	4298553593692273
2822	1000836	Sealed_Abyss_Artifact_0019	4298557888659568	4298557888659569
2823	1000847	Sealed_Abyss_Artifact_0020	4298605133299824	4298605133299825
2824	1000848	Sealed_Abyss_Artifact_0021	4298609428267120	4298609428267121
2825	1000849	Sealed_Abyss_Artifact_0022	4298613723234416	4298613723234417
2826	1000850	Sealed_Abyss_Artifact_0023	4298618018201712	4298618018201713
2827	1000851	Sealed_Abyss_Artifact_0024	4298622313169008	4298622313169009
2828	1000852	Sealed_Abyss_Artifact_0025	4298626608136304	4298626608136305
2829	1001186	Sealed_Abyss_Artifact_0026	4300061127213168	4300061127213169
2830	1001430	Sealed_Abyss_Artifact_0027	4301109099233392	4301109099233393
2831	1001707	Sealed_Abyss_Artifact_0028	4302298805174384	4302298805174385
2832	1001767	Sealed_Abyss_Artifact_0029	4302556503212144	4302556503212145
2833	1001813	Sealed_Abyss_Artifact_0030	4302754071707760	4302754071707761
2834	1001838	Sealed_Abyss_Artifact_0031	4302861445890160	4302861445890161
2835	1001960	Sealed_Abyss_Artifact_0032	4303385431900272	4303385431900273
2836	1001961	Sealed_Abyss_Artifact_0033	4303389726867568	4303389726867569
2837	1001962	Sealed_Abyss_Artifact_0034	4303394021834864	4303394021834865
2838	1001963	Sealed_Abyss_Artifact_0035	4303398316802160	4303398316802161
2839	1001964	Sealed_Abyss_Artifact_0036	4303402611769456	4303402611769457
2840	1001965	Sealed_Abyss_Artifact_0037	4303406906736752	4303406906736753
2841	1001966	Sealed_Abyss_Artifact_0038	4303411201704048	4303411201704049
2842	1001967	Sealed_Abyss_Artifact_0039	4303415496671344	4303415496671345
2843	1001968	Sealed_Abyss_Artifact_0040	4303419791638640	4303419791638641
2844	1001969	Sealed_Abyss_Artifact_0041	4303424086605936	4303424086605937
2845	1001970	Sealed_Abyss_Artifact_0042	4303428381573232	4303428381573233
2846	1001971	Sealed_Abyss_Artifact_0043	4303432676540528	4303432676540529
2847	1001972	Sealed_Abyss_Artifact_0044	4303436971507824	4303436971507825
2848	1001973	Sealed_Abyss_Artifact_0045	4303441266475120	4303441266475121
2849	1001974	Sealed_Abyss_Artifact_0046	4303445561442416	4303445561442417
2850	1001975	Sealed_Abyss_Artifact_0047	4303449856409712	4303449856409713
2851	1001976	Sealed_Abyss_Artifact_0048	4303454151377008	4303454151377009
2852	1001977	Sealed_Abyss_Artifact_0049	4303458446344304	4303458446344305
2853	1001978	Sealed_Abyss_Artifact_0050	4303462741311600	4303462741311601
2854	1001979	Sealed_Abyss_Artifact_0051	4303467036278896	4303467036278897
2855	1001980	Sealed_Abyss_Artifact_0052	4303471331246192	4303471331246193
2856	1001981	Sealed_Abyss_Artifact_0053	4303475626213488	4303475626213489
2857	1001982	Sealed_Abyss_Artifact_0054	4303479921180784	4303479921180785
2858	1001983	Sealed_Abyss_Artifact_0055	4303484216148080	4303484216148081
2859	1001984	Sealed_Abyss_Artifact_0056	4303488511115376	4303488511115377
2860	1001985	Sealed_Abyss_Artifact_0057	4303492806082672	4303492806082673
2861	1001986	Sealed_Abyss_Artifact_0058	4303497101049968	4303497101049969
2862	1001987	Sealed_Abyss_Artifact_0059	4303501396017264	4303501396017265
2863	1001988	Sealed_Abyss_Artifact_0060	4303505690984560	4303505690984561
2864	1001989	Sealed_Abyss_Artifact_0061	4303509985951856	4303509985951857
2865	1001990	Sealed_Abyss_Artifact_0062	4303514280919152	4303514280919153
2866	1001991	Sealed_Abyss_Artifact_0063	4303518575886448	4303518575886449
2867	1001992	Sealed_Abyss_Artifact_0064	4303522870853744	4303522870853745
2868	1001993	Sealed_Abyss_Artifact_0065	4303527165821040	4303527165821041
2869	1001994	Sealed_Abyss_Artifact_0066	4303531460788336	4303531460788337
2870	1001995	Sealed_Abyss_Artifact_0067	4303535755755632	4303535755755633
2871	1001996	Sealed_Abyss_Artifact_0068	4303540050722928	4303540050722929
2872	1001997	Sealed_Abyss_Artifact_0069	4303544345690224	4303544345690225
2873	1001998	Sealed_Abyss_Artifact_0070	4303548640657520	4303548640657521
2874	1001999	Sealed_Abyss_Artifact_0071	4303552935624816	4303552935624817
2875	1002000	Sealed_Abyss_Artifact_0072	4303557230592112	4303557230592113
2876	1002001	Sealed_Abyss_Artifact_0073	4303561525559408	4303561525559409
2877	1002002	Sealed_Abyss_Artifact_0074	4303565820526704	4303565820526705
2878	1002003	Sealed_Abyss_Artifact_0075	4303570115494000	4303570115494001
2879	1002004	Sealed_Abyss_Artifact_0076	4303574410461296	4303574410461297
2880	1002005	Sealed_Abyss_Artifact_0077	4303578705428592	4303578705428593
2881	1002006	Sealed_Abyss_Artifact_0078	4303583000395888	4303583000395889
2882	1002007	Sealed_Abyss_Artifact_0079	4303587295363184	4303587295363185
2883	1002008	Sealed_Abyss_Artifact_0080	4303591590330480	4303591590330481
2884	1002009	Sealed_Abyss_Artifact_0081	4303595885297776	4303595885297777
2885	1002010	Sealed_Abyss_Artifact_0082	4303600180265072	4303600180265073
2886	1002011	Sealed_Abyss_Artifact_0083	4303604475232368	4303604475232369
2887	1002012	Sealed_Abyss_Artifact_0084	4303608770199664	4303608770199665
2888	1002013	Sealed_Abyss_Artifact_0085	4303613065166960	4303613065166961
2889	1002014	Sealed_Abyss_Artifact_0086	4303617360134256	4303617360134257
2890	1002015	Sealed_Abyss_Artifact_0087	4303621655101552	4303621655101553
2891	1002016	Sealed_Abyss_Artifact_0088	4303625950068848	4303625950068849
2892	1002017	Sealed_Abyss_Artifact_0089	4303630245036144	4303630245036145
2893	1002018	Sealed_Abyss_Artifact_0090	4303634540003440	4303634540003441
2894	1002019	Sealed_Abyss_Artifact_0091	4303638834970736	4303638834970737
2895	1002020	Sealed_Abyss_Artifact_0092	4303643129938032	4303643129938033
2896	1002021	Sealed_Abyss_Artifact_0093	4303647424905328	4303647424905329
2897	1002022	Sealed_Abyss_Artifact_0094	4303651719872624	4303651719872625
2898	1002023	Sealed_Abyss_Artifact_0095	4303656014839920	4303656014839921
2899	1002024	Sealed_Abyss_Artifact_0096	4303660309807216	4303660309807217
2900	1002025	Sealed_Abyss_Artifact_0097	4303664604774512	4303664604774513
2901	1002026	Sealed_Abyss_Artifact_0098	4303668899741808	4303668899741809
2902	1002027	Sealed_Abyss_Artifact_0099	4303673194709104	4303673194709105
2903	1002028	Sealed_Abyss_Artifact_0100	4303677489676400	4303677489676401
2904	1000820	Sealed_Abyss_Artifact_0101	4298489169182832	4298489169182833
2905	1000824	Sealed_Abyss_Artifact_0102	4298506349052016	4298506349052017
2906	1000825	Sealed_Abyss_Artifact_0103	4298510644019312	4298510644019313
2907	1000826	Sealed_Abyss_Artifact_0104	4298514938986608	4298514938986609
2908	1000827	Sealed_Abyss_Artifact_0105	4298519233953904	4298519233953905
2909	1000828	Sealed_Abyss_Artifact_0106	4298523528921200	4298523528921201
2910	1000829	Sealed_Abyss_Artifact_0107	4298527823888496	4298527823888497
2911	1000929	Sealed_Abyss_Artifact_0108	4298957320618096	4298957320618097
2912	1000930	Sealed_Abyss_Artifact_0109	4298961615585392	4298961615585393
2913	1000931	Sealed_Abyss_Artifact_0110	4298965910552688	4298965910552689
2914	1000932	Sealed_Abyss_Artifact_0111	4298970205519984	4298970205519985
2915	1000933	Sealed_Abyss_Artifact_0112	4298974500487280	4298974500487281
2916	1000934	Sealed_Abyss_Artifact_0113	4298978795454576	4298978795454577
2917	1000935	Sealed_Abyss_Artifact_0114	4298983090421872	4298983090421873
2918	1000936	Sealed_Abyss_Artifact_0115	4298987385389168	4298987385389169
2919	1000937	Sealed_Abyss_Artifact_0116	4298991680356464	4298991680356465
2920	1000938	Sealed_Abyss_Artifact_0117	4298995975323760	4298995975323761
2921	1000939	Sealed_Abyss_Artifact_0118	4299000270291056	4299000270291057
2922	1000940	Sealed_Abyss_Artifact_0119	4299004565258352	4299004565258353
2923	1000941	Sealed_Abyss_Artifact_0120	4299008860225648	4299008860225649
2924	1000942	Sealed_Abyss_Artifact_0121	4299013155192944	4299013155192945
2925	1000943	Sealed_Abyss_Artifact_0122	4299017450160240	4299017450160241
2926	1000944	Sealed_Abyss_Artifact_0123	4299021745127536	4299021745127537
2927	1000945	Sealed_Abyss_Artifact_0124	4299026040094832	4299026040094833
2928	1000946	Sealed_Abyss_Artifact_0125	4299030335062128	4299030335062129
2929	1000947	Sealed_Abyss_Artifact_0126	4299034630029424	4299034630029425
2930	1000948	Sealed_Abyss_Artifact_0127	4299038924996720	4299038924996721
2931	1000949	Sealed_Abyss_Artifact_0128	4299043219964016	4299043219964017
2932	1000950	Sealed_Abyss_Artifact_0129	4299047514931312	4299047514931313
2933	1000951	Sealed_Abyss_Artifact_0130	4299051809898608	4299051809898609
2934	1001550	Sealed_Abyss_Artifact_0131	4301624495308912	4301624495308913
2935	1002029	Sealed_Abyss_Artifact_0132	4303681784643696	4303681784643697
2936	1002030	Sealed_Abyss_Artifact_0133	4303686079610992	4303686079610993
2937	1002031	Sealed_Abyss_Artifact_0134	4303690374578288	4303690374578289
2938	1002032	Sealed_Abyss_Artifact_0135	4303694669545584	4303694669545585
2939	1002033	Sealed_Abyss_Artifact_0136	4303698964512880	4303698964512881
2940	1002034	Sealed_Abyss_Artifact_0137	4303703259480176	4303703259480177
2941	1002035	Sealed_Abyss_Artifact_0138	4303707554447472	4303707554447473
2942	1002036	Sealed_Abyss_Artifact_0139	4303711849414768	4303711849414769
2943	1002037	Sealed_Abyss_Artifact_0140	4303716144382064	4303716144382065
2944	1002038	Sealed_Abyss_Artifact_0141	4303720439349360	4303720439349361
2945	1002039	Sealed_Abyss_Artifact_0142	4303724734316656	4303724734316657
2946	1002040	Sealed_Abyss_Artifact_0143	4303729029283952	4303729029283953
2947	1002041	Sealed_Abyss_Artifact_0144	4303733324251248	4303733324251249
2948	1002042	Sealed_Abyss_Artifact_0145	4303737619218544	4303737619218545
2949	1002043	Sealed_Abyss_Artifact_0146	4303741914185840	4303741914185841
2950	1002044	Sealed_Abyss_Artifact_0147	4303746209153136	4303746209153137
2951	1002045	Sealed_Abyss_Artifact_0148	4303750504120432	4303750504120433
2952	1002046	Sealed_Abyss_Artifact_0149	4303754799087728	4303754799087729
2953	1002047	Sealed_Abyss_Artifact_0150	4303759094055024	4303759094055025
2954	75100	Quest_GrayBrotherMark	322552043929712	322552043929713
2955	1002258	Quest_DemenisMark	4304665332154480	4304665332154481
2956	1003225	Criminal_DropItem	4308818565529712	4308818565529713
2957	80003	Recipe_FruitTea	343610268582000	343610268582001
2958	80413	Recipe_Berry_Juice	345371205173360	345371205173361
2959	1001854	Recipe_Vegetable_Juice	4302930165366896	4302930165366897
2960	1000976	Recipe_Fruit_Wine	4299159184081008	4299159184081009
2961	1000977	Recipe_High_Wine	4299163479048304	4299163479048305
2962	80505	Recipe_Ssari_Mushroom_Tea	345766342164592	345766342164593
2963	80510	Recipe_Pyogo_Mushroom_Tea	345787817001072	345787817001073
2964	80509	Recipe_Songyi_Mushroom_Tea	345783522033776	345783522033777
2965	1001885	Recipe_Herbal_Tea	4303063309353072	4303063309353073
2966	80529	Recipe_Honey_Tea	345869421379696	345869421379697
2967	80412	Recipe_DeerAntler_Fruit_Tea	345366910206064	345366910206065
2968	1003768	Recipe_Chocolate	4311150732771440	4311150732771441
2969	1000257	Recipe_Pan_fried_Grain_Pancake	4296071102595184	4296071102595185
2970	1000076	Recipe_Meat_Porridge	4295293713514608	4295293713514609
2971	1000071	Recipe_Meat_Sanjeok	4295272238678128	4295272238678129
2972	1000072	Recipe_Braised_Meat	4295276533645424	4295276533645425
2973	1000087	Recipe_Pan_fried_Meat_Pancake	4295340958154864	4295340958154865
2974	1000244	Recipe_Pan_fried_Fruit_Pancake	4296015268020336	4296015268020337
2975	1000169	Recipe_Vegetable_Porridge	4295693145473136	4295693145473137
2976	1000235	Recipe_Fruit_Porridge	4295976613314672	4295976613314673
2977	1000199	Recipe_Pan_fried_Vegetable_Pancake	4295821994492016	4295821994492017
2978	1000158	Recipe_Braised_Vegetable	4295645900832880	4295645900832881
2979	80812	Recipe_Roast_Chicken	347084897124464	347084897124465
2980	1000508	Recipe_Pan_fried_Vegetable_Fruit_Pancake	4297149139386480	4297149139386481
2981	1000523	Recipe_Pan_fried_Fruit_Grain_Pancake	4297213563895920	4297213563895921
2982	1000507	Recipe_Vegetable_Fruit_Porridge	4297144844419184	4297144844419185
2983	1000480	Recipe_Meat_Fruit_Porridge	4297028880302192	4297028880302193
2984	1000122	Recipe_Fish_Sanjeok	4295491282010224	4295491282010225
2985	1000141	Recipe_Braised_Fish	4295572886388848	4295572886388849
2986	1000483	Recipe_Pan_fried_Meat_Fruit_Pancake	4297041765204080	4297041765204081
2987	1000154	Recipe_Pan_fried_Fish_Pancake	4295628720963696	4295628720963697
2988	1000038	Recipe_Grilled_Meat_Fish	4295130504757360	4295130504757361
2989	1000986	Recipe_Roast_Fish	4299202133753968	4299202133753969
2990	1000775	Recipe_Japchae	4298295895654512	4298295895654513
2991	1000441	Recipe_Braised_Meat_Fish	4296861376577648	4296861376577649
2992	1000503	Recipe_Pan_fried_Fish_Vegetable_Pancake	4297127664550000	4297127664550001
2993	1000450	Recipe_Pan_fried_Meat_Fish_Pancake	4296900031283312	4296900031283313
2994	1000338	Recipe_Meat_Fish_Sanjeok	4296418994946160	4296418994946161
2995	1000510	Recipe_Pan_fried_Vegetable_Grain_Pancake	4297157729321072	4297157729321073
2996	1000455	Recipe_Pan_fried_Meat_Vegetable_Pancake	4296921506119792	4296921506119793
2997	1000492	Recipe_Pan_fried_Meat_Grain_Pancake	4297080419909744	4297080419909745
2998	1000452	Recipe_Braised_Meat_Vegetable	4296908621217904	4296908621217905
2999	1000150	Recipe_Fish_Porridge	4295611541094512	4295611541094513
3000	1000453	Recipe_Meat_Vegetable_Porridge	4296912916185200	4296912916185201
3001	1000445	Recipe_Meat_Fish_Porridge	4296878556446832	4296878556446833
3002	1000506	Recipe_Pan_fried_Fish_Grain_Pancake	4297140549451888	4297140549451889
3003	1001077	Recipe_Seafood_Soup	4299592975777904	4299592975777905
3004	1000502	Recipe_Fish_Vegetable_Porridge	4297123369582704	4297123369582705
3005	1000954	Recipe_DeerAntler_Soup	4299064694800496	4299064694800497
3006	1000620	Recipe_Gungjung_Tteokbokki	4297630175723632	4297630175723633
3007	1000636	Recipe_Tteokgalbi	4297698895200368	4297698895200369
3008	1000673	Recipe_Jeonju_Bibimbap	4297857808990320	4297857808990321
3009	1000501	Recipe_Braised_Fish_Vegetable	4297119074615408	4297119074615409
3010	1000704	Recipe_Fish_Bulgogi	4297990952976496	4297990952976497
3011	1000719	Recipe_Full_Course_of_Braised_Fish	4298055377485936	4298055377485937
3012	1000687	Recipe_Kimbap	4297917938532464	4297917938532465
3013	1000557	Recipe_Meat_Fish_Grain_Sanjeok	4297359592783984	4297359592783985
3014	1000616	Recipe_Nureumjeok	4297612995854448	4297612995854449
3015	1000527	Recipe_Meat_Fish_Fruit_Sanjeok	4297230743765104	4297230743765105
3016	1000622	Recipe_Beef_Bone_Soup	4297638765658224	4297638765658225
3017	80001	Recipe_BoiledPork	343601678647408	343601678647409
3018	1000504	Recipe_Fish_Fruit_Porridge	4297131959517296	4297131959517297
3019	1000505	Recipe_Pan_fried_Fish_Fruit_Pancake	4297136254484592	4297136254484593
3020	1001130	Recipe_Haemuljjim	4299820609044592	4299820609044593
3021	1000585	Recipe_Meat_Fish_Vegetable_Egg	4297479851868272	4297479851868273
3022	1000617	Recipe_Sinseollo	4297617290821744	4297617290821745
3023	1000705	Recipe_Fish_Stew	4297995247943792	4297995247943793
3024	1000701	Recipe_Fish_Soup	4297978068074608	4297978068074609
3025	80406	Recipe_SamGyeTang	345341140402288	345341140402289
3026	1000956	Recipe_Surasang_03	4299073284735088	4299073284735089
3027	1000860	Recipe_Surasang_01	4298660967874672	4298660967874673
3028	1000881	Recipe_Surasang_02	4298751162187888	4298751162187889
3029	1000819	Recipe_Surasang_00	4298484874215536	4298484874215537
3030	1000968	Recipe_Surasang_04	4299124824342640	4299124824342641
3031	1001060	Recipe_Surasang_05	4299519961333872	4299519961333873
3032	1002712	Recipe_Item_Stat_AbyssGear_DDD_LV1	4306615247306864	4306615247306865
3033	1002714	Recipe_Item_Stat_AbyssGear_CriticalRate_LV1	4306623837241456	4306623837241457
3034	1002773	Recipe_Item_Stat_AbyssGear_DPV_LV1	4306877240311920	4306877240311921
3035	1002774	Recipe_Item_Stat_AbyssGear_ADR_LV1	4306881535279216	4306881535279217
3036	1002775	Recipe_Item_Stat_AbyssGear_GuardPVRate_LV1	4306885830246512	4306885830246513
3037	1002776	Recipe_Item_Stat_AbyssGear_AttackSpeedRate_LV1	4306890125213808	4306890125213809
3038	1002777	Recipe_Item_Stat_AbyssGear_MoveSpeedRate_LV1	4306894420181104	4306894420181105
3039	1002778	Recipe_Item_Stat_AbyssGear_ClimbSpeedRate_LV1	4306898715148400	4306898715148401
3040	1000190	Recipe_Item_Stat_AbyssGear_StaminaRegen_LV1	4295783339786352	4295783339786353
3041	1002780	Recipe_Item_Stat_AbyssGear_HpRegen_LV1	4306907305082992	4306907305082993
3042	1002746	Recipe_Item_Stat_AbyssGear_MpRegen_LV1	4306761276194928	4306761276194929
3043	1002525	Recipe_Item_Stat_AbyssGear_SwimSpeedRate_LV1	4305812088422512	4305812088422513
3044	1002528	Recipe_Item_Stat_AbyssGear_FireResistance_LV1	4305824973324400	4305824973324401
3045	1002529	Recipe_Item_Stat_AbyssGear_IceResistance_LV1	4305829268291696	4305829268291697
3046	1002530	Recipe_Item_Stat_AbyssGear_ElectricityResistance_LV1	4305833563258992	4305833563258993
3047	1001423	Recipe_Item_Skill_AbyssGear_LandMash_LV1	4301079034462320	4301079034462321
3048	1002388	Recipe_Item_Skill_AbyssGear_SoulStrike_LV1	4305223677902960	4305223677902961
3049	1002390	Recipe_Item_Skill_AbyssGear_CrowAttack_LV1	4305232267837552	4305232267837553
3050	1002478	Recipe_Item_Skill_AbyssGear_FlashCombo_LV1	4305610224959600	4305610224959601
3051	1002479	Recipe_Item_Skill_AbyssGear_SwordAura_LV1	4305614519926896	4305614519926897
3052	1000733	Recipe_Item_Skill_AbyssGear_FrostBreath_LV1	4298115507028080	4298115507028081
3053	1000734	Recipe_Item_Skill_AbyssGear_FireBreath_LV1	4298119801995376	4298119801995377
3054	1002558	Recipe_Item_Skill_AbyssGear_LightningBreath_LV1	4305953822343280	4305953822343281
3055	1002481	Recipe_Item_Skill_AbyssGear_EnlightenmentWave_LV1	4305623109861488	4305623109861489
3056	1002596	Recipe_Item_Skill_AbyssGear_DarkenRobe_LV1	4306117031100528	4306117031100529
3057	1002483	Recipe_Item_Skill_AbyssGear_DogClaw_LV1	4305631699796080	4305631699796081
3058	1002639	Recipe_Item_Skill_AbyssGear_Forgotten_General	4306301714694256	4306301714694257
3059	1002642	Recipe_Item_Skill_AbyssGear_Ogre	4306314599596144	4306314599596145
3060	1002762	Recipe_Item_Skill_AbyssGear_Antumbra_Spear	4306829995671664	4306829995671665
3061	1002489	Recipe_Item_Skill_AbyssGear_CrowStorm_LV1	4305657469599856	4305657469599857
3062	1002769	Recipe_Item_Skill_AbyssGear_SmashStorm_LV1	4306860060442736	4306860060442737
3063	1002856	Recipe_Item_Skill_AbyssGear_CresecentAura_1_LV1	4307233722597488	4307233722597489
3064	1002859	Recipe_Item_Skill_AbyssGear_CresecentAura_2_LV1	4307246607499376	4307246607499377
3065	1002877	Recipe_Item_Skill_AbyssGear_CresecentAura_3_LV1	4307323916910704	4307323916910705
3066	1002803	Recipe_Item_Skill_AbyssGear_FrostSpike_LV1	4307006089330800	4307006089330801
3067	1002494	Recipe_Item_Skill_AbyssGear_AbsoluteDefense_LV1	4305678944436336	4305678944436337
3068	1002531	Recipe_Item_Skill_AbyssGear_ArrowRain_LV1	4305837858226288	4305837858226289
3069	1002878	Recipe_Item_Skill_AbyssGear_Merrick	4307328211878000	4307328211878001
3070	1002480	Recipe_Item_Skill_AbyssGear_LightningStab_LV1	4305618814894192	4305618814894193
3071	1002890	Recipe_Item_Skill_AbyssGear_Antumbra_TwoHandRod	4307379751485552	4307379751485553
3072	1002891	Recipe_Item_Skill_AbyssGear_TarandusWarrior_WarHammer	4307384046452848	4307384046452849
3073	1003696	Recipe_Item_Skill_AbyssGear_Bastier	4310841495126128	4310841495126129
3074	1002649	Recipe_Item_Skill_AbyssGear_Karanda	4306344664367216	4306344664367217
3075	1002804	Recipe_Item_Skill_AbyssGear_FrostDeath_LV1	4307010384298096	4307010384298097
3076	1002650	Recipe_Item_Skill_AbyssGear_Primus	4306348959334512	4306348959334513
3077	1003719	Recipe_Item_Skill_AbyssGear_DarkChase_LV1	4310940279373936	4310940279373937
3078	1003720	Recipe_Item_Skill_AbyssGear_Leebur	4310944574341232	4310944574341233
3079	1003721	Recipe_Item_Skill_AbyssGear_QueenSpider	4310948869308528	4310948869308529
3080	1003722	Recipe_Item_Skill_AbyssGear_Praevus	4310953164275824	4310953164275825
3081	1003723	Recipe_Item_Skill_AbyssGear_Priscus	4310957459243120	4310957459243121
3082	1003724	Recipe_Item_Skill_AbyssGear_Skevald	4310961754210416	4310961754210417
3083	1002534	Recipe_Item_Skill_AbyssGear_AtorDrone_LV1	4305850743128176	4305850743128177
3084	1002490	Recipe_Item_Skill_AbyssGear_PhantomStab_LV1	4305661764567152	4305661764567153
3085	1003725	Recipe_Item_Skill_AbyssGear_LanFord	4310966049177712	4310966049177713
3086	1003726	Recipe_Item_Skill_AbyssGear_ImpBoss	4310970344145008	4310970344145009
3087	1002648	Recipe_Item_Skill_AbyssGear_Catfish_BodySlam_LV1	4306340369399920	4306340369399921
3088	1003727	Recipe_Item_Skill_AbyssGear_Titan	4310974639112304	4310974639112305
3089	1002532	Recipe_Item_Skill_AbyssGear_EnergyBurst_LV1	4305842153193584	4305842153193585
3090	1002651	Recipe_Item_Skill_AbyssGear_Muscan	4306353254301808	4306353254301809
3091	1002568	Recipe_Item_Skill_AbyssGear_Machine_AdditionalDamage_LV1	4305996772016240	4305996772016241
3092	1002570	Recipe_Item_Skill_AbyssGear_CommonHexe_AdditionalDamage_LV1	4306005361950832	4306005361950833
3093	1002571	Recipe_Item_Skill_AbyssGear_CommonHumanoid_AdditionalDamage_LV1	4306009656918128	4306009656918129
3094	1002574	Recipe_Item_Skill_AbyssGear_CommonGolem_AdditionalDamage_LV1	4306022541820016	4306022541820017
3095	1002579	Recipe_Item_Skill_AbyssGear_Boss_AdditionalDamage_LV1	4306044016656496	4306044016656497
3096	1003728	Recipe_Item_Skill_AbyssGear_CommonAnimal_AdditionalDamage_LV1	4310978934079600	4310978934079601
3097	1003729	Recipe_Item_Skill_AbyssGear_Creature_AdditionalDamage_LV1	4310983229046896	4310983229046897
3098	1000426	Recipe_Item_Skill_AbyssGear_AddCriticalRateByMaterialKey_PlateArmor_LV1	4296796952068208	4296796952068209
3099	1001436	Recipe_Item_Skill_AbyssGear_AddCriticalRateByMaterialKey_LeatherArmor_LV1	4301134869037168	4301134869037169
3100	1003758	Recipe_Item_Skill_AbyssGear_AddCriticalRateByMaterialKey_FabricArmor_LV1	4311107783098480	4311107783098481
3101	1003730	Recipe_Item_Skill_AbyssGear_AddKillSkillLevel_LV1	4310987524014192	4310987524014193
3102	1003731	Recipe_Item_Skill_AbyssGear_Attack_HPRecover_LV1	4310991818981488	4310991818981489
3103	1003732	Recipe_Item_Skill_AbyssGear_Attack_MPRecover_LV1	4310996113948784	4310996113948785
3104	1003733	Recipe_Item_Skill_AbyssGear_Attack_SPRecover_LV1	4311000408916080	4311000408916081
3105	1003734	Recipe_Item_Skill_AbyssGear_Combo_LV1	4311004703883376	4311004703883377
3106	1002541	Recipe_Item_Skill_AbyssGear_AbyssGrass_Immune	4305880807899248	4305880807899249
3107	1002544	Recipe_Item_Skill_AbyssGear_Hyena_PoisonImmune	4305893692801136	4305893692801137
3108	1002545	Recipe_Item_Skill_AbyssGear_Immune_Bismuth	4305897987768432	4305897987768433
3109	1002546	Recipe_Item_Skill_AbyssGear_DAM_UP_RotationBash	4305902282735728	4305902282735729
3110	1003228	Recipe_Item_Skill_AbyssGear_EquipDropRate_LV1	4308831450431600	4308831450431601
3111	1002594	Recipe_Item_Skill_AbyssGear_AddMoneyDropRate_LV1	4306108441165936	4306108441165937
3112	1002643	Recipe_Item_Skill_AbyssGear_BlockAmmoConsume_LV1	4306318894563440	4306318894563441
3113	1002644	Recipe_Item_Skill_AbyssGear_FoodSkillLevelUp_LV1	4306323189530736	4306323189530737
3114	1002645	Recipe_Item_Skill_AbyssGear_ReduceCraftMaterial_LV1	4306327484498032	4306327484498033
3115	1003736	Recipe_Item_Skill_AbyssGear_AdditionalThief_LV1	4311013293817968	4311013293817969
3116	1003737	Recipe_Item_Skill_AbyssGear_CollectDrop_Ore_LV1	4311017588785264	4311017588785265
3117	1003738	Recipe_Item_Skill_AbyssGear_CollectDrop_Plant_LV1	4311021883752560	4311021883752561
3118	1003739	Recipe_Item_Skill_AbyssGear_CollectDrop_Animal_LV1	4311026178719856	4311026178719857
3119	1002653	Recipe_Item_Skill_AbyssGear_CollectDrop_Log_LV1	4306361844236400	4306361844236401
3120	1003740	Recipe_Item_Skill_AbyssGear_ContributionExp_LV1	4311030473687152	4311030473687153
3121	1003741	Recipe_Item_Skill_AbyssGear_SkillPointExp_LV1	4311034768654448	4311034768654449
3122	1002654	Recipe_Item_Skill_AbyssGear_AddFrendly_LV1	4306366139203696	4306366139203697
3123	1003742	Recipe_Item_Skill_AbyssGear_Equip_AddHorseExp_LV1	4311039063621744	4311039063621745
3124	1003743	Recipe_Item_Skill_AbyssGear_Equip_AddPetFriendly_LV1	4311043358589040	4311043358589041
3125	1004893	Recipe_Titan_PlateArmor_Armor	4315982570979440	4315982570979441
3126	1004894	Recipe_Paphneil_PlateArmor_Armor	4315986865946736	4315986865946737
3127	1004895	Recipe_king_LostPeople_PlateArmor_Armor	4315991160914032	4315991160914033
3128	1002527	Recipe_RevivalItem	4305820678357104	4305820678357105
3129	1002551	Recipe_RevivalItemPartialRecovery	4305923757572208	4305923757572209
3130	1001525	Recipe_Deactived_Abyss_Artifact	4301517121126512	4301517121126513
3131	1003266	Recipe_Potion_DDD_LV1	4308994659188848	4308994659188849
3132	1003267	Recipe_Potion_DDD_LV2	4308998954156144	4308998954156145
3133	1003268	Recipe_Potion_DDD_LV3	4309003249123440	4309003249123441
3134	1003269	Recipe_Potion_DPV_LV1	4309007544090736	4309007544090737
3135	1003270	Recipe_Potion_DPV_LV2	4309011839058032	4309011839058033
3136	1003271	Recipe_Potion_DPV_LV3	4309016134025328	4309016134025329
3137	1003272	Recipe_Potion_HP_LV1	4309020428992624	4309020428992625
3138	1003273	Recipe_Potion_HP_LV2	4309024723959920	4309024723959921
3139	1003274	Recipe_Potion_HP_LV3	4309029018927216	4309029018927217
3140	1003275	Recipe_Potion_MP_LV1	4309033313894512	4309033313894513
3141	1003276	Recipe_Potion_MP_LV2	4309037608861808	4309037608861809
3142	1003277	Recipe_Potion_MP_LV3	4309041903829104	4309041903829105
3143	1003278	Recipe_Potion_SP_LV1	4309046198796400	4309046198796401
3144	1003279	Recipe_Potion_SP_LV2	4309050493763696	4309050493763697
3145	1003280	Recipe_Potion_SP_LV3	4309054788730992	4309054788730993
3146	1003360	Recipe_Platinum	4309398386114672	4309398386114673
3147	1003361	Recipe_GoldBar	4309402681081968	4309402681081969
3148	1004641	Recipe_Item_gimmick_tool_blacksmithstone	4314900239220848	4314900239220849
3149	1004642	Recipe_Item_gimmick_craft_anvil_01	4314904534188144	4314904534188145
3150	1004643	Recipe_Item_gimmick_craft_cook_campfire_04	4314908829155440	4314908829155441
3151	1004644	Recipe_Item_gimmick_craft_cook_campfire_05	4314913124122736	4314913124122737
3152	1004645	Recipe_Item_lamp_firepot_01_on	4314917419090032	4314917419090033
3153	1004646	Recipe_Item_lamp_firepot_03_on	4314921714057328	4314921714057329
3154	1004647	Recipe_Item_lamp_firepot_04_on	4314926009024624	4314926009024625
3155	1004648	Recipe_Item_lamp_firepot_05_on	4314930303991920	4314930303991921
3156	1004649	Recipe_Item_lamp_firepot_06_on	4314934598959216	4314934598959217
3157	1004650	Recipe_Item_lamp_brazier_02_on	4314938893926512	4314938893926513
3158	1004651	Recipe_Item_lamp_standtorch_01_on	4314943188893808	4314943188893809
3159	1004652	Recipe_Item_lamp_standtorch_02_on	4314947483861104	4314947483861105
3160	1004653	Recipe_Item_gimmick_sotdae_set_0001	4314951778828400	4314951778828401
3161	1004654	Recipe_Item_gimmick_sotdae_set_0002	4314956073795696	4314956073795697
3162	1004655	Recipe_Item_gimmick_sotdae_set_0003	4314960368762992	4314960368762993
3163	1004656	Recipe_Item_gimmick_sotdae_set_0004	4314964663730288	4314964663730289
3164	1004657	Recipe_Item_gimmick_sotdae_set_0005	4314968958697584	4314968958697585
3165	1004658	Recipe_Item_gimmick_sotdae_set_0006	4314973253664880	4314973253664881
3166	1004659	Recipe_Item_gimmick_sotdae_set_0007	4314977548632176	4314977548632177
3167	1004660	Recipe_Item_gimmick_sotdae_set_0008	4314981843599472	4314981843599473
3168	1004661	Recipe_Item_gimmick_sotdae_set_0009	4314986138566768	4314986138566769
3169	1004662	Recipe_Item_gimmick_sotdae_set_0010	4314990433534064	4314990433534065
3170	1004663	Recipe_Item_lamp_streetlamp_03	4314994728501360	4314994728501361
3171	1004664	Recipe_Item_lamp_streetlamp_03_index01	4314999023468656	4314999023468657
3172	1004665	Recipe_Item_lamp_streetlamp_03_index02	4315003318435952	4315003318435953
3173	1004666	Recipe_Item_gimmick_lamp_streetlamp_0001	4315007613403248	4315007613403249
3174	1004667	Recipe_Item_gimmick_lamp_streetlamp_0001_index01	4315011908370544	4315011908370545
3175	1004668	Recipe_Item_gimmick_lamp_streetlamp_0001_index02	4315016203337840	4315016203337841
3176	1004669	Recipe_Item_hanger_streetlamp_flowerpot_01	4315020498305136	4315020498305137
3177	1004670	Recipe_Item_hanger_streetlamp_flowerpot_02	4315024793272432	4315024793272433
3178	1004671	Recipe_Item_hanger_streetlamp_flowerpot_03	4315029088239728	4315029088239729
3179	1004672	Recipe_Item_hanger_streetlamp_flowerpot_04	4315033383207024	4315033383207025
3180	1004673	Recipe_Item_gimmick_tool_FlowerHanger_01	4315037678174320	4315037678174321
3181	1004674	Recipe_Item_gimmick_tool_FlowerHanger_02	4315041973141616	4315041973141617
3182	1004675	Recipe_Item_gimmick_well_0001	4315046268108912	4315046268108913
3183	1004676	Recipe_Item_gimmick_well_0001_index01	4315050563076208	4315050563076209
3184	1004677	Recipe_Item_gimmick_well_0002	4315054858043504	4315054858043505
3185	1004678	Recipe_Item_gimmick_well_0003	4315059153010800	4315059153010801
3186	1004679	Recipe_Item_gimmick_well_0004	4315063447978096	4315063447978097
3187	1004680	Recipe_Item_gimmick_well_0004_index01	4315067742945392	4315067742945393
3188	1004681	Recipe_Item_drinkingfountain_01	4315072037912688	4315072037912689
3189	1004682	Recipe_Item_dpf_fountain_01	4315076332879984	4315076332879985
3190	1004683	Recipe_Item_dpf_fountain_09	4315080627847280	4315080627847281
3191	1004684	Recipe_Item_dpf_fountain_02	4315084922814576	4315084922814577
3192	1004685	Recipe_Item_dpf_fountain_02_desert	4315089217781872	4315089217781873
3193	1004686	Recipe_Item_dpf_fountain_06	4315093512749168	4315093512749169
3194	1004687	Recipe_Item_fountain_statue_02	4315097807716464	4315097807716465
3195	1004695	Recipe_Item_catwheel_01	4315132167454832	4315132167454833
3196	1004696	Recipe_Item_catwheel_02	4315136462422128	4315136462422129
3197	1004697	Recipe_Item_Collection_Prop_Automata_0001	4315140757389424	4315140757389425
3198	1004698	Recipe_Item_Collection_Prop_Automata_0002	4315145052356720	4315145052356721
3199	1004699	Recipe_Item_Collection_Prop_Automata_0003	4315149347324016	4315149347324017
3200	1004700	Recipe_Item_Collection_Prop_Automata_0004	4315153642291312	4315153642291313
3201	1004828	Recipe_Item_gimmick_jukebox_0001	4315703398105200	4315703398105201
3202	1004701	Recipe_Item_gimmick_in_dpf_carpet_0001	4315157937258608	4315157937258609
3203	1004702	Recipe_Item_gimmick_in_dpf_carpet_0002	4315162232225904	4315162232225905
3204	1004703	Recipe_Item_gimmick_in_dpf_carpet_0003	4315166527193200	4315166527193201
3205	1004704	Recipe_Item_gimmick_in_dpf_carpet_0004	4315170822160496	4315170822160497
3206	1004705	Recipe_Item_gimmick_in_dpf_carpet_0005	4315175117127792	4315175117127793
3207	1004706	Recipe_Item_gimmick_in_dpf_carpet_0006	4315179412095088	4315179412095089
3208	1004707	Recipe_Item_gimmick_in_dpf_carpet_0006_index01	4315183707062384	4315183707062385
3209	1004708	Recipe_Item_gimmick_in_dpf_carpet_0007	4315188002029680	4315188002029681
3210	1004709	Recipe_Item_gimmick_in_dpf_carpet_0008	4315192296996976	4315192296996977
3211	1004710	Recipe_Item_gimmick_in_dpf_carpet_0008_index01	4315196591964272	4315196591964273
3212	1004711	Recipe_Item_gimmick_in_dpf_carpet_0009	4315200886931568	4315200886931569
3213	1004858	Recipe_Item_gimmick_in_dpf_carpet_0013	4315832247124080	4315832247124081
3214	1004859	Recipe_Item_gimmick_in_dpf_carpet_0014	4315836542091376	4315836542091377
3215	1004860	Recipe_Item_gimmick_in_dpf_carpet_0015	4315840837058672	4315840837058673
3216	1004861	Recipe_Item_gimmick_in_dpf_carpet_0016	4315845132025968	4315845132025969
3217	1002785	Item_Stat_AbyssGear_DDD_LV1	4306928779919472	4306928779919473
3218	1002791	Item_Stat_AbyssGear_CriticalRate_LV1	4306954549723248	4306954549723249
3219	1002810	Item_Stat_AbyssGear_AttackSpeedRate_LV1	4307036154101872	4307036154101873
3220	1002794	Item_Stat_AbyssGear_DPV_LV1	4306967434625136	4306967434625137
3221	1002797	Item_Stat_AbyssGear_ADR_LV1	4306980319527024	4306980319527025
3222	1002807	Item_Stat_AbyssGear_GuardPVRate_LV1	4307023269199984	4307023269199985
3223	1002813	Item_Stat_AbyssGear_MoveSpeedRate_LV1	4307049039003760	4307049039003761
3224	1002816	Item_Stat_AbyssGear_ClimbSpeedRate_LV1	4307061923905648	4307061923905649
3225	1002747	Item_Stat_AbyssGear_StaminaRegen_LV1	4306765571162224	4306765571162225
3226	1002822	Item_Stat_AbyssGear_HpRegen_LV1	4307087693709424	4307087693709425
3227	1002752	Item_Stat_AbyssGear_MpRegen_LV1	4306787045998704	4306787045998705
3228	1002837	Item_Stat_AbyssGear_SwimSpeedRate_LV1	4307152118218864	4307152118218865
3229	1001424	Item_Stat_AbyssGear_FireResistance_LV1	4301083329429616	4301083329429617
3230	1002167	Item_Stat_AbyssGear_IceResistance_LV1	4304274490130544	4304274490130545
3231	1002497	Item_Stat_AbyssGear_ElectricityResistance_LV1	4305691829338224	4305691829338225
3232	1002786	Item_Stat_AbyssGear_DDD_LV2	4306933074886768	4306933074886769
3233	1002792	Item_Stat_AbyssGear_CriticalRate_LV2	4306958844690544	4306958844690545
3234	1002811	Item_Stat_AbyssGear_AttackSpeedRate_LV2	4307040449069168	4307040449069169
3235	1002795	Item_Stat_AbyssGear_DPV_LV2	4306971729592432	4306971729592433
3236	1002798	Item_Stat_AbyssGear_ADR_LV2	4306984614494320	4306984614494321
3237	1002808	Item_Stat_AbyssGear_GuardPVRate_LV2	4307027564167280	4307027564167281
3238	1002814	Item_Stat_AbyssGear_MoveSpeedRate_LV2	4307053333971056	4307053333971057
3239	1002817	Item_Stat_AbyssGear_ClimbSpeedRate_LV2	4307066218872944	4307066218872945
3240	1002748	Item_Stat_AbyssGear_StaminaRegen_LV2	4306769866129520	4306769866129521
3241	1002823	Item_Stat_AbyssGear_HpRegen_LV2	4307091988676720	4307091988676721
3242	1002753	Item_Stat_AbyssGear_MpRegen_LV2	4306791340966000	4306791340966001
3243	1002838	Item_Stat_AbyssGear_SwimSpeedRate_LV2	4307156413186160	4307156413186161
3244	1001425	Item_Stat_AbyssGear_FireResistance_LV2	4301087624396912	4301087624396913
3245	1002389	Item_Stat_AbyssGear_IceResistance_LV2	4305227972870256	4305227972870257
3246	1002498	Item_Stat_AbyssGear_ElectricityResistance_LV2	4305696124305520	4305696124305521
3247	1002787	Item_Stat_AbyssGear_DDD_LV3	4306937369854064	4306937369854065
3248	1002793	Item_Stat_AbyssGear_CriticalRate_LV3	4306963139657840	4306963139657841
3249	1002812	Item_Stat_AbyssGear_AttackSpeedRate_LV3	4307044744036464	4307044744036465
3250	1002796	Item_Stat_AbyssGear_DPV_LV3	4306976024559728	4306976024559729
3251	1002799	Item_Stat_AbyssGear_ADR_LV3	4306988909461616	4306988909461617
3252	1002809	Item_Stat_AbyssGear_GuardPVRate_LV3	4307031859134576	4307031859134577
3253	1002815	Item_Stat_AbyssGear_MoveSpeedRate_LV3	4307057628938352	4307057628938353
3254	1002818	Item_Stat_AbyssGear_ClimbSpeedRate_LV3	4307070513840240	4307070513840241
3255	1002751	Item_Stat_AbyssGear_StaminaRegen_LV3	4306782751031408	4306782751031409
3256	1002824	Item_Stat_AbyssGear_HpRegen_LV3	4307096283644016	4307096283644017
3257	1002754	Item_Stat_AbyssGear_MpRegen_LV3	4306795635933296	4306795635933297
3258	1002839	Item_Stat_AbyssGear_SwimSpeedRate_LV3	4307160708153456	4307160708153457
3259	1001426	Item_Stat_AbyssGear_FireResistance_LV3	4301091919364208	4301091919364209
3260	1002467	Item_Stat_AbyssGear_IceResistance_LV3	4305562980319344	4305562980319345
3261	1002499	Item_Stat_AbyssGear_ElectricityResistance_LV3	4305700419272816	4305700419272817
3262	1002896	Item_Skill_AbyssGear_Machine_AdditionalDamage_LV1	4307405521289328	4307405521289329
3263	1002899	Item_Skill_AbyssGear_CommonHexe_AdditionalDamage_LV1	4307418406191216	4307418406191217
3264	1002902	Item_Skill_AbyssGear_CommonHumanoid_AdditionalDamage_LV1	4307431291093104	4307431291093105
3265	1002905	Item_Skill_AbyssGear_CommonGolem_AdditionalDamage_LV1	4307444175994992	4307444175994993
3266	1002908	Item_Skill_AbyssGear_Boss_AdditionalDamage_LV1	4307457060896880	4307457060896881
3267	1002911	Item_Skill_AbyssGear_CommonAnimal_AdditionalDamage_LV1	4307469945798768	4307469945798769
3268	1002914	Item_Skill_AbyssGear_Creature_AdditionalDamage_LV1	4307482830700656	4307482830700657
3269	1003759	Item_Skill_AbyssGear_AddCriticalRateByMaterialKey_PlateArmor_LV1	4311112078065776	4311112078065777
3270	1003762	Item_Skill_AbyssGear_AddCriticalRateByMaterialKey_LeatherArmor_LV1	4311124962967664	4311124962967665
3271	1003765	Item_Skill_AbyssGear_AddCriticalRateByMaterialKey_FabricArmor_LV1	4311137847869552	4311137847869553
3272	1002953	Item_Skill_AbyssGear_AddKillSkillLevel_LV1	4307650334425200	4307650334425201
3273	1003229	Item_Skill_AbyssGear_EquipDropRate_LV1	4308835745398896	4308835745398897
3274	1002920	Item_Skill_AbyssGear_AddMoneyDropRate_LV1	4307508600504432	4307508600504433
3275	1002923	Item_Skill_AbyssGear_BlockAmmoConsume_LV1	4307521485406320	4307521485406321
3276	1002926	Item_Skill_AbyssGear_FoodSkillLevelUp_LV1	4307534370308208	4307534370308209
3277	1002929	Item_Skill_AbyssGear_ReduceCraftMaterial_LV1	4307547255210096	4307547255210097
3278	1002932	Item_Skill_AbyssGear_AdditionalThief_LV1	4307560140111984	4307560140111985
3279	1002935	Item_Skill_AbyssGear_CollectDrop_Ore_LV1	4307573025013872	4307573025013873
3280	1002938	Item_Skill_AbyssGear_CollectDrop_Plant_LV1	4307585909915760	4307585909915761
3281	1002941	Item_Skill_AbyssGear_CollectDrop_Animal_LV1	4307598794817648	4307598794817649
3282	1002944	Item_Skill_AbyssGear_CollectDrop_Log_LV1	4307611679719536	4307611679719537
3283	1002947	Item_Skill_AbyssGear_ContributionExp_LV1	4307624564621424	4307624564621425
3284	1002950	Item_Skill_AbyssGear_SkillPointExp_LV1	4307637449523312	4307637449523313
3285	1002520	Item_Skill_AbyssGear_AddFrendly_LV1	4305790613586032	4305790613586033
3286	1002662	Item_Skill_AbyssGear_Equip_AddHorseExp_LV1	4306400498942064	4306400498942065
3287	1002538	Item_Skill_AbyssGear_Equip_AddPetFriendly_LV1	4305867922997360	4305867922997361
3288	1002897	Item_Skill_AbyssGear_Machine_AdditionalDamage_LV2	4307409816256624	4307409816256625
3289	1002900	Item_Skill_AbyssGear_CommonHexe_AdditionalDamage_LV2	4307422701158512	4307422701158513
3290	1002903	Item_Skill_AbyssGear_CommonHumanoid_AdditionalDamage_LV2	4307435586060400	4307435586060401
3291	1002906	Item_Skill_AbyssGear_CommonGolem_AdditionalDamage_LV2	4307448470962288	4307448470962289
3292	1002909	Item_Skill_AbyssGear_Boss_AdditionalDamage_LV2	4307461355864176	4307461355864177
3293	1002912	Item_Skill_AbyssGear_CommonAnimal_AdditionalDamage_LV2	4307474240766064	4307474240766065
3294	1002915	Item_Skill_AbyssGear_Creature_AdditionalDamage_LV2	4307487125667952	4307487125667953
3295	1003760	Item_Skill_AbyssGear_AddCriticalRateByMaterialKey_PlateArmor_LV2	4311116373033072	4311116373033073
3296	1003763	Item_Skill_AbyssGear_AddCriticalRateByMaterialKey_LeatherArmor_LV2	4311129257934960	4311129257934961
3297	1003766	Item_Skill_AbyssGear_AddCriticalRateByMaterialKey_FabricArmor_LV2	4311142142836848	4311142142836849
3298	1002954	Item_Skill_AbyssGear_AddKillSkillLevel_LV2	4307654629392496	4307654629392497
3299	1003230	Item_Skill_AbyssGear_EquipDropRate_LV2	4308840040366192	4308840040366193
3300	1002921	Item_Skill_AbyssGear_AddMoneyDropRate_LV2	4307512895471728	4307512895471729
3301	1002924	Item_Skill_AbyssGear_BlockAmmoConsume_LV2	4307525780373616	4307525780373617
3302	1002927	Item_Skill_AbyssGear_FoodSkillLevelUp_LV2	4307538665275504	4307538665275505
3303	1002930	Item_Skill_AbyssGear_ReduceCraftMaterial_LV2	4307551550177392	4307551550177393
3304	1002933	Item_Skill_AbyssGear_AdditionalThief_LV2	4307564435079280	4307564435079281
3305	1002936	Item_Skill_AbyssGear_CollectDrop_Ore_LV2	4307577319981168	4307577319981169
3306	1002939	Item_Skill_AbyssGear_CollectDrop_Plant_LV2	4307590204883056	4307590204883057
3307	1002942	Item_Skill_AbyssGear_CollectDrop_Animal_LV2	4307603089784944	4307603089784945
3308	1002945	Item_Skill_AbyssGear_CollectDrop_Log_LV2	4307615974686832	4307615974686833
3309	1002948	Item_Skill_AbyssGear_ContributionExp_LV2	4307628859588720	4307628859588721
3310	1002951	Item_Skill_AbyssGear_SkillPointExp_LV2	4307641744490608	4307641744490609
3311	1002521	Item_Skill_AbyssGear_AddFrendly_LV2	4305794908553328	4305794908553329
3312	1000449	Item_Skill_AbyssGear_Equip_AddHorseExp_LV2	4296895736316016	4296895736316017
3313	1000861	Item_Skill_AbyssGear_Equip_AddPetFriendly_LV2	4298665262841968	4298665262841969
3314	1002898	Item_Skill_AbyssGear_Machine_AdditionalDamage_LV3	4307414111223920	4307414111223921
3315	1002901	Item_Skill_AbyssGear_CommonHexe_AdditionalDamage_LV3	4307426996125808	4307426996125809
3316	1002904	Item_Skill_AbyssGear_CommonHumanoid_AdditionalDamage_LV3	4307439881027696	4307439881027697
3317	1002907	Item_Skill_AbyssGear_CommonGolem_AdditionalDamage_LV3	4307452765929584	4307452765929585
3318	1002910	Item_Skill_AbyssGear_Boss_AdditionalDamage_LV3	4307465650831472	4307465650831473
3319	1002913	Item_Skill_AbyssGear_CommonAnimal_AdditionalDamage_LV3	4307478535733360	4307478535733361
3320	1002916	Item_Skill_AbyssGear_Creature_AdditionalDamage_LV3	4307491420635248	4307491420635249
3321	1003761	Item_Skill_AbyssGear_AddCriticalRateByMaterialKey_PlateArmor_LV3	4311120668000368	4311120668000369
3322	1003764	Item_Skill_AbyssGear_AddCriticalRateByMaterialKey_LeatherArmor_LV3	4311133552902256	4311133552902257
3323	1003767	Item_Skill_AbyssGear_AddCriticalRateByMaterialKey_FabricArmor_LV3	4311146437804144	4311146437804145
3324	1002955	Item_Skill_AbyssGear_AddKillSkillLevel_LV3	4307658924359792	4307658924359793
3325	1003231	Item_Skill_AbyssGear_EquipDropRate_LV3	4308844335333488	4308844335333489
3326	1002922	Item_Skill_AbyssGear_AddMoneyDropRate_LV3	4307517190439024	4307517190439025
3327	1002925	Item_Skill_AbyssGear_BlockAmmoConsume_LV3	4307530075340912	4307530075340913
3328	1002928	Item_Skill_AbyssGear_FoodSkillLevelUp_LV3	4307542960242800	4307542960242801
3329	1002931	Item_Skill_AbyssGear_ReduceCraftMaterial_LV3	4307555845144688	4307555845144689
3330	1002934	Item_Skill_AbyssGear_AdditionalThief_LV3	4307568730046576	4307568730046577
3331	1002937	Item_Skill_AbyssGear_CollectDrop_Ore_LV3	4307581614948464	4307581614948465
3332	1002940	Item_Skill_AbyssGear_CollectDrop_Plant_LV3	4307594499850352	4307594499850353
3333	1002943	Item_Skill_AbyssGear_CollectDrop_Animal_LV3	4307607384752240	4307607384752241
3334	1002946	Item_Skill_AbyssGear_CollectDrop_Log_LV3	4307620269654128	4307620269654129
3335	1002949	Item_Skill_AbyssGear_ContributionExp_LV3	4307633154556016	4307633154556017
3336	1002952	Item_Skill_AbyssGear_SkillPointExp_LV3	4307646039457904	4307646039457905
3337	1002522	Item_Skill_AbyssGear_AddFrendly_LV3	4305799203520624	4305799203520625
3338	1000531	Item_Skill_AbyssGear_Equip_AddHorseExp_LV3	4297247923634288	4297247923634289
3339	1000890	Item_Skill_AbyssGear_Equip_AddPetFriendly_LV3	4298789816893552	4298789816893553
3340	1003281	Item_Skill_AbyssGear_Attack_HPRecover_LV1	4309059083698288	4309059083698289
3341	1003290	Item_Skill_AbyssGear_Attack_MPRecover_LV1	4309097738403952	4309097738403953
3342	1003291	Item_Skill_AbyssGear_Attack_SPRecover_LV1	4309102033371248	4309102033371249
3343	1001067	Item_Skill_AbyssGear_Combo_LV1	4299550026104944	4299550026104945
3344	1002863	Item_Skill_AbyssGear_AbyssGrass_Immune	4307263787368560	4307263787368561
3345	1002865	Item_Skill_AbyssGear_Hyena_PoisonImmune	4307272377303152	4307272377303153
3346	1002866	Item_Skill_AbyssGear_Immune_Bismuth	4307276672270448	4307276672270449
3347	1002867	Item_Skill_AbyssGear_DAM_UP_RotationBash	4307280967237744	4307280967237745
3348	1004205	Item_Skill_AbyssGear_Attack_SPRecover_LV2	4313027633479792	4313027633479793
3349	1002862	Item_Stat_AbyssGear_DDD_Special	4307259492401264	4307259492401265
3350	1002969	Item_Stat_AbyssGear_CriticalRate_Special	4307719053901936	4307719053901937
3351	1002970	Item_Stat_AbyssGear_AttackSpeedRate_Special	4307723348869232	4307723348869233
3352	1002972	Item_Stat_AbyssGear_FireResistance_Special	4307731938803824	4307731938803825
3353	1002973	Item_Stat_AbyssGear_IceResistance_Special	4307736233771120	4307736233771121
3354	1002974	Item_Stat_AbyssGear_ElectricityResistance_Special	4307740528738416	4307740528738417
3355	1002975	Item_Skill_AbyssGear_Machine_AdditionalDamage_Special	4307744823705712	4307744823705713
3356	1002976	Item_Skill_AbyssGear_CommonHexe_AdditionalDamage_Special	4307749118673008	4307749118673009
3357	1002977	Item_Skill_AbyssGear_CommonHumanoid_AdditionalDamage_Special	4307753413640304	4307753413640305
3358	1002978	Item_Skill_AbyssGear_CommonGolem_AdditionalDamage_Special	4307757708607600	4307757708607601
3359	1002979	Item_Skill_AbyssGear_Boss_AdditionalDamage_Special	4307762003574896	4307762003574897
3360	1002980	Item_Skill_AbyssGear_CommonAnimal_AdditionalDamage_Special	4307766298542192	4307766298542193
3361	1002981	Item_Skill_AbyssGear_Creature_AdditionalDamage_Special	4307770593509488	4307770593509489
3362	1002982	Item_Skill_AbyssGear_BlockAmmoConsume_Special	4307774888476784	4307774888476785
3363	1002509	Item_Skill_AbyssGear_LandMash_LV1	4305743368945776	4305743368945777
3364	1002523	Item_Skill_AbyssGear_SoulStrike_LV1	4305803498487920	4305803498487921
3365	1002539	Item_Skill_AbyssGear_CrowAttack_LV1	4305872217964656	4305872217964657
3366	1002548	Item_Skill_AbyssGear_FlashCombo_LV1	4305910872670320	4305910872670321
3367	1002569	Item_Skill_AbyssGear_SwordAura_LV1	4306001066983536	4306001066983537
3368	1002764	Item_Skill_AbyssGear_FrostBreath_LV1	4306838585606256	4306838585606257
3369	1002766	Item_Skill_AbyssGear_FireBreath_LV1	4306847175540848	4306847175540849
3370	1002848	Item_Skill_AbyssGear_LightningBreath_LV1	4307199362859120	4307199362859121
3371	1002583	Item_Skill_AbyssGear_EnlightenmentWave_LV1	4306061196525680	4306061196525681
3372	1002580	Item_Skill_AbyssGear_DarkenRobe_LV1	4306048311623792	4306048311623793
3373	1002592	Item_Skill_AbyssGear_DogClaw_LV1	4306099851231344	4306099851231345
3374	1003715	Item_Skill_AbyssGear_Forgotten_General	4310923099504752	4310923099504753
3375	1003668	Item_Skill_AbyssGear_Ogre	4310721236041840	4310721236041841
3376	1002552	Item_Skill_AbyssGear_Antumbra_Spear	4305928052539504	4305928052539505
3377	1002602	Item_Skill_AbyssGear_CrowStorm_LV1	4306142800904304	4306142800904305
3378	1002805	Item_Skill_AbyssGear_SmashStorm_LV1	4307014679265392	4307014679265393
3379	1002658	Item_Skill_AbyssGear_CresecentAura_1_LV1	4306383319072880	4306383319072881
3380	1002659	Item_Skill_AbyssGear_CresecentAura_2_LV1	4306387614040176	4306387614040177
3381	1002660	Item_Skill_AbyssGear_CresecentAura_3_LV1	4306391909007472	4306391909007473
3382	1002843	Item_Skill_AbyssGear_FrostSpike_LV1	4307177888022640	4307177888022641
3383	1002849	Item_Skill_AbyssGear_AbsoluteDefense_LV1	4307203657826416	4307203657826417
3384	1002852	Item_Skill_AbyssGear_ArrowRain_LV1	4307216542728304	4307216542728305
3385	1003685	Item_Skill_AbyssGear_Merrick	4310794250485872	4310794250485873
3386	1002578	Item_Skill_AbyssGear_LightningStab_LV1	4306039721689200	4306039721689201
3387	1003686	Item_Skill_AbyssGear_Antumbra_TwoHandRod	4310798545453168	4310798545453169
3388	1002887	Item_Skill_AbyssGear_TarandusWarrior_WarHammer	4307366866583664	4307366866583665
3389	1000121	Item_Skill_AbyssGear_Bastier	4295486987042928	4295486987042929
3390	1002542	Item_Skill_AbyssGear_Karanda	4305885102866544	4305885102866545
3391	1002845	Item_Skill_AbyssGear_FrostDeath_LV1	4307186477957232	4307186477957233
3392	1002554	Item_Skill_AbyssGear_Primus	4305936642474096	4305936642474097
3393	1002841	Item_Skill_AbyssGear_DarkChase_LV1	4307169298088048	4307169298088049
3394	1003699	Item_Skill_AbyssGear_Leebur	4310854380028016	4310854380028017
3395	1003691	Item_Skill_AbyssGear_QueenSpider	4310820020289648	4310820020289649
3396	1003718	Item_Skill_AbyssGear_Praevus	4310935984406640	4310935984406641
3397	1003702	Item_Skill_AbyssGear_Priscus	4310867264929904	4310867264929905
3398	1003692	Item_Skill_AbyssGear_Skevald	4310824315256944	4310824315256945
3399	1002858	Item_Skill_AbyssGear_AtorDrone_LV1	4307242312532080	4307242312532081
3400	1002606	Item_Skill_AbyssGear_PhantomStab_LV1	4306159980773488	4306159980773489
3401	1003700	Item_Skill_AbyssGear_LanFord	4310858674995312	4310858674995313
3402	1003714	Item_Skill_AbyssGear_ImpBoss	4310918804537456	4310918804537457
3403	1001893	Item_Skill_AbyssGear_Catfish_BodySlam_LV1	4303097669091440	4303097669091441
3404	1002496	Item_Skill_AbyssGear_Titan	4305687534370928	4305687534370929
3405	1002855	Item_Skill_AbyssGear_EnergyBurst_LV1	4307229427630192	4307229427630193
3406	1002510	Item_Skill_AbyssGear_Muscan	4305747663913072	4305747663913073
3407	752751	SmallAnimal_Poop	3233040927031408	3233040927031409
3408	53001	AppleTree_Seed	227637561655408	227637561655409
3409	1001836	PearTree_Seed	4302852855955568	4302852855955569
3410	1001837	Ginseng_Seed	4302857150922864	4302857150922865
3411	1001839	AbyssStone_Seed	4302865740857456	4302865740857457
3412	1001840	GlowFlower_Seed	4302870035824752	4302870035824753
3413	1001139	Pomegranate_Seed	4299859263750256	4299859263750257
3414	1001140	Figs_Seed	4299863558717552	4299863558717553
3415	1001173	Peach_Seed	4300005292638320	4300005292638321
3416	1001235	Tomato_Seed	4300271580610672	4300271580610673
3417	1001247	grape_Seed	4300323120218224	4300323120218225
3418	1001397	orange_Seed	4300967365312624	4300967365312625
3419	1001398	Coffee_Seed	4300971660279920	4300971660279921
3420	1001399	cacao_Seed	4300975955247216	4300975955247217
3421	1000327	Corn_seed	4296371750305904	4296371750305905
3422	1000516	Kudzu_seed	4297183499124848	4297183499124849
3423	1000562	Rubber_seed	4297381067620464	4297381067620465
3424	1000722	Ensete_seed	4298068262387824	4298068262387825
3425	1000724	Opuntia_seed	4298076852322416	4298076852322417
3426	1000725	Taro_seed	4298081147289712	4298081147289713
3427	1000731	Chaya_seed	4298106917093488	4298106917093489
3428	1001777	Glow_Fruit	4302599452885104	4302599452885105
3429	756513	Wild_Insam	3249198593998960	3249198593998961
3430	1001843	Pear	4302882920726640	4302882920726641
3431	1000634	RevivalItem	4297690305265776	4297690305265777
3432	1001959	RevivalItemPartialRecovery	4303381136932976	4303381136932977
3433	1002138	Boss_Reward_SuperWeapon	4304149936078960	4304149936078961
3434	1002139	Boss_Reward_DragonParts	4304154231046256	4304154231046257
3435	1002199	Boss_Reward_Graymanes	4304411929084016	4304411929084017
3436	1002200	Boss_Reward_Survivors	4304416224051312	4304416224051313
3437	1002142	Boss_Reward_BigMoney	4304167115948144	4304167115948145
3438	1002201	Boss_Reward_LargeWood	4304420519018608	4304420519018609
3439	1002202	Boss_Reward_LargeStone	4304424813985904	4304424813985905
3440	1002145	Boss_Reward_KweidenNode	4304180000850032	4304180000850033
3441	1002146	Boss_Reward_DelesyianNode	4304184295817328	4304184295817329
3442	1002150	Boss_Reward_Supercarrot	4304201475686512	4304201475686513
3443	1002151	Boss_Reward_GoldVeinMap	4304205770653808	4304205770653809
3444	1002152	Boss_Reward_FishMap	4304210065621104	4304210065621105
3445	1002153	Boss_Reward_CatFishMap	4304214360588400	4304214360588401
3446	1002154	Boss_Reward_KweidenContribution	4304218655555696	4304218655555697
3447	1002155	Boss_Reward_Npc01Intimacy	4304222950522992	4304222950522993
3448	1002157	Boss_Reward_MiraculousRecovery	4304231540457584	4304231540457585
3449	1002160	Boss_Reward_AutomatedIncome	4304244425359472	4304244425359473
3450	1002164	Boss_Reward_StatsStamina	4304261605228656	4304261605228657
3451	1002165	Boss_Reward_StatsMp	4304265900195952	4304265900195953
3452	1002168	Boss_Reward_KnowledgeOverview	4304278785097840	4304278785097841
3453	1002169	Boss_Reward_Tracker	4304283080065136	4304283080065137
3454	1003918	Boss_Reward_QuickLearner_Charm	4311794977865840	4311794977865841
3455	1000060	Puzzle_Reward_TreasureMap_Her_First	4295224994037872	4295224994037873
3456	1000898	Puzzle_Reward_TreasureMap_Her_Second	4298824176631920	4298824176631921
3457	1000905	Puzzle_Reward_TreasureMap_Kwe	4298854241402992	4298854241402993
3458	1001194	Puzzle_Reward_TreasureMap_Dem_First	4300095486951536	4300095486951537
3459	1002251	Puzzle_Reward_TreasureMap_Dem_Second	4304635267383408	4304635267383409
3460	1002298	Puzzle_Reward_TreasureMap_Del	4304837130846320	4304837130846321
3461	1002163	Boss_Reward_SummonMerchant	4304257310261360	4304257310261361
3462	1002156	Boss_Reward_StatsCrime	4304227245490288	4304227245490289
3463	1002159	Boss_Reward_MasterThief	4304240130392176	4304240130392177
3464	1002166	Boss_Reward_BountyReduction	4304270195163248	4304270195163249
3465	1002140	Boss_Reward_SuperSkill	4304158526013552	4304158526013553
3466	1000989	Boss_Reward_MerchantKing_GoldleafGuildhouse	4299215018655856	4299215018655857
3467	1002543	Boss_Reward_MerchantKing_SilvermoonTroll	4305889397833840	4305889397833841
3468	1003661	Boss_Reward_MerchantKing_SaltroadTradePost	4310691171270768	4310691171270769
3469	1003919	Boss_Reward_Efficiency_Charm	4311799272833136	4311799272833137
3470	1002174	Boss_Reward_ReturnCamp	4304304554901616	4304304554901617
3471	19994	Abyss_InfiniteStat_Sp3	85873576116336	85873576116337
3472	19995	Abyss_InfiniteStat_Mp2	85877871083632	85877871083633
3473	19996	Abyss_InfiniteStat_Hp30	85882166050928	85882166050929
3474	1000000	Immediate_SubLevel_Hp	4294967296000112	4294967296000113
3475	1000001	Immediate_SubLevel_Mp	4294971590967408	4294971590967409
3476	1000002	Immediate_SubLevel_Stamina	4294975885934704	4294975885934705
3477	1000003	Immediate_SubLevel_AttackSpeedRate	4294980180902000	4294980180902001
3478	1000004	Immediate_SubLevel_MoveSpeedRate	4294984475869296	4294984475869297
3479	1000084	Item_Set_A_RestArea	4295328073252976	4295328073252977
3480	1000256	Item_Set_B_RestArea	4296066807627888	4296066807627889
3481	1000281	Item_Set_C_RestArea	4296174181810288	4296174181810289
3482	1001090	Item_Set_D_RestArea	4299648810352752	4299648810352753
3483	1002312	Item_Set_E_RestArea	4304897260388464	4304897260388465
3484	1002341	Item_Set_A_Enhance_RestArea	4305021814440048	4305021814440049
3485	1002345	Item_Set_B_Enhance_RestArea	4305038994309232	4305038994309233
3486	1002355	Item_Set_C_Enhance_RestArea	4305081943982192	4305081943982193
3487	1002371	Item_Set_D_Enhance_RestArea	4305150663458928	4305150663458929
3488	1002373	Item_Set_E_Enhance_RestArea	4305159253393520	4305159253393521
3489	1002385	Item_Set_F_Enhance_RestArea	4305210793001072	4305210793001073
3490	1002077	Item_AbyssGear_Stat_Lv1_Box	4303887943073904	4303887943073905
3491	1002396	Item_AbyssGear_Stat_Lv2_Box	4305258037641328	4305258037641329
3492	1002433	Item_AbyssGear_Stat_Lv3_Box	4305416951431280	4305416951431281
3493	1002436	Item_AbyssGear_SKill_Lv1_Box	4305429836333168	4305429836333169
3494	1002456	Item_AbyssGear_SKill_Lv2_Box	4305515735679088	4305515735679089
3495	1002474	Item_AbyssGear_SKill_Lv3_Box	4305593045090416	4305593045090417
3496	1002540	Item_AbyssGear_Special_Box	4305876512931952	4305876512931953
3497	1004379	Item_AbyssGear_Recipe_Box_I	4313774957789296	4313774957789297
3498	1004380	Item_AbyssGear_Recipe_Box_II	4313779252756592	4313779252756593
3499	1004381	Item_AbyssGear_Recipe_Box_III	4313783547723888	4313783547723889
3500	1004382	Item_AbyssGear_Recipe_Box_IV	4313787842691184	4313787842691185
3501	1004383	Item_AbyssGear_Recipe_Box_V	4313792137658480	4313792137658481
3502	1004384	Item_AbyssGear_Recipe_Box_VI	4313796432625776	4313796432625777
3503	1002266	Collection_Prop_Chest_0010	4304699691892848	4304699691892849
3504	1004503	Item_AbyssArtifact_Chest_2_7	4314307533734000	4314307533734001
3505	1004504	Item_AbyssArtifact_Chest_3	4314311828701296	4314311828701297
3506	1004505	Item_AbyssArtifact_Chest_5	4314316123668592	4314316123668593
3507	1004506	Item_Pinball_Coin_Reward_Bag	4314320418635888	4314320418635889
3508	1004827	DropItem_Quest_Paper_Cult_Order	4315699103137904	4315699103137905
3509	1004880	Item_FireFly_Box	4315926736404592	4315926736404593
3510	1000667	Trade_Cheese_03	4297832039186544	4297832039186545
3511	1000646	Trade_Flour_01	4297741844873328	4297741844873329
3512	1000648	Trade_Salt_01	4297750434807920	4297750434807921
3513	1000661	Trade_Wool_03	4297806269382768	4297806269382769
3514	1000702	Trade_Armor_Wild_Fabric_01	4297982363041904	4297982363041905
3515	1000668	Trade_FishMeat_03	4297836334153840	4297836334153841
3516	1005054	Trade_NutritiousJerky	4316674060714096	4316674060714097
3517	1000602	Trade_Sugar_02	4297552866312304	4297552866312305
3518	1000608	Trade_Pepper_02	4297578636116080	4297578636116081
3519	1000619	Trade_Ceramics_03	4297625880756336	4297625880756337
3520	1000598	Trade_Caligraphy_02	4297535686443120	4297535686443121
3521	1000612	Trade_Sulfur_02	4297595815985264	4297595815985265
3522	1000603	Trade_Honey_02	4297557161279600	4297557161279601
3523	1000643	Trade_Fur_01	4297728959971440	4297728959971441
3524	1000703	Trade_Armor_Wild_Chain_01	4297986658009200	4297986658009201
3525	1005053	Trade_Horseshoe	4316669765746800	4316669765746801
3526	1000666	Trade_Ginseng_03	4297827744219248	4297827744219249
3527	1000647	Trade_Wine_01	4297746139840624	4297746139840625
3528	1000615	Trade_Gunpowder_02	4297608700887152	4297608700887153
3529	1005055	Trade_CannonGunpowder	4316678355681392	4316678355681393
3530	1000600	Trade_Silk_02	4297544276377712	4297544276377713
3531	1000607	Trade_Tobacco_02	4297574341148784	4297574341148785
3532	1000596	Trade_Glass_02	4297527096508528	4297527096508529
3533	1005057	Trade_FlintSet	4316686945615984	4316686945615985
3534	1000671	Trade_Sword_03	4297849219055728	4297849219055729
3535	1000672	Trade_Armor_03	4297853514023024	4297853514023025
3536	1000597	Trade_Carpet_02	4297531391475824	4297531391475825
3537	1000618	Trade_Gun_02	4297621585789040	4297621585789041
3538	1000674	Trade_Jade_03	4297862103957616	4297862103957617
3539	1000670	Trade_Ivory_03	4297844924088432	4297844924088433
3540	1000638	Trade_PearlLacquerware_01	4297707485134960	4297707485134961
3541	1005046	Trade_MillennialSnowGinseng	4316639700975728	4316639700975729
3542	1005049	Trade_Scripture	4316652585877616	4316652585877617
3543	1005059	Trade_FrostGhostTear	4316695535550576	4316695535550577
3544	1005064	Trade_TableClock	4316717010387056	4316717010387057
3545	1005051	Trade_WhiteDeerLeather	4316661175812208	4316661175812209
3546	1005061	Trade_LightningWood	4316704125485168	4316704125485169
3547	1005058	Trade_Glacialstone	4316691240583280	4316691240583281
3548	1005068	Trade_PremiumOil	4316734190256240	4316734190256241
3549	1005047	Trade_RoyalJelly	4316643995943024	4316643995943025
3550	1005071	Trade_ScorpionAmber	4316747075158128	4316747075158129
3551	1005072	Trade_OasisWater	4316751370125424	4316751370125425
3552	1005060	Trade_SulfurCrystal	4316699830517872	4316699830517873
3553	1005056	Trade_Compass	4316682650648688	4316682650648689
3554	1005073	Trade_RitualBowl	4316755665092720	4316755665092721
3555	1005069	Trade_ModelShip	4316738485223536	4316738485223537
3556	1005048	Trade_SpiritMushroom	4316648290910320	4316648290910321
3557	1005065	Trade_Pearl	4316721305354352	4316721305354353
3558	1005067	Trade_ToolSet	4316729895288944	4316729895288945
3559	1005052	Trade_Spyglass	4316665470779504	4316665470779505
3560	1005066	Trade_Coolant	4316725600321648	4316725600321649
3561	1005070	Trade_OpuntiaChocolate	4316742780190832	4316742780190833
3562	1005062	Trade_Rosin	4316708420452464	4316708420452465
3563	1005063	Trade_RockSalt	4316712715419760	4316712715419761
3564	1005050	Trade_GlowingMushroom	4316656880844912	4316656880844913
3565	1001240	Trade_Camp_Food	4300293055447152	4300293055447153
3566	1001799	Trade_Camp_Wood	4302693942165616	4302693942165617
3567	1001801	Trade_Camp_Stone	4302702532100208	4302702532100209
3568	1001802	Trade_Camp_Weapon	4302706827067504	4302706827067505
3569	1001725	Trade_Cheese_PackedInVehicle	4302376114585712	4302376114585713
3570	1001736	Trade_Flour_PackedInVehicle	4302423359225968	4302423359225969
3571	1001737	Trade_Salt_PackedInVehicle	4302427654193264	4302427654193265
3572	1005091	Trade_RockSalt_PackedInVehicle	4316832974504048	4316832974504049
3573	1001718	Trade_Wool_PackedInVehicle	4302346049814640	4302346049814641
3574	1001733	Trade_Fur_PackedInVehicle	4302410474324080	4302410474324081
3575	1001719	Trade_Silk_PackedInVehicle	4302350344781936	4302350344781937
3576	1005079	Trade_WhiteDeerLeather_PackedInVehicle	4316781434896496	4316781434896497
3577	1000664	Trade_Armor_Wild_Fabric_PackedInVehicle	4297819154284656	4297819154284657
3578	1000665	Trade_Armor_Wild_Chain_PackedInVehicle	4297823449251952	4297823449251953
3579	1005081	Trade_Horseshoe_PackedInVehicle	4316790024831088	4316790024831089
3580	1001726	Trade_FishMeat_PackedInVehicle	4302380409553008	4302380409553009
3581	1005082	Trade_NutritiousJerky_PackedInVehicle	4316794319798384	4316794319798385
3582	1001734	Trade_Sugar_PackedInVehicle	4302414769291376	4302414769291377
3583	1001738	Trade_Pepper_PackedInVehicle	4302431949160560	4302431949160561
3584	1005076	Trade_SpiritMushroom_PackedInVehicle	4316768549994608	4316768549994609
3585	1005078	Trade_GlowingMushroom_PackedInVehicle	4316777139929200	4316777139929201
3586	1001715	Trade_Ceramics_PackedInVehicle	4302333164912752	4302333164912753
3587	1001716	Trade_Glass_PackedInVehicle	4302337459880048	4302337459880049
3588	1005085	Trade_FlintSet_PackedInVehicle	4316807204700272	4316807204700273
3589	1005080	Trade_Spyglass_PackedInVehicle	4316785729863792	4316785729863793
3590	1005084	Trade_Compass_PackedInVehicle	4316802909732976	4316802909732977
3591	1005101	Trade_RitualBowl_PackedInVehicle	4316875924177008	4316875924177009
3592	1005095	Trade_ToolSet_PackedInVehicle	4316850154373232	4316850154373233
3593	1005090	Trade_Rosin_PackedInVehicle	4316828679536752	4316828679536753
3594	1001727	Trade_Caligraphy_PackedInVehicle	4302384704520304	4302384704520305
3595	1001732	Trade_PearlLacquerware_PackedInVehicle	4302406179356784	4302406179356785
3596	1005097	Trade_ModelShip_PackedInVehicle	4316858744307824	4316858744307825
3597	1001739	Trade_Sulfur_PackedInVehicle	4302436244127856	4302436244127857
3598	1001724	Trade_Gunpowder_PackedInVehicle	4302371819618416	4302371819618417
3599	1001731	Trade_Gun_PackedInVehicle	4302401884389488	4302401884389489
3600	1005083	Trade_CannonGunpowder_PackedInVehicle	4316798614765680	4316798614765681
3601	1005088	Trade_SulfurCrystal_PackedInVehicle	4316820089602160	4316820089602161
3602	1005094	Trade_Coolant_PackedInVehicle	4316845859405936	4316845859405937
3603	1005096	Trade_PremiumOil_PackedInVehicle	4316854449340528	4316854449340529
3604	1001735	Trade_Honey_PackedInVehicle	4302419064258672	4302419064258673
3605	1001728	Trade_Ginseng_PackedInVehicle	4302388999487600	4302388999487601
3606	1001720	Trade_Wine_PackedInVehicle	4302354639749232	4302354639749233
3607	1005074	Trade_MillennialSnowGinseng_PackedInVehicle	4316759960060016	4316759960060017
3608	1005075	Trade_RoyalJelly_PackedInVehicle	4316764255027312	4316764255027313
3609	1001729	Trade_Sword_PackedInVehicle	4302393294454896	4302393294454897
3610	1001730	Trade_Armor_PackedInVehicle	4302397589422192	4302397589422193
3611	1001717	Trade_Carpet_PackedInVehicle	4302341754847344	4302341754847345
3612	1005092	Trade_TableClock_PackedInVehicle	4316837269471344	4316837269471345
3613	1005087	Trade_FrostGhostTear_PackedInVehicle	4316815794634864	4316815794634865
3614	1001723	Trade_Jade_PackedInVehicle	4302367524651120	4302367524651121
3615	1001722	Trade_Ivory_PackedInVehicle	4302363229683824	4302363229683825
3616	1005093	Trade_Pearl_PackedInVehicle	4316841564438640	4316841564438641
3617	1005099	Trade_ScorpionAmber_PackedInVehicle	4316867334242416	4316867334242417
3618	1005086	Trade_Glacialstone_PackedInVehicle	4316811499667568	4316811499667569
3619	1005089	Trade_LightningWood_PackedInVehicle	4316824384569456	4316824384569457
3620	1005077	Trade_Scripture_PackedInVehicle	4316772844961904	4316772844961905
3621	1001721	Trade_Tobacco_PackedInVehicle	4302358934716528	4302358934716529
3622	1005098	Trade_OpuntiaChocolate_PackedInVehicle	4316863039275120	4316863039275121
3623	1005100	Trade_OasisWater_PackedInVehicle	4316871629209712	4316871629209713
3624	1002262	Trade_Food_PackedInVehicle	4304682512023664	4304682512023665
3625	1002263	Trade_Wood_PackedInVehicle	4304686806990960	4304686806990961
3626	1002264	Trade_Stone_PackedInVehicle	4304691101958256	4304691101958257
3627	1002265	Trade_Weapon_PackedInVehicle	4304695396925552	4304695396925553
3628	1000062	Decoy_Human_I	4295233583972464	4295233583972465
3629	1001916	Trap_Summon_Decoy_Ball_I	4303196453339248	4303196453339249
3630	803024	TreasureMap_Elcard_I	3448961817903216	3448961817903217
3631	803025	TreasureMap_Elcard_II	3448966112870512	3448966112870513
3632	803026	TreasureMap_Elcard_III	3448970407837808	3448970407837809
3633	803032	TreasureMap_Summer_II	3448996177641584	3448996177641585
3634	803033	TreasureMap_Summer_III	3449000472608880	3449000472608881
3635	803034	TreasureMap_Summer_IV	3449004767576176	3449004767576177
3636	1002144	Hidden_TreasureMap_I	4304175705882736	4304175705882737
3637	1002171	Hidden_TreasureMap_II	4304291669999728	4304291669999729
3638	1002205	Hidden_TreasureMap_III	4304437698887792	4304437698887793
3639	1002206	Hidden_TreasureMap_IV	4304441993855088	4304441993855089
3640	1002207	Hidden_TreasureMap_V	4304446288822384	4304446288822385
3641	1002208	Hidden_TreasureMap_VI	4304450583789680	4304450583789681
3642	1002209	Hidden_TreasureMap_VII	4304454878756976	4304454878756977
3643	1002210	Hidden_TreasureMap_VIII	4304459173724272	4304459173724273
3644	1002211	Hidden_TreasureMap_IX	4304463468691568	4304463468691569
3645	1002212	Hidden_TreasureMap_X	4304467763658864	4304467763658865
3646	1002213	Hidden_TreasureMap_XI	4304472058626160	4304472058626161
3647	1002395	Hidden_TreasureMap_XII	4305253742674032	4305253742674033
3648	1002079	TreasureMap_Dead_Pirate_King_Treasure	4303896533008496	4303896533008497
3649	803011	TreasureMap_Famous_Thief_I	3448905983328368	3448905983328369
3650	803012	TreasureMap_Famous_Thief_II	3448910278295664	3448910278295665
3651	803013	TreasureMap_Famous_Thief_III	3448914573262960	3448914573262961
3652	803021	TreasureMap_Legendary_Armor_I	3448948933001328	3448948933001329
3653	803022	TreasureMap_Legendary_Armor_II	3448953227968624	3448953227968625
3654	803023	TreasureMap_Legendary_Armor_III	3448957522935920	3448957522935921
3655	803031	TreasureMap_Summer_I	3448991882674288	3448991882674289
3656	803041	TreasureMap_Mysterious_Totem_I	3449034832347248	3449034832347249
3657	1001100	Tarif_Necklace	4299691760025712	4299691760025713
3658	1001101	Ludvic_Necklace	4299696054993008	4299696054993009
3659	1001182	WeatherWeaver_Necklace	4300043947343984	4300043947343985
3660	1000972	Optionary_Monk_Necklace	4299142004211824	4299142004211825
3661	1002253	WeatherWeaver_Sunny_Necklace	4304643857318000	4304643857318001
3662	8509	Folorin_Earring	36545876721776	36545876721777
3663	8502	Legendary_Titan_Ring	36515811950704	36515811950705
3664	8501	AbyssReward_WhiteHorn_Ring	36511516983408	36511516983409
3665	8506	AbyssReward_EastWitch_Ring	36532991819888	36532991819889
3666	391518541	Antumbra_King_Ring	1681559329372635248	1681559329372635249
3667	1003220	Tiger_Tooth_Ring	4308797090693232	4308797090693233
3668	391518536	Antumbra_DarkDeacon_Ring	1681559307897798768	1681559307897798769
3669	391518545	Ancient_People_Ring	1681559346552504432	1681559346552504433
3670	620011	Detail_Gold_Ring	2662926968160368	2662926968160369
3671	620010	Red_Ring	2662922673193072	2662922673193073
3672	620002	Pattern_Silver_Ring	2662888313454704	2662888313454705
3673	795053	Faded_Ring	3414726633586800	3414726633586801
3674	795052	Old_Ring	3414722338619504	3414722338619505
3675	620004	Pattern_Copper_Ring	2662896903389296	2662896903389297
3676	8505	Legendary_Ogre_Ring	36528696852592	36528696852593
3677	391518523	Titan_Necklace	1681559252063223920	1681559252063223921
3678	391518537	Antumbra_DarkDeacon_Necklace	1681559312192766064	1681559312192766065
3679	1001875	Umbra_Necklace	4303020359680112	4303020359680113
3680	1003221	White_Lion_Necklace	4308801385660528	4308801385660529
3681	391518539	Karanda_Necklace	1681559320782700656	1681559320782700657
3682	391518546	Ancient_People_Necklace	1681559350847471728	1681559350847471729
3683	8801	Crafting_Blizzard_Necklace	37800007172208	37800007172209
3684	610015	Stardust_Necklace	2619994475069552	2619994475069553
3685	610014	Detail_Gold_Necklace	2619990180102256	2619990180102257
3686	1001097	Abyss_Surreal_Wolf_Necklace	4299678875123824	4299678875123825
3687	1000549	Dwarf_Necklace	4297325233045616	4297325233045617
3688	1001104	Redsentinel_Necklace	4299708939894896	4299708939894897
3689	610002	Pattern_Silver_Necklace	2619938640494704	2619938640494705
3690	795042	Faded_Necklace	3414679388946544	3414679388946545
3691	1001099	Varantine_Necklace	4299687465058416	4299687465058417
3692	1001103	Hailbrin_Necklace	4299704644927600	4299704644927601
3693	610004	Pattern_Copper_Necklace	2619947230429296	2619947230429297
3694	795041	Old_Necklace	3414675093979248	3414675093979249
3695	1001816	Greyfur_Necklace	4302766956609648	4302766956609649
3696	1002133	Pailune_Necklace	4304128461242480	4304128461242481
3697	8504	Legendary_HexeMarie_Earring	36524401885296	36524401885297
3698	391518540	Hexe_Earring	1681559325077667952	1681559325077667953
3699	391518521	WhiteHorn_Earring	1681559243473289328	1681559243473289329
3700	1002291	Demian_Earring_I	4304807066075248	4304807066075249
3701	1003222	Black_Lion_Earring	4308805680627824	4308805680627825
3702	600005	Pattern_Diamond_Earring	2577001852436592	2577001852436593
3703	1000478	Kliff_Earring	4297020290367600	4297020290367601
3704	1003698	Demeniss_Earring	4310850085060720	4310850085060721
3705	391518544	Ancient_People_Earring	1681559342257537136	1681559342257537137
3706	391518535	Antumbra_DarkDeacon_Earring	1681559303602831472	1681559303602831473
3707	600003	Pattern_Gold_Earring	2576993262502000	2576993262502001
3708	1001936	Earring_Tier3_I	4303282352685168	4303282352685169
3709	600002	Pattern_Silver_Earring	2576988967534704	2576988967534705
3710	1000412	Earring_Tier2_I	4296736822526064	4296736822526065
3711	600001	Pattern_Bronze_Earring	2576984672567408	2576984672567409
3712	1000484	Earring_Tier1_I	4297046060171376	4297046060171377
3713	1000479	Kliff_Glasses	4297024585334896	4297024585334897
3714	1004113	Crowman_Fabric_Helm	4312632496488560	4312632496488561
3715	1000806	Kliff_Mask	4298429039640688	4298429039640689
3716	2112018	Luksa_ChainMail_Armor	9071048238563440	9071048238563441
3717	2111015	Baratan_ChainMail_Armor	9066740386365552	9066740386365553
3718	113034	Traley_ChainMail_Armor	485477333336176	485477333336177
3719	111200	Labonion_ChainMail_Armor	477600363315312	477600363315313
3720	1000208	Wells_Brigade_Rebel_ChainMail_Armor_I	4295860649197680	4295860649197681
3721	111201	Lucion_ChainMail_Armor	477604658282608	477604658282609
3722	112065	Kalrari_ChainMail_Armor	481315510026352	481315510026353
3723	112066	Tormand_ChainMail_Armor	481319804993648	481319804993649
3724	112073	Luknaon_ChainMail_Armor	481349869764720	481349869764721
3725	1000209	Wells_Brigade_Rebel_ChainMail_Armor_II	4295864944164976	4295864944164977
3726	112075	Luknian_ChainMail_Armor	481358459699312	481358459699313
3727	112077	Dunion_ChainMail_Armor	481367049633904	481367049633905
3728	113643	Senian_ChainMail_Armor	488092968419440	488092968419441
3729	2112028	Cantina_ChainMail_Armor	9071091188236400	9071091188236401
3730	2076353107	Katunan_ChainMail_Armor_I	8917868689512988784	8917868689512988785
3731	2133054	Marni_ChainMail_Boots	9161397170602096	9161397170602097
3732	2133142	Barnia_ChainMail_Boots	9161775127724144	9161775127724145
3733	2133053	Marni_ChainMail_Gloves	9161392875634800	9161392875634801
3734	122006	Beastman_ChainMail_Gloves	524011779915888	524011779915889
3735	123019	Godhehart_ChainMail_Gloves	528362581786736	528362581786737
3736	102002	Nahu_ChainMail_Helm	438095254126704	438095254126705
3737	102003	Cadwallon_ChainMail_Helm	438099549094000	438099549094001
3738	111186	Limerick_ChainMail_Armor	477540233773168	477540233773169
3739	1004365	Limerick_ChainMail_Armor_II	4313714828247152	4313714828247153
3740	2113200	Trier_ChainMail_Armor	9076124889907312	9076124889907313
3741	111190	Galbon_ChainMail_Armor	477557413642352	477557413642353
3742	112034	Lodi_ChainMail_Armor	481182366040176	481182366040177
3743	112035	Drivon_ChainMail_Armor	481186661007472	481186661007473
3744	112042	Redin_ChainMail_Armor	481216725778544	481216725778545
3745	112067	Hasets_ChainMail_Armor	481324099960944	481324099960945
3746	112068	Kililli_ChainMail_Armor	481328394928240	481328394928241
3747	113641	Durion_ChainMail_Armor	488084378484848	488084378484849
3748	113642	Latrion_ChainMail_Armor	488088673452144	488088673452145
3749	2111020	Ketlan_ChainMail_Armor	9066761861202032	9066761861202033
3750	2111021	Antuka_ChainMail_Armor	9066766156169328	9066766156169329
3751	2111022	Amantia_ChainMail_Armor	9066770451136624	9066770451136625
3752	2111023	Amanas_ChainMail_Armor	9066774746103920	9066774746103921
3753	2111060	Riverdine_ChainMail_Armor	9066933659893872	9066933659893873
3754	2111117	Kark_ChainMail_Armor	9067178473029744	9067178473029745
3755	2114072	Dutinaan_ChainMail_Armor	9079870101389424	9079870101389425
3756	2133064	Dutian_ChainMail_Armor	9161440120275056	9161440120275057
3757	2133074	Mocian_ChainMail_Armor	9161483069948016	9161483069948017
3758	2133083	Darren_ChainMail_Armor	9161521724653680	9161521724653681
3759	113688	Archria_ChainMail_Armor	488286241947760	488286241947761
3760	2114048	Kauria_ChainMail_Armor	9079767022174320	9079767022174321
3761	111105	Andre_ChainMail_Armor	477192341422192	477192341422193
3762	111111	Ernst_ChainMail_Armor	477218111225968	477218111225969
3763	112069	Valliron_ChainMail_Armor	481332689895536	481332689895537
3764	112080	Dragon_Knight_ChainMail_Armor	481379934535792	481379934535793
3765	114523	Leeksha_ChainMail_Armor	491872539639920	491872539639921
3766	2111085	Blady_ChainMail_Armor	9067041034076272	9067041034076273
3767	2111086	Oltmann_ChainMail_Armor	9067045329043568	9067045329043569
3768	2111087	Tarman_ChainMail_Armor	9067049624010864	9067049624010865
3769	2112027	Aslan_ChainMail_Armor	9071086893269104	9071086893269105
3770	2133078	Danda_ChainMail_Armor	9161500249817200	9161500249817201
3771	114604	Sphezajon_Fabric_Armor	492220431990896	492220431990897
3772	111148	Avignon_Fabric_Armor	477377025015920	477377025015921
3773	114298	Cocotar_Fabric_Armor	490906171998320	490906171998321
3774	114299	Tryah_Fabric_Armor	490910466965616	490910466965617
3775	114301	Pypho_Fabric_Armor	490919056900208	490919056900209
3776	114438	Casa_Fabric_Armor	491507467419760	491507467419761
3777	114439	Ahns_Fabric_Armor	491511762387056	491511762387057
3778	114443	Marcree_Fabric_Armor	491528942256240	491528942256241
3779	114458	Tyran_Fabric_Armor	491593366765680	491593366765681
3780	114459	Tirone_Fabric_Armor	491597661732976	491597661732977
3781	114471	Tarchana_Fabric_Armor	491649201340528	491649201340529
3782	2111106	Marctah_Fabric_Armor	9067131228389488	9067131228389489
3783	114465	Ecyrune_Fabric_Armor	491623431536752	491623431536753
3784	114437	Racky_Fabric_Armor	491503172452464	491503172452465
3785	114442	Machrah_Fabric_Armor	491524647288944	491524647288945
3786	114464	Nysron_Fabric_Armor	491619136569456	491619136569457
3787	114361	Ouvre_Fabric_Armor	491176754937968	491176754937969
3788	114430	Radley_Fabric_Armor	491473107681392	491473107681393
3789	114478	Laviren_Fabric_Armor	491679266111600	491679266111601
3790	113035	Dark_King_Fabric_Armor	485481628303472	485481628303473
3791	114428	Toitte_Fabric_Armor	491464517746800	491464517746801
3792	114462	Tinian_Fabric_Armor	491610546634864	491610546634865
3793	111109	Sven_Fabric_Armor	477209521291376	477209521291377
3794	111110	Jacob_Fabric_Armor	477213816258672	477213816258673
3795	111150	Arghai_Fabric_Armor	477385614950512	477385614950513
3796	113468	Pantafe_Fabric_Armor	487341349142640	487341349142641
3797	113469	Echebern_Fabric_Armor	487345644109936	487345644109937
3798	113479	Pyrantha_Fabric_Armor	487388593782896	487388593782897
3799	113480	Toireth_Fabric_Armor	487392888750192	487392888750193
3800	113481	Arandhal_Fabric_Armor	487397183717488	487397183717489
3801	113483	Toudon_Fabric_Armor	487405773652080	487405773652081
3802	113503	Conally_Fabric_Armor	487491672998000	487491672998001
3803	114342	Beoratte_Fabric_Armor	491095150559344	491095150559345
3804	114343	Monterima_Fabric_Armor	491099445526640	491099445526641
3805	114344	Dior_Fabric_Armor	491103740493936	491103740493937
3806	114347	Faience_Fabric_Armor	491116625395824	491116625395825
3807	114350	Konkhar_Fabric_Armor	491129510297712	491129510297713
3808	114353	Lueh_Fabric_Armor	491142395199600	491142395199601
3809	114341	Alsace_Fabric_Armor	491090855592048	491090855592049
3810	114431	Lucion_Fabric_Armor	491477402648688	491477402648689
3811	114432	Senian_Fabric_Armor	491481697615984	491481697615985
3812	1000204	Wells_Brigade_Rebel_Fabric_Armor_II	4295843469328496	4295843469328497
3813	114463	Tanion_Fabric_Armor	491614841602160	491614841602161
3814	114476	Ladran_Fabric_Armor	491670676177008	491670676177009
3815	114477	Nusiran_Fabric_Armor	491674971144304	491674971144305
3816	2111064	Alpein_Fabric_Armor	9066950839763056	9066950839763057
3817	2111066	Balderinne_Fabric_Armor	9066959429697648	9066959429697649
3818	2113233	Devarn_Fabric_Armor	9076266623828080	9076266623828081
3819	2114007	Lautar_Fabric_Armor	9079590928515184	9079590928515185
3820	2114008	Martindue_Fabric_Armor	9079595223482480	9079595223482481
3821	2114009	Karnitta_Fabric_Armor	9079599518449776	9079599518449777
3822	2114034	Tanturhee_Fabric_Armor	9079706892632176	9079706892632177
3823	2114036	Vanti_Fabric_Armor	9079715482566768	9079715482566769
3824	2114058	Hewlette_Fabric_Armor	9079809971847280	9079809971847281
3825	2114059	Pioneer_Fabric_Armor	9079814266814576	9079814266814577
3826	2114083	Ktian_Fabric_Armor	9079917346029680	9079917346029681
3827	2114093	Marqueeluon_Fabric_Armor	9079960295702640	9079960295702641
3828	2133052	Marni_Fabric_Armor	9161388580667504	9161388580667505
3829	114503	Baratum_Fabric_Armor	491786640294000	491786640294001
3830	114504	Baritum_Fabric_Armor	491790935261296	491790935261297
3831	114507	Baraccuro_Fabric_Armor	491803820163184	491803820163185
3832	114460	Tyrune_Fabric_Armor	491601956700272	491601956700273
3833	114468	Deshret_Fabric_Armor	491636316438640	491636316438641
3834	1000867	Soldier_General_Fabric_Cloak	4298691032645744	4298691032645745
3835	1000896	Delesian_Soldier_General_Fabric_Cloak	4298815586697328	4298815586697329
3836	1000902	Barnia_Soldier_General_Fabric_Armor	4298841356501104	4298841356501105
3837	1000903	Barnia_Soldier_General_Fabric_Cloak	4298845651468400	4298845651468401
3838	1000735	Bleed_Bandits_Fabric_Cloak_II	4298124096962672	4298124096962673
3839	1002127	Tarif_Fabric_Cloak_I	4304102691438704	4304102691438705
3840	1004839	Duskmoon_Fabric_Cloak	4315750642745456	4315750642745457
3841	113478	Taorant_Fabric_Armor	487384298815600	487384298815601
3842	1000385	Morgren_Fabric_Armor	4296620858409072	4296620858409073
3843	1003693	Spiken_Fabric_Armor	4310828610224240	4310828610224241
3844	1000821	Hernand_William_Middler_Fabric_Armor	4298493464150128	4298493464150129
3845	124033	Tirone_Fabric_Gloves	532717678624880	532717678624881
3846	121015	Grace_Fabric_Gloves	519755467325552	519755467325553
3847	121061	Reklenne_Fabric_Gloves	519953035821168	519953035821169
3848	123164	Astti_Fabric_Gloves	528985352044656	528985352044657
3849	2104030	Laplian_Fabric_Helm	9036740039802992	9036740039802993
3850	104053	Calpris_Fabric_Helm	446904232050800	446904232050801
3851	104093	Torben_Fabric_Helm	447076030742640	447076030742641
3852	104096	Ulman_Fabric_Helm	447088915644528	447088915644529
3853	104107	Muchia_Fabric_Helm	447136160284784	447136160284785
3854	104122	Dukris_Fabric_Helm	447200584794224	447200584794225
3855	104130	Larsiras_Fabric_Helm	447234944532592	447234944532593
3856	104137	Larkritt_Fabric_Helm	447265009303664	447265009303665
3857	104144	Rhytrian_Fabric_Helm	447295074074736	447295074074737
3858	2104029	Skian_Fabric_Helm	9036735744835696	9036735744835697
3859	2104041	Dreenah_Fabric_Helm	9036787284443248	9036787284443249
3860	1002107	Reeddevil_Troll_Fabric_Helm	4304016792092784	4304016792092785
3861	1001001	Laviren_Fabric_Helm	4299266558263408	4299266558263409
3862	113673	Radian_Fabric_Armor	488221817438320	488221817438321
3863	114561	Ruischule_Fabric_Armor	492035748397168	492035748397169
3864	114588	Neblin_Fabric_Armor	492151712514160	492151712514161
3865	1000333	Deshret_Soldier_Fabric_Armor	4296397520109680	4296397520109681
3866	114328	Izumit_Fabric_Armor	491035021017200	491035021017201
3867	2114108	Syritina_Fabric_Armor	9080024720212080	9080024720212081
3868	114596	Keoller_Fabric_Armor	492186072252528	492186072252529
3869	111113	Ditter_Fabric_Armor	477226701160560	477226701160561
3870	113145	Haran_Fabric_Armor	485954074706032	485954074706033
3871	113506	Rekklann_Fabric_Armor	487504557899888	487504557899889
3872	113508	Tarmiden_Fabric_Armor	487513147834480	487513147834481
3873	113585	Corey_Fabric_Armor	487843860316272	487843860316273
3874	113586	Lariano_Fabric_Armor	487848155283568	487848155283569
3875	113612	Vainbridge_Fabric_Armor	487959824433264	487959824433265
3876	113697	Method_Fabric_Armor	488324896653424	488324896653425
3877	114323	Ankara_Fabric_Armor	491013546180720	491013546180721
3878	114324	Ephesus_Fabric_Armor	491017841148016	491017841148017
3879	114325	Muchia_Fabric_Armor	491022136115312	491022136115313
3880	114327	Duzje_Fabric_Armor	491030726049904	491030726049905
3881	114329	Muglah_Fabric_Armor	491039315984496	491039315984497
3882	1004366	Muglah_Fabric_Armor_II	4313719123214448	4313719123214449
3883	114339	Levibb_Fabric_Armor	491082265657456	491082265657457
3884	114340	Ivano_Fabric_Armor	491086560624752	491086560624753
3885	114355	Volghan_Fabric_Armor	491150985134192	491150985134193
3886	114356	Dernat_Fabric_Armor	491155280101488	491155280101489
3887	114357	Dongdegobi_Fabric_Armor	491159575068784	491159575068785
3888	114358	Gobialthai_Fabric_Armor	491163870036080	491163870036081
3889	114359	Orbs_Fabric_Armor	491168165003376	491168165003377
3890	1004367	Orbs_Fabric_Armor_I	4313723418181744	4313723418181745
3891	114360	Hentti_Fabric_Armor	491172459970672	491172459970673
3892	114362	Harghai_Fabric_Armor	491181049905264	491181049905265
3893	114370	Telford_Fabric_Armor	491215409643632	491215409643633
3894	114479	Bareuan_Fabric_Armor	491683561078896	491683561078897
3895	114480	Barcy_Fabric_Armor	491687856046192	491687856046193
3896	114481	Battmen_Fabric_Armor	491692151013488	491692151013489
3897	114482	Orthu_Fabric_Armor	491696445980784	491696445980785
3898	114483	Tohkar_Fabric_Armor	491700740948080	491700740948081
3899	114484	Verdinan_Fabric_Armor	491705035915376	491705035915377
3900	114485	Borsehir_Fabric_Armor	491709330882672	491709330882673
3901	114486	Kinov_Fabric_Armor	491713625849968	491713625849969
3902	114513	Bailao_Fabric_Armor	491829589966960	491829589966961
3903	114514	Bakrao_Fabric_Armor	491833884934256	491833884934257
3904	114516	Barch_Fabric_Armor	491842474868848	491842474868849
3905	114527	Lankaz_Fabric_Armor	491889719509104	491889719509105
3906	114528	Langtois_Fabric_Armor	491894014476400	491894014476401
3907	114530	Langphash_Fabric_Armor	491902604410992	491902604410993
3908	114545	Raddlerz_Fabric_Armor	491967028920432	491967028920433
3909	2111063	Juden_Fabric_Armor	9066946544795760	9066946544795761
3910	2111089	Aklas_Fabric_Armor	9067058213945456	9067058213945457
3911	2111097	Orton_Fabric_Armor	9067092573683824	9067092573683825
3912	2111098	Ort_Fabric_Armor	9067096868651120	9067096868651121
3913	2113146	Volkirk_Fabric_Armor	9075892961673328	9075892961673329
3914	2113168	Archran_Fabric_Armor	9075987450953840	9075987450953841
3915	2114005	Larkarz_Fabric_Armor	9079582338580592	9079582338580593
3916	2114006	Likarz_Fabric_Armor	9079586633547888	9079586633547889
3917	2114010	Laucatti_Fabric_Armor	9079603813417072	9079603813417073
3918	2114011	Liornia_Fabric_Armor	9079608108384368	9079608108384369
3919	2114012	Mauryth_Fabric_Armor	9079612403351664	9079612403351665
3920	2114041	Wusian_Fabric_Armor	9079736957403248	9079736957403249
3921	2114042	Tuetti_Fabric_Armor	9079741252370544	9079741252370545
3922	2114043	Tutan_Fabric_Armor	9079745547337840	9079745547337841
3923	2114044	Cueman_Fabric_Armor	9079749842305136	9079749842305137
3924	2114045	Cuenantta_Fabric_Armor	9079754137272432	9079754137272433
3925	2114046	Cuetain_Fabric_Armor	9079758432239728	9079758432239729
3926	2114060	Talbern_Fabric_Armor	9079818561781872	9079818561781873
3927	2114061	Vex_Fabric_Armor	9079822856749168	9079822856749169
3928	1000214	Wells_Brigade_Rebel_Fabric_Armor_III	4295886419001456	4295886419001457
3929	2114063	Louis_Fabric_Armor	9079831446683760	9079831446683761
3930	1000206	Wells_Brigade_Rebel_Fabric_Armor_I	4295852059263088	4295852059263089
3931	2114065	Warblick_Fabric_Armor	9079840036618352	9079840036618353
3932	2114066	Rellone_Fabric_Armor	9079844331585648	9079844331585649
3933	2114069	Rikkutan_Fabric_Armor	9079857216487536	9079857216487537
3934	2114079	Rarchrah_Fabric_Armor	9079900166160496	9079900166160497
3935	2114080	Reltian_Fabric_Armor	9079904461127792	9079904461127793
3936	2114081	Reltan_Fabric_Armor	9079908756095088	9079908756095089
3937	2114082	Reltinan_Fabric_Armor	9079913051062384	9079913051062385
3938	2114085	Kahsunan_Fabric_Armor	9079925935964272	9079925935964273
3939	2114087	Archria_Fabric_Armor	9079934525898864	9079934525898865
3940	2114088	Kahbotune_Fabric_Armor	9079938820866160	9079938820866161
3941	2114090	Tiknean_Fabric_Armor	9079947410800752	9079947410800753
3942	2114091	Machnan_Fabric_Armor	9079951705768048	9079951705768049
3943	2114096	Artnan_Fabric_Armor	9079973180604528	9079973180604529
3944	2114098	Patika_Fabric_Armor	9079981770539120	9079981770539121
3945	2114099	Tinchaon_Fabric_Armor	9079986065506416	9079986065506417
3946	2114100	Matraon_Fabric_Armor	9079990360473712	9079990360473713
3947	2114102	Kahtrahah_Fabric_Armor	9079998950408304	9079998950408305
3948	2114106	Ankrian_Fabric_Armor	9080016130277488	9080016130277489
3949	2114107	Sirion_Fabric_Armor	9080020425244784	9080020425244785
3950	2114114	Dyrania_Fabric_Armor	9080050490015856	9080050490015857
3951	2114115	Titunan_Fabric_Armor	9080054784983152	9080054784983153
3952	2114116	Tickatle_Fabric_Armor	9080059079950448	9080059079950449
3953	2114119	Nantukka_Fabric_Armor	9080071964852336	9080071964852337
3954	2133141	Barnia_Fabric_Armor	9161770832756848	9161770832756849
3955	114415	Telin_Fabric_Armor	491408683171952	491408683171953
3956	114418	Roshine_Fabric_Armor	491421568073840	491421568073841
3957	114505	Baras_Fabric_Armor	491795230228592	491795230228593
3958	2114117	Tykatan_Fabric_Armor	9080063374917744	9080063374917745
3959	114495	Dealinger_Fabric_Armor	491752280555632	491752280555633
3960	114539	Gaut_Fabric_Armor	491941259116656	491941259116657
3961	114605	Muddlers_Fabric_Armor	492224726958192	492224726958193
3962	1002485	Regglin_Fabric_Armor_MiddleBoss_III	4305640289730672	4305640289730673
3963	1001786	Tokart_Fabric_Cloak	4302638107590768	4302638107590769
3964	1004824	Huskall_Fabric_Cloak	4315686218236016	4315686218236017
3965	1004825	Silvarin_Fabric_Cloak	4315690513203312	4315690513203313
3966	134048	Kerdmann_Fabric_Boots	575731776094320	575731776094321
3967	134015	Ekeny_Fabric_Boots	575590042173552	575590042173553
3968	134013	Rhias_Fabric_Boots	575581452238960	575581452238961
3969	133188	Diencia_Fabric_Boots	572038104219760	572038104219761
3970	133275	Tyrun_Fabric_Boots	572411766374512	572411766374513
3971	123201	Astia_Fabric_Gloves	529144265834608	529144265834609
3972	123325	Ratu_Fabric_Gloves	529676841779312	529676841779313
3973	124020	Bydan_Fabric_Gloves	532661844050032	532661844050033
3974	123099	Mornington_Fabric_Gloves	528706179170416	528706179170417
3975	123315	Tahkah_Fabric_Gloves	529633892106352	529633892106353
3976	124005	Stugrub_Fabric_Gloves	532597419540592	532597419540593
3977	124051	Cebro_Fabric_Gloves	532794988036208	532794988036209
3978	124055	Ashiteu_Fabric_Gloves	532812167905392	532812167905393
3979	124056	Ratisan_Fabric_Gloves	532816462872688	532816462872689
3980	124057	Dueroin_Fabric_Gloves	532820757839984	532820757839985
3981	2133085	Rayra_Fabric_Helm	9161530314588272	9161530314588273
3982	1000332	Hoobus_Fabric_Helm	4296393225142384	4296393225142385
3983	104089	Gaurah_Fabric_Helm	447058850873456	447058850873457
3984	103005	Hailbrin_Fabric_Helm	442403106324592	442403106324593
3985	104014	Volruin_Fabric_Helm	446736728326256	446736728326257
3986	1000036	Redrin_Fabric_Helm	4295121914822768	4295121914822769
3987	104030	Argatah_Fabric_Helm	446805447802992	446805447802993
3988	104073	Rabbid_Fabric_Helm	446990131396720	446990131396721
3989	104074	Devidhe_Fabric_Helm	446994426364016	446994426364017
3990	104083	Fiore_Fabric_Helm	447033081069680	447033081069681
3991	104084	Ataram_Fabric_Helm	447037376036976	447037376036977
3992	104118	Raukington_Fabric_Helm	447183404925040	447183404925041
3993	104143	Luekushi_Fabric_Helm	447290779107440	447290779107441
3994	104148	Gadherish_Fabric_Helm	447312253943920	447312253943921
3995	2104023	Larsahn_Fabric_Helm	9036709975031920	9036709975031921
3996	2104033	Artiree_Fabric_Helm	9036752924704880	9036752924704881
3997	2104039	Ladis_Fabric_Helm	9036778694508656	9036778694508657
3998	2104042	Erin_Fabric_Helm	9036791579410544	9036791579410545
3999	114336	Myrenenn_Fabric_Armor	491069380755568	491069380755569
4000	114562	Rosardeuin_Fabric_Armor	492040043364464	492040043364465
4001	114493	Ronied_Fabric_Armor	491743690621040	491743690621041
4002	114529	Hailbrin_Fabric_Armor	491898309443696	491898309443697
4003	114556	Volmers_Fabric_Armor	492014273560688	492014273560689
4004	114566	Auron_Fabric_Armor	492057223233648	492057223233649
4005	113498	Buchanan_Fabric_Armor	487470198161520	487470198161521
4006	113572	Navan_Fabric_Armor	487788025741424	487788025741425
4007	113705	Duemeniss_Fabric_Armor	488359256391792	488359256391793
4008	114337	Volruin_Fabric_Armor	491073675722864	491073675722865
4009	114338	Livneh_Fabric_Armor	491077970690160	491077970690161
4010	114461	Taroon_Fabric_Armor	491606251667568	491606251667569
4011	114512	Baraoh_Fabric_Armor	491825294999664	491825294999665
4012	114524	Lathia_Fabric_Armor	491876834607216	491876834607217
4013	114526	Kenav_Fabric_Armor	491885424541808	491885424541809
4014	114533	Fiore_Fabric_Armor	491915489312880	491915489312881
4015	114537	Austphelt_Fabric_Armor	491932669182064	491932669182065
4016	114540	Gadherish_Fabric_Armor	491945554083952	491945554083953
4017	114541	Ewen_Fabric_Armor	491949849051248	491949849051249
4018	114542	Ancient_Fabric_Armor	491954144018544	491954144018545
4019	1000865	Ancient_Fabric_Armor_I	4298682442711152	4298682442711153
4020	1000866	Ancient_Fabric_Armor_II	4298686737678448	4298686737678449
4021	114544	Deekz_Fabric_Armor	491962733953136	491962733953137
4022	114553	Volkard_Fabric_Armor	492001388658800	492001388658801
4023	114554	Ultar_Fabric_Armor	492005683626096	492005683626097
4024	114557	Tolkane_Fabric_Armor	492018568527984	492018568527985
4025	114560	Veronde_Fabric_Armor	492031453429872	492031453429873
4026	114563	Sherwooden_Fabric_Armor	492044338331760	492044338331761
4027	114564	Iyratti_Fabric_Armor	492048633299056	492048633299057
4028	114568	Salash_Fabric_Armor	492065813168240	492065813168241
4029	114570	Vergill_Fabric_Armor	492074403102832	492074403102833
4030	114572	Meravan_Fabric_Armor	492082993037424	492082993037425
4031	114573	Chijar_Fabric_Armor	492087288004720	492087288004721
4032	114574	Dakahbern_Fabric_Armor	492091582972016	492091582972017
4033	114575	Zial_Fabric_Armor	492095877939312	492095877939313
4034	114576	Amundule_Fabric_Armor	492100172906608	492100172906609
4035	114580	Dollette_Fabric_Armor	492117352775792	492117352775793
4036	114581	Virerette_Fabric_Armor	492121647743088	492121647743089
4037	114582	Hailen_Fabric_Armor	492125942710384	492125942710385
4038	114583	Khalbydan_Fabric_Armor	492130237677680	492130237677681
4039	114587	Schillerbin_Fabric_Armor	492147417546864	492147417546865
4040	114613	Noble_Fabric_Armor	492259086696560	492259086696561
4041	114615	Odori_Fabric_Armor	492267676631152	492267676631153
4042	114619	Degah_Fabric_Armor	492284856500336	492284856500337
4043	2114068	Rarkah_Fabric_Armor	9079852921520240	9079852921520241
4044	2114084	Ktan_Fabric_Armor	9079921640996976	9079921640996977
4045	2114086	Kattinan_Fabric_Armor	9079930230931568	9079930230931569
4046	2114089	Kahbokahn_Fabric_Armor	9079943115833456	9079943115833457
4047	2114092	Entrian_Fabric_Armor	9079956000735344	9079956000735345
4048	2114094	Machnynn_Fabric_Armor	9079964590669936	9079964590669937
4049	2114097	Dylanka_Fabric_Armor	9079977475571824	9079977475571825
4050	2114101	Diknanteu_Fabric_Armor	9079994655441008	9079994655441009
4051	2114103	Machrahahn_Fabric_Armor	9080003245375600	9080003245375601
4052	2114104	Tahntutta_Fabric_Armor	9080007540342896	9080007540342897
4053	2114105	Ahntutan_Fabric_Armor	9080011835310192	9080011835310193
4054	2133065	Darren_Fabric_Armor	9161444415242352	9161444415242353
4055	2133067	Gardbedeff_Fabric_Armor	9161453005176944	9161453005176945
4056	2133069	Garff_Fabric_Armor	9161461595111536	9161461595111537
4057	2133073	Melina_Fabric_Armor	9161478774980720	9161478774980721
4058	2133075	Kriella_Fabric_Armor	9161487364915312	9161487364915313
4059	2133093	Light_Arrowhead_Fabric_Armor_I	9161564674326640	9161564674326641
4060	2133095	Light_Arrowhead_Fabric_Armor_II	9161573264261232	9161573264261233
4061	2133097	Light_Arrowhead_Fabric_Armor_III	9161581854195824	9161581854195825
4062	2133098	Light_Arrowhead_Fabric_Armor_IV	9161586149163120	9161586149163121
4063	2133104	Light_Arrowhead_Fabric_Armor_V	9161611918966896	9161611918966897
4064	2133105	Light_Arrowhead_Fabric_Armor_VI	9161616213934192	9161616213934193
4065	2133106	Light_Arrowhead_Fabric_Armor_VII	9161620508901488	9161620508901489
4066	1000186	Goblin_Merchant_Fabric_Armor_Ⅲ	4295766159917168	4295766159917169
4067	1000283	Goblin_Merchant_Fabric_Cloak_Ⅳ	4296182771744880	4296182771744881
4068	1000720	Goblin_Merchant_Fabric_Armor_V	4298059672453232	4298059672453233
4069	1000189	Goblin_Merchant_Fabric_Armor_Ⅵ	4295779044819056	4295779044819057
4070	1000284	Goblin_Merchant_Fabric_Cloak_Ⅵ	4296187066712176	4296187066712177
4071	114398	Daraz_Fabric_Armor	491335668727920	491335668727921
4072	114414	Denmore_Fabric_Armor	491404388204656	491404388204657
4073	114416	Calis_Fabric_Armor	491412978139248	491412978139249
4074	114419	Mintuan_Fabric_Armor	491425863041136	491425863041137
4075	114421	Drumfin_Fabric_Armor	491434452975728	491434452975729
4076	114423	Drimnarrow_Fabric_Armor	491443042910320	491443042910321
4077	114555	Dohahn_Fabric_Armor	492009978593392	492009978593393
4078	114558	Barndid_Fabric_Armor	492022863495280	492022863495281
4079	114559	Duilker_Fabric_Armor	492027158462576	492027158462577
4080	114565	Gruun_Fabric_Armor	492052928266352	492052928266353
4081	2114118	Kahturaon_Fabric_Armor	9080067669885040	9080067669885041
4082	1004368	Kahturaon_Fabric_Armor_II	4313727713149040	4313727713149041
4083	2114120	Entuka_Fabric_Armor	9080076259819632	9080076259819633
4084	114578	Hysilda_Fabric_Armor	492108762841200	492108762841201
4085	114579	Yorkey_Fabric_Armor	492113057808496	492113057808497
4086	114494	Pauherr_Fabric_Armor	491747985588336	491747985588337
4087	114531	Roctar_Fabric_Armor	491906899378288	491906899378289
4088	114532	Barbaroy_Fabric_Armor	491911194345584	491911194345585
4089	114536	Berkhia_Fabric_Armor	491928374214768	491928374214769
4090	114577	Sarendion_Fabric_Armor	492104467873904	492104467873905
4091	114608	Zinianne_Fabric_Armor	492237611860080	492237611860081
4092	114609	Zamir_Fabric_Armor	492241906827376	492241906827377
4093	114610	Rubaunon_Fabric_Armor	492246201794672	492246201794673
4094	114496	Erkeney_Fabric_Armor	491756575522928	491756575522929
4095	114569	Borman_Fabric_Armor	492070108135536	492070108135537
4096	114611	Denill_Fabric_Armor	492250496761968	492250496761969
4097	114534	Warstein_Fabric_Armor	491919784280176	491919784280177
4098	114571	Hassal_Fabric_Armor	492078698070128	492078698070129
4099	114607	Kang_Fabric_Armor	492233316892784	492233316892785
4100	114535	Cournantry_Fabric_Armor	491924079247472	491924079247473
4101	1000128	BountyHunter_Fabric_Armor	4295517051814000	4295517051814001
4102	1000065	BountyHunter_Fabric_Armor_I	4295246468874352	4295246468874353
4103	1000077	BountyHunter_Fabric_Armor_II	4295298008481904	4295298008481905
4104	1000093	BountyHunter_Fabric_Armor_III	4295366727958640	4295366727958641
4105	1000113	BountyHunter_Fabric_Armor_IV	4295452627304560	4295452627304561
4106	1000129	BountyHunter_Fabric_Armor_V	4295521346781296	4295521346781297
4107	1000130	BountyHunter_Fabric_Armor_VI	4295525641748592	4295525641748593
4108	2114112	Dyran_Fabric_Armor	9080041900081264	9080041900081265
4109	1000159	Regglin_Fabric_Armor	4295650195800176	4295650195800177
4110	1000160	Regglin_Fabric_Armor_I	4295654490767472	4295654490767473
4111	1000161	Regglin_Fabric_Armor_II	4295658785734768	4295658785734769
4112	1000240	Regglin_Fabric_Armor_III	4295998088151152	4295998088151153
4113	1000241	Regglin_Fabric_Armor_IV	4296002383118448	4296002383118449
4114	1000762	Regglin_Fabric_Armor_V	4298240061079664	4298240061079665
4115	1000477	Regglin_Fabric_Armor_VI	4297015995400304	4297015995400305
4116	1000468	Regglin_Fabric_Armor_MiddleBoss	4296977340694640	4296977340694641
4117	1001087	Regglin_Fabric_Armor_MiddleBoss_I	4299635925450864	4299635925450865
4118	1001195	Regglin_Fabric_Armor_MiddleBoss_II	4300099781918832	4300099781918833
4119	1000162	Pirate_Fabric_Armor	4295663080702064	4295663080702065
4120	1000163	Pirate_Fabric_Armor_I	4295667375669360	4295667375669361
4121	1000165	Pirate_Fabric_Armor_III	4295675965603952	4295675965603953
4122	1000166	Pirate_Fabric_Armor_IV	4295680260571248	4295680260571249
4123	1000192	RevolutionaryArmy_Fabric_Armor	4295791929720944	4295791929720945
4124	1000193	RevolutionaryArmy_Fabric_Armor_I	4295796224688240	4295796224688241
4125	1000194	RevolutionaryArmy_Fabric_Armor_II	4295800519655536	4295800519655537
4126	1000195	RevolutionaryArmy_Fabric_Armor_III	4295804814622832	4295804814622833
4127	1000205	Caliburn_Engineer_Fabric_Armor	4295847764295792	4295847764295793
4128	1000215	Caliburn_Engineer_Fabric_Armor_I	4295890713968752	4295890713968753
4129	1000216	Caliburn_Engineer_Fabric_Armor_II	4295895008936048	4295895008936049
4130	1000217	Caliburn_Engineer_Fabric_Armor_III	4295899303903344	4295899303903345
4131	1000218	Caliburn_Engineer_Fabric_Armor_IV	4295903598870640	4295903598870641
4132	1000486	Antumbra_Fabric_Armor	4297054650105968	4297054650105969
4133	1000350	Gladiator_Fabric_Armor	4296470534553712	4296470534553713
4134	1000351	Gladiator_Fabric_Armor_I	4296474829521008	4296474829521009
4135	1000352	Gladiator_Fabric_Armor_II	4296479124488304	4296479124488305
4136	1000367	Gladiator_Fabric_Armor_III	4296543548997744	4296543548997745
4137	1000777	Prisoner_Fabric_Armor	4298304485589104	4298304485589105
4138	1000778	Prisoner_Fabric_Armor_I	4298308780556400	4298308780556401
4139	1000779	Prisoner_Fabric_Armor_II	4298313075523696	4298313075523697
4140	1000780	Prisoner_Fabric_Armor_III	4298317370490992	4298317370490993
4141	1000781	Prisoner_Fabric_Armor_IV	4298321665458288	4298321665458289
4142	1000782	Prisoner_Fabric_Armor_V	4298325960425584	4298325960425585
4143	1000783	Prisoner_Fabric_Armor_VI	4298330255392880	4298330255392881
4144	1000784	Prisoner_Fabric_Armor_VII	4298334550360176	4298334550360177
4145	1000785	Prisoner_Fabric_Armor_VIII	4298338845327472	4298338845327473
4146	1000786	Prisoner_Fabric_Armor_IX	4298343140294768	4298343140294769
4147	1001141	Greyfur_Fabric_Armor	4299867853684848	4299867853684849
4148	1001142	Greyfur_Fabric_Armor_I	4299872148652144	4299872148652145
4149	1001144	Greyfur_Fabric_Armor_IV	4299880738586736	4299880738586737
4150	1001164	Greyfur_Fabric_Armor_V	4299966637932656	4299966637932657
4151	1001171	Greyfur_Fabric_Armor_VI	4299996702703728	4299996702703729
4152	1001256	Greyfur_Fabric_Armor_VII	4300361774923888	4300361774923889
4153	1001261	Greyfur_Fabric_Armor_VIII	4300383249760368	4300383249760369
4154	1001262	Greyfur_Fabric_Armor_IX	4300387544727664	4300387544727665
4155	1001263	Greyfur_Fabric_Armor_X	4300391839694960	4300391839694961
4156	1001264	Greyfur_Fabric_Armor_XI	4300396134662256	4300396134662257
4157	1001265	Greyfur_Fabric_Armor_XII	4300400429629552	4300400429629553
4158	1001266	Greyfur_Fabric_Armor_XX	4300404724596848	4300404724596849
4159	1001267	Greyfur_Fabric_Armor_XXX	4300409019564144	4300409019564145
4160	1001268	Greyfur_Fabric_Armor_XL	4300413314531440	4300413314531441
4161	1001269	Greyfur_Fabric_Armor_L	4300417609498736	4300417609498737
4162	1001270	Greyfur_Fabric_Armor_LX	4300421904466032	4300421904466033
4163	1001271	Greyfur_Fabric_Armor_LXX	4300426199433328	4300426199433329
4164	1001272	Greyfur_Fabric_Armor_LXXX	4300430494400624	4300430494400625
4165	1001273	Greyfur_Fabric_Armor_XC	4300434789367920	4300434789367921
4166	1001274	Greyfur_Fabric_Armor_C	4300439084335216	4300439084335217
4167	1001275	Greyfur_Fabric_Armor_D	4300443379302512	4300443379302513
4168	1001276	Greyfur_Fabric_Armor_M	4300447674269808	4300447674269809
4169	1001277	Greyfur_Fabric_Armor_MI	4300451969237104	4300451969237105
4170	1001278	Greyfur_Fabric_Armor_MII	4300456264204400	4300456264204401
4171	1001848	Greyfur_Fabric_Armor_MIII	4302904395563120	4302904395563121
4172	1001926	OrcuMer_Fabric_Cloak	4303239403012208	4303239403012209
4173	1001313	Kailok_Fabric_Armor	4300606588059760	4300606588059761
4174	1001950	Ruschar_Fabric_Cloak	4303342482227312	4303342482227313
4175	1000356	Bleed_Bandits_Fabric_Armor	4296496304357488	4296496304357489
4176	134030	Witley_Fabric_Boots	575654466682992	575654466682993
4177	134049	Barrette_Fabric_Boots	575736071061616	575736071061617
4178	134050	Gaut_Fabric_Boots	575740366028912	575740366028913
4179	134054	Chijar_Fabric_Boots	575757545898096	575757545898097
4180	1000044	Slave_Fabric_Boots	4295156274561136	4295156274561137
4181	1000094	BountyHunter_Fabric_Boots_I	4295371022925936	4295371022925937
4182	1000520	Regglin_Boss_Fabric_Boots	4297200678994032	4297200678994033
4183	1000354	Gladiator_Fabric_Boots	4296487714422896	4296487714422897
4184	1000787	Prisoner_Fabric_Boots	4298347435262064	4298347435262065
4185	124023	Porcell_Fabric_Gloves_I	532674728951920	532674728951921
4186	123133	Rakhir_Fabric_Gloves	528852208058480	528852208058481
4187	123257	Haron_Fabric_Gloves	529384784003184	529384784003185
4188	124029	Witley_Fabric_Gloves	532700498755696	532700498755697
4189	124050	Cetry_Fabric_Gloves	532790693068912	532790693068913
4190	124059	Ludynn_Fabric_Gloves	532829347774576	532829347774577
4191	124061	Derrison_Fabric_Gloves	532837937709168	532837937709169
4192	124063	Gadherish_Fabric_Gloves	532846527643760	532846527643761
4193	124064	Chijar_Fabric_Gloves	532850822611056	532850822611057
4194	2133077	Kriella_Fabric_Gloves	9161495954849904	9161495954849905
4195	2133145	Porcell_Fabric_Gloves_II	9161788012626032	9161788012626033
4196	2133148	Bessenette_PlateArmor_Gloves	9161800897527920	9161800897527921
4197	1000114	BountyHunter_Fabric_Gloves_I	4295456922271856	4295456922271857
4198	1000353	Gladiator_Fabric_Gloves_I	4296483419455600	4296483419455601
4199	1001279	Greyfur_Fabric_Gloves	4300460559171696	4300460559171697
4200	1000473	OrcuMer_Fabric_Gloves	4296998815531120	4296998815531121
4201	9400	Beoneck_Fabric_Helm	40372692582512	40372692582513
4202	104056	Rikkmah_Fabric_Helm	446917116952688	446917116952689
4203	104079	Scovi_Fabric_Helm	447015901200496	447015901200497
4204	104140	Triroan_Fabric_Helm	447277894205552	447277894205553
4205	104155	Ghaltain_Fabric_Helm	447342318714992	447342318714993
4206	104165	Yuzel_Fabric_Helm	447385268387952	447385268387953
4207	2104032	Stian_Fabric_Helm	9036748629737584	9036748629737585
4208	104048	Baidan_Fabric_Helm	446882757214320	446882757214321
4209	104090	Jermill_Fabric_Helm	447063145840752	447063145840753
4210	104105	Rahelm_Fabric_Helm	447127570350192	447127570350193
4211	104135	Sian_Fabric_Helm	447256419369072	447256419369073
4212	104136	Karas_Fabric_Helm	447260714336368	447260714336369
4213	104138	Lashir_Fabric_Helm	447269304270960	447269304270961
4214	104149	Ludynn_Fabric_Helm	447316548911216	447316548911217
4215	104150	Mark_Fabric_Helm	447320843878512	447320843878513
4216	104151	Harker_Fabric_Helm	447325138845808	447325138845809
4217	104154	Veronde_Fabric_Helm	447338023747696	447338023747697
4218	104159	Vergill_Fabric_Helm	447359498584176	447359498584177
4219	104160	Meravan_Fabric_Helm	447363793551472	447363793551473
4220	104161	Salimi_Fabric_Helm	447368088518768	447368088518769
4221	2104024	Leeksi_Fabric_Helm	9036714269999216	9036714269999217
4222	2104027	Dikkahn_Fabric_Helm	9036727154901104	9036727154901105
4223	2104031	Dicari_Fabric_Helm	9036744334770288	9036744334770289
4224	2104034	Saristi_Fabric_Helm	9036757219672176	9036757219672177
4225	2104035	Tikkree_Fabric_Helm	9036761514639472	9036761514639473
4226	2104038	Kenav_Fabric_Helm	9036774399541360	9036774399541361
4227	2104040	Ribben_Fabric_Helm	9036782989475952	9036782989475953
4228	2133079	Danda_Fabric_Helm	9161504544784496	9161504544784497
4229	2133090	Deole_Fabric_Helm	9161551789424752	9161551789424753
4230	2133115	Light_Arrowhead_Fabric_Helm_V	9161659163607152	9161659163607153
4231	2133144	Barnia_Fabric_Helm	9161783717658736	9161783717658737
4232	2133199	Goblin_Merchant_Fabric_Helm	9162019940860016	9162019940860017
4233	1000091	BountyHunter_Fabric_Helm_I	4295358138024048	4295358138024049
4234	1000092	BountyHunter_Fabric_Helm_II	4295362432991344	4295362432991345
4235	1000799	Reeddevil_Fabric_Helm_I	4298398974869616	4298398974869617
4236	1000800	Reeddevil_Fabric_Helm_II	4298403269836912	4298403269836913
4237	1000801	Reeddevil_Fabric_Helm_III	4298407564804208	4298407564804209
4238	1000788	Prisoner_Fabric_Helm	4298351730229360	4298351730229361
4239	1000789	Prisoner_Fabric_Helm_I	4298356025196656	4298356025196657
4240	1000790	Prisoner_Fabric_Helm_II	4298360320163952	4298360320163953
4241	1000791	Prisoner_Fabric_Helm_III	4298364615131248	4298364615131249
4242	1000792	Prisoner_Fabric_Helm_IV	4298368910098544	4298368910098545
4243	1001280	Greyfur_Fabric_Helm	4300464854138992	4300464854138993
4244	1001281	Greyfur_Fabric_Helm_I	4300469149106288	4300469149106289
4245	1001282	Greyfur_Fabric_Helm_II	4300473444073584	4300473444073585
4246	1001283	Greyfur_Fabric_Helm_III	4300477739040880	4300477739040881
4247	1001137	Greyfur_Fabric_Helm_IV	4299850673815664	4299850673815665
4248	1001082	Falstaff_Fabric_Helm	4299614450614384	4299614450614385
4249	1000467	Myurdin_Leather_Armor_II	4296973045727344	4296973045727345
4250	1000998	Possesion_Myurdin_Leather_Armor	4299253673361520	4299253673361521
4251	1000376	Ludvic_OneArmed_Leather_Armor	4296582203703408	4296582203703409
4252	113646	Tyran_Leather_Armor	488105853321328	488105853321329
4253	113459	Forest_Fairy_Leather_Armor	487302694436976	487302694436977
4254	1000759	Gias_Leather_Armor	4298227176177776	4298227176177777
4255	113029	Benne_Leather_Armor	485455858499696	485455858499697
4256	113800	Reeddevil_Leather_Armor_I	488767278284912	488767278284913
4257	113801	Reeddevil_Leather_Armor_II	488771573252208	488771573252209
4258	113802	Reeddevil_Leather_Armor_III	488775868219504	488775868219505
4259	1002108	Reeddevil_Troll_Leather_Armor	4304021087060080	4304021087060081
4260	113581	Pisoniano_Leather_Armor	487826680447088	487826680447089
4261	2113187	Valcroden_Leather_Armor	9076069055332464	9076069055332465
4262	111233	Lukin_Leather_Armor	477742097236080	477742097236081
4263	113032	Somieh_Leather_Armor	485468743401584	485468743401585
4264	113484	Cherke_Leather_Armor	487410068619376	487410068619377
4265	113485	Bleann_Leather_Armor	487414363586672	487414363586673
4266	113577	Johnnycolo_Leather_Armor	487809500577904	487809500577905
4267	113578	Nellaccio_Leather_Armor	487813795545200	487813795545201
4268	113580	Gerano_Leather_Armor	487822385479792	487822385479793
4269	113582	Paliano_Leather_Armor	487830975414384	487830975414385
4270	113584	Loccamashima_Leather_Armor	487839565348976	487839565348977
4271	113588	Ardeah_Leather_Armor	487856745218160	487856745218161
4272	113589	Antika_Leather_Armor	487861040185456	487861040185457
4273	113590	Austia_Leather_Armor	487865335152752	487865335152753
4274	113591	Taebaerae_Leather_Armor	487869630120048	487869630120049
4275	113592	Montellanico_Leather_Armor	487873925087344	487873925087345
4276	113593	Carpinne_Leather_Armor	487878220054640	487878220054641
4277	2113098	Riclia_Leather_Armor	9075686803243120	9075686803243121
4278	2113192	Hoobus_Leather_Armor	9076090530168944	9076090530168945
4279	113575	Campo_Leather_Armor	487800910643312	487800910643313
4280	113579	Dasasola_Leather_Armor	487818090512496	487818090512497
4281	113500	Torrance_Leather_Armor	487478788096112	487478788096113
4282	113648	Esirun_Leather_Armor	488114443255920	488114443255921
4283	113746	NoName_Wiseman_Leather_Armor	488535350050928	488535350050929
4284	1001886	EntHunter_Leather_Armor	4303067604320368	4303067604320369
4285	113512	Varunin_Leather_Armor	487530327703664	487530327703665
4286	113741	Trillion_Leather_Armor	488513875214448	488513875214449
4287	1000873	Drunk_BlackBears_Leather_Armor	4298716802449520	4298716802449521
4288	1000889	Protective_Leather_Armor	4298785521926256	4298785521926257
4289	1002296	Boss_Ludvig_Awakening_Leahter_Armor	4304828540911728	4304828540911729
4290	1002983	Ludvic_Leather_Armor_II	4307779183444080	4307779183444081
4291	133126	ClaireHill_Leather_Boots	571771816247408	571771816247409
4292	133204	Mysterm_Leather_Boots	572106823696496	572106823696497
4293	1223655963	Pavis_Leather_Boots_I	5255562342640386160	5255562342640386161
4294	133049	Ramastern_Leather_Boots	571441103765616	571441103765617
4295	133082	Sarantos_Leather_Boots	571582837686384	571582837686385
4296	1000995	Drunk_BlackBears_Leather_Boots	4299240788459632	4299240788459633
4297	133171	ReiGhis_Leather_Boots	571965089775728	571965089775729
4298	548500852	ReiGhis_Leather_Boots_II	2355793221168136304	2355793221168136305
4299	133225	David_Leather_Boots	572197018009712	572197018009713
4300	133279	Tiruna_Leather_Boots	572428946243696	572428946243697
4301	12304	ReiGhis_Leather_Boots_I	52845277610096	52845277610097
4302	603025121	ReiGhis_Leather_Boots_III	2589973173361442928	2589973173361442929
4303	132006	Lekia_Leather_Boots	566961452875888	566961452875889
4304	133029	Mulia_Leather_Boots	571355204419696	571355204419697
4305	133033	Silien_Leather_Boots	571372384288880	571372384288881
4306	133036	Benberry_Leather_Boots	571385269190768	571385269190769
4307	133196	Pieti_Leather_Boots	572072463958128	572072463958129
4308	133224	Clays_Leather_Boots	572192723042416	572192723042417
4309	72407918	Clays_Leather_Boots_I	310989639781449840	310989639781449841
4310	1830330393	Clays_Leather_Boots_II	7861209178809827440	7861209178809827441
4311	1002276	Clays_Leather_Boots_III	4304742641565808	4304742641565809
4312	1002277	Clays_Leather_Boots_IV	4304746936533104	4304746936533105
4313	133226	Betty_Leather_Boots	572201312977008	572201312977009
4314	133240	Elish_Leather_Boots	572261442519152	572261442519153
4315	133270	Querunty_Leather_Boots	572390291538032	572390291538033
4316	133271	Tionis_Leather_Boots	572394586505328	572394586505329
4317	307120826	Tionis_Leather_Boots_I	1319073903590506608	1319073903590506609
4318	133307	Andaran_Leather_Boots	572549205327984	572549205327985
4319	133309	Anruditz_Leather_Boots	572557795262576	572557795262577
4320	133312	Perelli_Leather_Boots	572570680164464	572570680164465
4321	134009	Bayur_Leather_Boots	575564272369776	575564272369777
4322	2133016	Trizion_Leather_Boots	9161233961844848	9161233961844849
4323	2133018	Mataka_Leather_Boots	9161242551779440	9161242551779441
4324	2133020	Gatin_Leather_Boots	9161251141714032	9161251141714033
4325	2133030	Duemeniss_Leather_Boots	9161294091386992	9161294091386993
4326	2133134	Deshret_Leather_Boots	9161740767985776	9161740767985777
4327	2133146	Lepra_Leather_Boots	9161792307593328	9161792307593329
4328	133280	Darman_Leather_Boots	572433241210992	572433241210993
4329	133302	Katz_Leather_Boots	572527730491504	572527730491505
4330	2133149	Bessenette_Leather_Boots	9161805192495216	9161805192495217
4331	1001922	Scarlet_Excecutioner_Leather_Boots	4303222223143024	4303222223143025
4332	1002365	Boss_Ludvig_Awakening_Leather_Boots	4305124893655152	4305124893655153
4333	1000996	Possesion_Myurdin_Leather_Gloves	4299245083426928	4299245083426929
4334	123177	Mysterm_Leather_Gloves	529041186619504	529041186619505
4335	123244	Tyrcion_Leather_Gloves	529328949428336	529328949428337
4336	123248	Liculu_Leather_Gloves	529346129297520	529346129297521
4337	123144	Adeion_Leather_Gloves	528899452698736	528899452698737
4338	123072	Lacquer_Leather_Gloves	528590215053424	528590215053425
4339	123167	Defelde_Leather_Gloves	528998236946544	528998236946545
4340	123220	Watous_Leather_Gloves	529225870213232	529225870213233
4341	123296	Matazu_Leather_Gloves	529552287727728	529552287727729
4342	1002719	Drunk_BlackBears_Elite_Leather_Gloves	4306645312077936	4306645312077937
4343	123150	LoaderDam_Leather_Gloves	528925222502512	528925222502513
4344	123008	Austphelt_Leather_Gloves	528315337146480	528315337146481
4345	123013	Peori_Leather_Gloves	528336811982960	528336811982961
4346	123097	Sleeshorn_Leather_Gloves	528697589235824	528697589235825
4347	123033	Worstern_Leather_Gloves	528422711328880	528422711328881
4348	123038	Treeon_Leather_Gloves	528444186165360	528444186165361
4349	123157	Diskio_Leather_Gloves	528955287273584	528955287273585
4350	123184	Betty_Leather_Gloves	529071251390576	529071251390577
4351	123195	Kylidden_Leather_Gloves	529118496030832	529118496030833
4352	123242	Dongdegobi_Leather_Gloves	529320359493744	529320359493745
4353	123243	Gobialthai_Leather_Gloves	529324654461040	529324654461041
4354	1002109	Eldruan_Leather_Gloves	4304025382027376	4304025382027377
4355	123280	Sartalos_Leather_Gloves	529483568250992	529483568250993
4356	123283	Ellachic_Leather_Gloves	529496453152880	529496453152881
4357	123297	Wants_Leather_Gloves	529556582695024	529556582695025
4358	123321	Dunis_Leather_Gloves	529659661910128	529659661910129
4359	123328	Lercent_Leather_Gloves	529689726681200	529689726681201
4360	123334	Mats_Leather_Gloves	529715496484976	529715496484977
4361	123373	Lawncheta_Leather_Gloves	529883000209520	529883000209521
4362	123148	Concerta_Leather_Gloves	528916632567920	528916632567921
4363	123294	Lave_Leather_Gloves	529543697793136	529543697793137
4364	1081266995	Tesslit_Leather_Gloves_II	4644006381769195632	4644006381769195633
4365	1000879	Drunk_BlackBears_Leather_Gloves	4298742572253296	4298742572253297
4366	1002984	Ludvic_Leather_Gloves_II	4307783478411376	4307783478411377
4367	103041	Lacrunias_Leather_Helm	442557725147248	442557725147249
4368	103065	Lutinas_Leather_Helm	442660804362352	442660804362353
4369	1163355	Noble_Leather_Helm	4996571678638192	4996571678638193
4370	103036	Londel_Leather_Helm	442536250310768	442536250310769
4371	103088	Ultarine_Leather_Helm	442759588610160	442759588610161
4372	2133136	Ziggurat_Leather_Helm_II	9161749357920368	9161749357920369
4373	2133138	Ziggurat_Leather_Helm_III	9161757947854960	9161757947854961
4374	103057	Dimfeld_Leather_Helm	442626444623984	442626444623985
4375	1001105	Jackal_Leather_Helm_II	4299713234862192	4299713234862193
4376	1000464	Ludvic_OneArmed_Leather_Cloak	4296960160825456	4296960160825457
4377	1003264	Owls_of_the_Mist_Leather_Cloak	4308986069254256	4308986069254257
4378	1004778	Melion_Leather_Cloak	4315488649740400	4315488649740401
4379	2133057	Desert_Harrier_Leather_Armor	9161410055503984	9161410055503985
4380	113653	Hazuka_Leather_Armor	488135918092400	488135918092401
4381	113663	Nusiran_Leather_Armor	488178867765360	488178867765361
4382	113699	Molduer_Leather_Armor	488333486588016	488333486588017
4383	113700	Cuzerchin_Leather_Armor	488337781555312	488337781555313
4384	2113186	Croden_Leather_Armor	9076064760365168	9076064760365169
4385	2113156	Kerburn_Leather_Armor	9075935911346288	9075935911346289
4386	12204	Maydocs_Leather_Armor_I	52415780880496	52415780880497
4387	12206	Ardoratte_Leather_Armor_I	52424370815088	52424370815089
4388	12207	Colbill_Leather_Armor_I	52428665782384	52428665782385
4389	12208	Coby_Leather_Armor_I	52432960749680	52432960749681
4390	12209	Sherborn_Leather_Armor_I	52437255716976	52437255716977
4391	113424	Vyrer_Leather_Armor	487152370581616	487152370581617
4392	113425	Dweyi_Leather_Armor	487156665548912	487156665548913
4393	113428	Dyrill_Leather_Armor	487169550450800	487169550450801
4394	113429	Merly_Leather_Armor	487173845418096	487173845418097
4395	113430	Trudy_Leather_Armor	487178140385392	487178140385393
4396	113432	Dellian_Leather_Armor	487186730319984	487186730319985
4397	113434	Bierny_Leather_Armor	487195320254576	487195320254577
4398	113450	Wakhan_Leather_Armor	487264039731312	487264039731313
4399	113451	Valion_Leather_Armor	487268334698608	487268334698609
4400	113452	Plune_Leather_Armor	487272629665904	487272629665905
4401	113453	Rhytem_Leather_Armor	487276924633200	487276924633201
4402	113454	Mocke_Leather_Armor	487281219600496	487281219600497
4403	113455	Cheon_Leather_Armor	487285514567792	487285514567793
4404	113457	Katerm_Leather_Armor	487294104502384	487294104502385
4405	1000695	Phavan_Leather_Armor	4297952298270832	4297952298270833
4406	113523	Georg_Leather_Armor	487577572343920	487577572343921
4407	113573	Glosope_Leather_Armor	487792320708720	487792320708721
4408	113574	Norswitch_Leather_Armor	487796615676016	487796615676017
4409	113587	Ranubio_Leather_Armor	487852450250864	487852450250865
4410	113597	Kedenly_Leather_Armor	487895399923824	487895399923825
4411	113662	Greyfur_Leather_Armor	488174572798064	488174572798065
4412	113664	Laviren_Leather_Armor	488183162732656	488183162732657
4413	113666	Saruen_Leather_Armor	488191752667248	488191752667249
4414	113667	Rubbiden_Leather_Armor	488196047634544	488196047634545
4415	113668	Rehsian_Leather_Armor	488200342601840	488200342601841
4416	113690	Lotunsau_Leather_Armor	488294831882352	488294831882353
4417	113691	Rombardina_Leather_Armor	488299126849648	488299126849649
4418	113692	Sicillion_Leather_Armor	488303421816944	488303421816945
4419	1000207	Wells_Brigade_Rebel_Leather_Armor_I	4295856354230384	4295856354230385
4420	113693	Rhodelphine_Leather_Armor	488307716784240	488307716784241
4421	113694	Tarofierer_Leather_Armor	488312011751536	488312011751537
4422	1000197	Bleed_Alchemist_Fabric_Armor_I	4295813404557424	4295813404557425
4423	113701	Saolo_Leather_Armor	488342076522608	488342076522609
4424	113702	Jevanars_Leather_Armor	488346371489904	488346371489905
4425	113707	Laplus_Leather_Armor	488367846326384	488367846326385
4426	113708	Radiano_Leather_Armor	488372141293680	488372141293681
4427	113709	Diorness_Leather_Armor	488376436260976	488376436260977
4428	113713	Cantarts_Leather_Armor	488393616130160	488393616130161
4429	113714	Pictead_Leather_Armor	488397911097456	488397911097457
4430	113715	Varanguard_Leather_Armor	488402206064752	488402206064753
4431	113716	Skardoo_Leather_Armor	488406501032048	488406501032049
4432	113752	Noyvarn_Leather_Armor	488561119854704	488561119854705
4433	113776	Huon_Leather_Armor	488664199069808	488664199069809
4434	113785	Grommet_Leather_Armor	488702853775472	488702853775473
4435	2113169	Fontine_Leather_Armor	9075991745921136	9075991745921137
4436	2113184	Darbaran_Leather_Armor	9076056170430576	9076056170430577
4437	2113155	Vendurs_Leather_Armor	9075931616378992	9075931616378993
4438	2113157	Bernold_Leather_Armor	9075940206313584	9075940206313585
4439	2113158	Gallabay_Leather_Armor	9075944501280880	9075944501280881
4440	2113159	Bromarty_Leather_Armor	9075948796248176	9075948796248177
4441	2113160	Galustin_Leather_Armor	9075953091215472	9075953091215473
4442	2113161	Baltimer_Leather_Armor	9075957386182768	9075957386182769
4443	1002720	Drunk_BlackBears_Elite_Leather_Armor	4306649607045232	4306649607045233
4444	2113164	Artisan_Leather_Armor	9075970271084656	9075970271084657
4445	2113165	Dartus_Leather_Armor	9075974566051952	9075974566051953
4446	2113188	Volf_Leather_Armor	9076073350299760	9076073350299761
4447	2113189	Dux_Leather_Armor	9076077645267056	9076077645267057
4448	2113194	Delfrid_Leather_Armor	9076099120103536	9076099120103537
4449	2113195	Carphalen_Leather_Armor	9076103415070832	9076103415070833
4450	2113202	Pormeranian_Leather_Armor	9076133479841904	9076133479841905
4451	2113203	Deltlin_Leather_Armor	9076137774809200	9076137774809201
4452	2113207	Soldworth_Leather_Armor	9076154954678384	9076154954678385
4453	2113208	Dowsampton_Leather_Armor	9076159249645680	9076159249645681
4454	2113231	Hermalfaya_Leather_Armor	9076258033893488	9076258033893489
4455	113711	Anruditz_Leather_Armor	488385026195568	488385026195569
4456	113712	Rhapts_Leather_Armor	488389321162864	488389321162865
4457	113733	Mawin_Leather_Armor	488479515476080	488479515476081
4458	1163701	Elai_Leather_Armor	4998057737322608	4998057737322609
4459	113550	Daibeads_Leather_Armor	487693536460912	487693536460913
4460	113510	Seidin_Leather_Armor	487521737769072	487521737769073
4461	113511	Soron_Leather_Armor	487526032736368	487526032736369
4462	1002111	Bleed_Bandits_Leather_Armor	4304033971961968	4304033971961969
4463	133040	Steyer_Leather_Boots	571402449059952	571402449059953
4464	133118	Mornington_Leather_Boots	571737456509040	571737456509041
4465	133330	Esahah_Leather_Boots	572647989575792	572647989575793
4466	133333	Vixer_Leather_Boots	572660874477680	572660874477681
4467	133347	Dolters_Leather_Boots	572721004019824	572721004019825
4468	133328	Begill_Leather_Boots	572639399641200	572639399641201
4469	2133015	Daine_Leather_Boots	9161229666877552	9161229666877553
4470	2133060	Desert_Harrier_Leather_Boots_II	9161422940405872	9161422940405873
4471	2133068	Chile_Leather_Boots	9161457300144240	9161457300144241
4472	2133203	Dragon_Slayer_Leather_Boots	9162037120729200	9162037120729201
4473	133088	Lebideuo_Leather_Boots	571608607490160	571608607490161
4474	133038	Dublin_Leather_Boots	571393859125360	571393859125361
4475	133166	Sidmon_Leather_Boots	571943614939248	571943614939249
4476	131027	Tyrdal_Leather_Boots	562756679893104	562756679893105
4477	133023	Arghai_Leather_Boots	571329434615920	571329434615921
4478	133024	Nevin_Leather_Boots	571333729583216	571333729583217
4479	133067	Pierpont_Leather_Boots	571518413176944	571518413176945
4480	133092	Colbern_Leather_Boots	571625787359344	571625787359345
4481	133175	Crudil_Leather_Boots	571982269644912	571982269644913
4482	133199	Dimfeld_Leather_Boots	572085348860016	572085348860017
4483	133243	Dioburn_Leather_Boots	572274327421040	572274327421041
4484	133251	Oakten_Leather_Boots	572308687159408	572308687159409
4485	133253	Seras_Leather_Boots	572317277094000	572317277094001
4486	133258	Boboten_Leather_Boots	572338751930480	572338751930481
4487	133295	Laitaa_Leather_Boots	572497665720432	572497665720433
4488	133304	Rickaltje_Leather_Boots	572536320426096	572536320426097
4489	1000471	Myurdin_Leather_Boots	4296990225596528	4296990225596529
4490	2133050	Rafflia_Leather_Boots	9161379990732912	9161379990732913
4491	133249	Erphy_Leather_Boots	572300097224816	572300097224817
4492	133261	Querville_Leather_Boots	572351636832368	572351636832369
4493	133308	Maredid_Leather_Boots	572553500295280	572553500295281
4494	133324	Studded_Leather_Boots	572622219772016	572622219772017
4495	2133033	Martin_Leather_Boots	9161306976288880	9161306976288881
4496	2133046	Lutia_Leather_Boots	9161362810863728	9161362810863729
4497	133351	Allbit_Leather_Boots	572738183889008	572738183889009
4498	133022	Tobias_Leather_Boots	571325139648624	571325139648625
4499	12303	Sarantos_Leather_Boots_I	52840982642800	52840982642801
4500	653811650	Sarantos_Leather_Boots_II	2808099654493798512	2808099654493798513
4501	132007	Rakuzen_Leather_Boots	566965747843184	566965747843185
4502	132008	Baku_Leather_Boots	566970042810480	566970042810481
4503	133001	Cigar_Leather_Boots	571234945335408	571234945335409
4504	133005	Roderem_Leather_Boots	571252125204592	571252125204593
4505	133013	Eustis_Leather_Boots	571286484942960	571286484942961
4506	133035	Cournantry_Leather_Boots	571380974223472	571380974223473
4507	133037	Midlier_Leather_Boots	571389564158064	571389564158065
4508	133054	Lain_Leather_Boots	571462578602096	571462578602097
4509	1004779	Cornia_Leather_Boots	4315492944707696	4315492944707697
4510	133061	Cadwallon_Leather_Boots	571492643373168	571492643373169
4511	133070	Deerprice_Leather_Boots	571531298078832	571531298078833
4512	133089	Ruthie_Leather_Boots	571612902457456	571612902457457
4513	133124	Russmore_Leather_Boots	571763226312816	571763226312817
4514	133140	NearNym_Leather_Boots	571831945789552	571831945789553
4515	133193	Trouter_Leather_Boots	572059579056240	572059579056241
4516	133197	Norman_Leather_Boots	572076758925424	572076758925425
4517	133202	Rhias_Leather_Boots	572098233761904	572098233761905
4518	133205	Cilantro_Leather_Boots	572111118663792	572111118663793
4519	133206	Piatol_Leather_Boots	572115413631088	572115413631089
4520	133227	Reikiru_Leather_Boots	572205607944304	572205607944305
4521	1000117	BountyHunter_Leather_Boots	4295469807173744	4295469807173745
4522	1000136	BountyHunter_Leather_Boots_I	4295551411552368	4295551411552369
4523	133229	Hordyroar_Leather_Boots	572214197878896	572214197878897
4524	133235	Trish_Leather_Boots	572239967682672	572239967682673
4525	133236	Katitz_Leather_Boots	572244262649968	572244262649969
4526	133241	Rune_Leather_Boots	572265737486448	572265737486449
4527	133242	Carcon_Leather_Boots	572270032453744	572270032453745
4528	1001790	Iguana_Rider_Leather_Boots	4302655287459952	4302655287459953
4529	133254	Cateine_Leather_Boots	572321572061296	572321572061297
4530	133256	Lowuti_Leather_Boots	572330161995888	572330161995889
4531	133259	Laonkel_Leather_Boots	572343046897776	572343046897777
4532	133260	Gainik_Leather_Boots	572347341865072	572347341865073
4533	133262	Walder_Leather_Boots	572355931799664	572355931799665
4534	133263	Donaf_Leather_Boots	572360226766960	572360226766961
4535	133274	Tyran_Leather_Boots	572407471407216	572407471407217
4536	133281	Saruen_Leather_Boots	572437536178288	572437536178289
4537	133284	Pasti_Leather_Boots	572450421080176	572450421080177
4538	133288	Casanta_Leather_Boots	572467600949360	572467600949361
4539	133294	Danekoche_Leather_Boots	572493370753136	572493370753137
4540	133296	Cacheco_Leather_Boots	572501960687728	572501960687729
4541	133297	Kaiko_Leather_Boots	572506255655024	572506255655025
4542	133298	Casco_Leather_Boots	572510550622320	572510550622321
4543	133299	Kairu_Leather_Boots	572514845589616	572514845589617
4544	133300	Kajet_Leather_Boots	572519140556912	572519140556913
4545	133301	Caisro_Leather_Boots	572523435524208	572523435524209
4546	133305	Cantu_Leather_Boots	572540615393392	572540615393393
4547	133310	Tuetti_Leather_Boots	572562090229872	572562090229873
4548	133321	Lasian_Leather_Boots	572609334870128	572609334870129
4549	133322	Ludynn_Leather_Boots	572613629837424	572613629837425
4550	133323	Kurua_Leather_Boots	572617924804720	572617924804721
4551	133327	Hooburn_Leather_Boots	572635104673904	572635104673905
4552	133350	Obit_Leather_Boots	572733888921712	572733888921713
4553	133352	Arendyer_Leather_Boots	572742478856304	572742478856305
4554	133353	Belui_Leather_Boots	572746773823600	572746773823601
4555	134022	Marathion_Leather_Boots	575620106944624	575620106944625
4556	134023	Endoron_Leather_Boots	575624401911920	575624401911921
4557	134052	Matia_Leather_Boots	575748955963504	575748955963505
4558	2133012	Akesti_Leather_Boots	9161216781975664	9161216781975665
4559	2133013	Deidre_Leather_Boots	9161221076942960	9161221076942961
4560	2133022	Illinoeon_Leather_Boots	9161259731648624	9161259731648625
4561	1000067	lilian_Leather_Boots	4295255058808944	4295255058808945
4562	2133025	Ratuni_Leather_Boots	9161272616550512	9161272616550513
4563	2133028	Laputi_Leather_Boots	9161285501452400	9161285501452401
4564	2133040	Latir_Leather_Boots	9161337041059952	9161337041059953
4565	2133041	Munterd_Leather_Boots	9161341336027248	9161341336027249
4566	2133043	Estir_Leather_Boots	9161349925961840	9161349925961841
4567	2133140	Luconek_Leather_Boots	9161766537789552	9161766537789553
4568	133146	Matis_Leather_Boots	571857715593328	571857715593329
4569	1000173	Goblin_Merchant_Soldier_Leather_Boots_I	4295710325342320	4295710325342321
4570	1001179	Hymns_of_Dusk_Leather_Boots_I	4300031062442096	4300031062442097
4571	123053	Cadwallon_Leather_Gloves	528508610674800	528508610674801
4572	123061	Rhyspidon_Leather_Gloves	528542970413168	528542970413169
4573	123070	Andria_Leather_Gloves	528581625118832	528581625118833
4574	123119	Ladete_Leather_Gloves	528792078516336	528792078516337
4575	123027	Claire_Leather_Gloves	528396941525104	528396941525105
4576	123146	Cruedil_Leather_Gloves	528908042633328	528908042633329
4577	123183	David_Leather_Gloves	529066956423280	529066956423281
4578	123193	Likenin_Leather_Gloves	529109906096240	529109906096241
4579	123212	Porugate_Leather_Gloves	529191510474864	529191510474865
4580	123227	Mechlin_Leather_Gloves	529255934984304	529255934984305
4581	123246	Riknaon_Leather_Gloves	529337539362928	529337539362929
4582	123295	Mache_Leather_Gloves	529547992760432	529547992760433
4583	123333	Bunce_Leather_Gloves	529711201517680	529711201517681
4584	123337	Rapitz_Leather_Gloves	529728381386864	529728381386865
4585	123368	diereuben_Leather_Gloves	529861525373040	529861525373041
4586	123374	Gaimeon_Leather_Gloves	529887295176816	529887295176817
4587	12403	Redleader_Leather_Gloves	53270479372400	53270479372401
4588	121006	Trish_Leather_Gloves	519716812619888	519716812619889
4589	121007	Litra_Leather_Gloves	519721107587184	519721107587185
4590	121008	Veil_Leather_Gloves	519725402554480	519725402554481
4591	121009	Veroon_Leather_Gloves	519729697521776	519729697521777
4592	123014	Johnnycolo_Leather_Gloves	528341106950256	528341106950257
4593	123018	Berkhia_Leather_Gloves	528358286819440	528358286819441
4594	123043	Londel_Leather_Gloves	528465661001840	528465661001841
4595	123052	Vain_Leather_Gloves	528504315707504	528504315707505
4596	123055	Sarun_Leather_Gloves	528517200609392	528517200609393
4597	123064	Kadel_Leather_Gloves	528555855315056	528555855315057
4598	123069	Woodys_Leather_Gloves	528577330151536	528577330151537
4599	123077	Rossbara_Leather_Gloves	528611689889904	528611689889905
4600	123084	Rhinard_Leather_Gloves	528641754660976	528641754660977
4601	123101	Balindeuri_Leather_Gloves	528714769105008	528714769105009
4602	123104	Nocburn_Leather_Gloves	528727654006896	528727654006897
4603	123106	Drumard_Leather_Gloves	528736243941488	528736243941489
4604	123110	Stratton_Leather_Gloves	528753423810672	528753423810673
4605	123112	Hegeh_Leather_Gloves	528762013745264	528762013745265
4606	123113	Kamsen_Leather_Gloves	528766308712560	528766308712561
4607	123024	Karacorum_Leather_Gloves	528384056623216	528384056623217
4608	1517182727	Karacorum_Leather_Gloves_I	6516250194521096304	6516250194521096305
4609	123031	Hark_Leather_Gloves	528414121394288	528414121394289
4610	123040	Ebenezer_Leather_Gloves	528452776099952	528452776099953
4611	123151	Calio_Leather_Gloves	528929517469808	528929517469809
4612	1623232302	Calio_Leather_Gloves_I	6971729650900795504	6971729650900795505
4613	123152	Biryghton_Leather_Gloves	528933812437104	528933812437105
4614	123155	Maeve_Leather_Gloves	528946697338992	528946697338993
4615	123169	Caviden_Leather_Gloves	529006826881136	529006826881137
4616	123181	Rhystizer_Leather_Gloves_I	529058366488688	529058366488689
4617	123197	Mediratu_Leather_Gloves	529127085965424	529127085965425
4618	123203	Aldwin_Leather_Gloves	529152855769200	529152855769201
4619	123209	Wegalawn_Leather_Gloves	529178625572976	529178625572977
4620	123211	Repo_Leather_Gloves	529187215507568	529187215507569
4621	123219	Deernil_Leather_Gloves	529221575245936	529221575245937
4622	2019832942	Deernil_Leather_Gloves_I	8675116429273464944	8675116429273464945
4623	123221	Campbell_Leather_Gloves	529230165180528	529230165180529
4624	123224	Persein_Leather_Gloves	529243050082416	529243050082417
4625	1133297555	Persein_Leather_Gloves_I	4867475935361761392	4867475935361761393
4626	123228	Acembel_Leather_Gloves	529260229951600	529260229951601
4627	123229	Contra_Leather_Gloves	529264524918896	529264524918897
4628	123247	Lecruon_Leather_Gloves	529341834330224	529341834330225
4629	123251	Tirone_Leather_Gloves	529359014199408	529359014199409
4630	123252	Taron_Leather_Gloves	529363309166704	529363309166705
4631	123261	Saruen_Leather_Gloves	529401963872368	529401963872369
4632	123267	Luka_Leather_Gloves	529427733676144	529427733676145
4633	123274	Lukas_Leather_Gloves	529457798447216	529457798447217
4634	123288	LasentaKum_Leather_Gloves	529517927989360	529517927989361
4635	123289	Rasens_Leather_Gloves	529522222956656	529522222956657
4636	123291	Rasku_Leather_Gloves	529530812891248	529530812891249
4637	123301	Bolson_Leather_Gloves	529573762564208	529573762564209
4638	123318	BlackBear_Leather_Gloves	529646777008240	529646777008241
4639	123332	Tran_Leather_Gloves	529706906550384	529706906550385
4640	123344	dain_Leather_Gloves	529758446157936	529758446157937
4641	123356	Birdish_Leather_Gloves	529809985765488	529809985765489
4642	123360	Waller_Leather_Gloves	529827165634672	529827165634673
4643	124019	White_Douglas_Leather_Gloves	532657549082736	532657549082737
4644	2133086	Deole_Leather_Gloves	9161534609555568	9161534609555569
4645	2133127	Petra_Leather_Gloves	9161710703214704	9161710703214705
4646	123117	Matthias_Leather_Gloves	528783488581744	528783488581745
4647	1000046	BountyHunter_Leather_Gloves	4295164864495728	4295164864495729
4648	1000813	MiddleBoss_Pailoon_Ludvig_Leather_Gloves	4298459104411760	4298459104411761
4649	1002587	Bleed_Bandits_Leather_Gloves	4306078376394864	4306078376394865
4650	1000736	Brimstone_Leather_Helm_II	4298128391929968	4298128391929969
4651	396540194	Drug_Leather_Helm_I	1703127164779495536	1703127164779495537
4652	2053286856	Drug_Leather_Helm_II	8818799895826661488	8818799895826661489
4653	1000369	Hellhonds_Leather_Helm	4296552138932336	4296552138932337
4654	103047	Luconek_Leather_Helm	442583494951024	442583494951025
4655	103049	Argatah_Leather_Helm	442592084885616	442592084885617
4656	103033	Melvin_Leather_Helm	442523365408880	442523365408881
4657	113710	Ondrikhan_Leather_Armor	488380731228272	488380731228273
4658	113780	Herween_Leather_Armor	488681378938992	488681378938993
4659	113788	Nihrutte_Leather_Armor	488715738677360	488715738677361
4660	2113108	Derovidine_Leather_Armor	9075729752916080	9075729752916081
4661	2113183	Cradbahn_Leather_Armor	9076051875463280	9076051875463281
4662	113791	Kaisan_Leather_Armor	488728623579248	488728623579249
4663	113770	Gomel_Leather_Armor	488638429266032	488638429266033
4664	111218	Russell_Leather_Armor	477677672726640	477677672726641
4665	113008	Twelgh_Leather_Armor	485365664186480	485365664186481
4666	113098	Beastman_Leather_Armor	485752211243120	485752211243121
4667	113426	Arqus_Leather_Armor	487160960516208	487160960516209
4668	113427	Dirmall_Leather_Armor	487165255483504	487165255483505
4669	113431	Drheebahn_Leather_Armor	487182435352688	487182435352689
4670	113433	Qunicks_Leather_Armor	487191025287280	487191025287281
4671	113435	Bloatte_Leather_Armor	487199615221872	487199615221873
4672	113436	Cyton_Leather_Armor	487203910189168	487203910189169
4673	113456	Colatte_Leather_Armor	487289809535088	487289809535089
4674	113495	Duncan_Leather_Armor	487457313259632	487457313259633
4675	113499	Finraysen_Leather_Armor	487474493128816	487474493128817
4676	113502	Oharah_Leather_Armor	487487378030704	487487378030705
4677	113568	Mohill_Leather_Armor	487770845872240	487770845872241
4678	113569	Lunpherd_Leather_Armor	487775140839536	487775140839537
4679	113570	Esleague_Leather_Armor	487779435806832	487779435806833
4680	113571	Balindean_Leather_Armor	487783730774128	487783730774129
4681	113647	Tirone_Leather_Armor	488110148288624	488110148288625
4682	113650	Groucca_Leather_Armor	488123033190512	488123033190513
4683	113657	Greeney_Leather_Armor	488153097961584	488153097961585
4684	113671	Rarksian_Leather_Armor	488213227503728	488213227503729
4685	113698	Vuldrion_Leather_Armor	488329191620720	488329191620721
4686	113704	Drottesel_Leather_Armor	488354961424496	488354961424497
4687	113725	Gaut_Leather_Armor	488445155737712	488445155737713
4688	113730	Schlitz_Leather_Armor	488466630574192	488466630574193
4689	113736	Duebell_Leather_Armor	488492400377968	488492400377969
4690	113748	Ludynn_Leather_Armor	488543939985520	488543939985521
4691	113749	Reak_Leather_Armor	488548234952816	488548234952817
4692	113750	Mark_Leather_Armor	488552529920112	488552529920113
4693	113765	Ducca_Leather_Armor	488616954429552	488616954429553
4694	113771	Enge_Leather_Armor	488642724233328	488642724233329
4695	113772	Tikkar_Leather_Armor	488647019200624	488647019200625
4696	113773	Murard_Leather_Armor	488651314167920	488651314167921
4697	113775	Uronthai_Leather_Armor	488659904102512	488659904102513
4698	113777	Begill_Leather_Armor	488668494037104	488668494037105
4699	113778	Rikkmah_Leather_Armor	488672789004400	488672789004401
4700	113779	Birdish_Leather_Armor	488677083971696	488677083971697
4701	113781	Dekcher_Leather_Armor	488685673906288	488685673906289
4702	113782	Guff_Leather_Armor	488689968873584	488689968873585
4703	113786	Ajure_Leather_Armor	488707148742768	488707148742769
4704	113787	Salimi_Leather_Armor	488711443710064	488711443710065
4705	113789	Takat_Leather_Armor	488720033644656	488720033644657
4706	113790	Witley_Leather_Armor	488724328611952	488724328611953
4707	113798	Berlublean_Leather_Armor	488758688350320	488758688350321
4708	2113099	Wandering_Mercenary_Leather_Armor	9075691098210416	9075691098210417
4709	2113124	Variska_Leather_Armor	9075798472392816	9075798472392817
4710	2113125	Barisoka_Leather_Armor	9075802767360112	9075802767360113
4711	2113170	Flordanus_Leather_Armor	9075996040888432	9075996040888433
4712	2113171	Brizzle_Leather_Armor	9076000335855728	9076000335855729
4713	2113172	Tyrannus_Leather_Armor	9076004630823024	9076004630823025
4714	2113173	Formosa_Leather_Armor	9076008925790320	9076008925790321
4715	2113174	Grolla_Leather_Armor	9076013220757616	9076013220757617
4716	2113175	Glaville_Leather_Armor	9076017515724912	9076017515724913
4717	2113176	Tybloc_Leather_Armor	9076021810692208	9076021810692209
4718	2113177	Goldur_Leather_Armor	9076026105659504	9076026105659505
4719	2113178	Daymonicon_Leather_Armor	9076030400626800	9076030400626801
4720	2113179	Bolzers_Leather_Armor	9076034695594096	9076034695594097
4721	2113180	Gronerd_Leather_Armor	9076038990561392	9076038990561393
4722	2113181	Deboros_Leather_Armor	9076043285528688	9076043285528689
4723	2113182	Northernbead_Leather_Armor	9076047580495984	9076047580495985
4724	2113185	Berenzard_Leather_Armor	9076060465397872	9076060465397873
4725	2113144	Dursus_Leather_Armor	9075884371738736	9075884371738737
4726	2113145	Arctotus_Leather_Armor	9075888666706032	9075888666706033
4727	2113162	Hellad_Leather_Armor	9075961681150064	9075961681150065
4728	2113166	Calto_Leather_Armor	9075978861019248	9075978861019249
4729	2113167	Gursus_Leather_Armor	9075983155986544	9075983155986545
4730	2113190	Ruberfeldy_Leather_Armor	9076081940234352	9076081940234353
4731	2113197	Paltz_Leather_Armor	9076112005005424	9076112005005425
4732	2113198	Erday_Leather_Armor	9076116299972720	9076116299972721
4733	2113199	Einz_Leather_Armor	9076120594940016	9076120594940017
4734	2113201	Lutzen_Leather_Armor	9076129184874608	9076129184874609
4735	2113204	Palen_Leather_Armor	9076142069776496	9076142069776497
4736	2133081	Rapid_Leather_Armor	9161513134719088	9161513134719089
4737	2133094	Light_Arrowhead_Leather_Armor_I	9161568969293936	9161568969293937
4738	2133096	Light_Arrowhead_Leather_Armor_II	9161577559228528	9161577559228529
4739	2133100	Light_Arrowhead_Leather_Armor_IV	9161594739097712	9161594739097713
4740	2133102	Light_Arrowhead_Leather_Armor_VI	9161603329032304	9161603329032305
4741	2133103	Light_Arrowhead_Leather_Armor_VII	9161607623999600	9161607623999601
4742	2133107	Light_Arrowhead_Leather_Armor_VIII	9161624803868784	9161624803868785
4743	2133109	Light_Arrowhead_Leather_Armor_X	9161633393803376	9161633393803377
4744	2133172	North_Mercenary_Leather_Armor_I	9161903976743024	9161903976743025
4745	2133174	North_Mercenary_Leather_Armor_III	9161912566677616	9161912566677617
4746	2133177	North_Mercenary_Leather_Armor_IV	9161925451579504	9161925451579505
4747	113767	Berker_Leather_Armor	488625544364144	488625544364145
4748	113792	Dayseorun_Leather_Armor	488732918546544	488732918546545
4749	2113123	Barioca_Leather_Armor	9075794177425520	9075794177425521
4750	113496	Elliot_Leather_Armor	487461608226928	487461608226929
4751	113497	Cuthbertson_Leather_Armor	487465903194224	487465903194225
4752	113719	Kordaav_Leather_Armor	488419385933936	488419385933937
4753	113768	Tarura_Leather_Armor	488629839331440	488629839331441
4754	2133082	Chile_Leather_Armor	9161517429686384	9161517429686385
4755	113654	Hobuka_Leather_Armor	488140213059696	488140213059697
4756	113659	Bulga_Leather_Armor	488161687896176	488161687896177
4757	113660	Barbaros_Leather_Armor	488165982863472	488165982863473
4758	113718	Barbaroy_Leather_Armor	488415090966640	488415090966641
4759	113721	Stiff_Leather_Armor	488427975868528	488427975868529
4760	113722	Deerprice_Leather_Armor	488432270835824	488432270835825
4761	113723	Stugrup_Leather_Armor	488436565803120	488436565803121
4762	113724	Barrette_Leather_Armor	488440860770416	488440860770417
4763	113732	Ald_Leather_Armor	488475220508784	488475220508785
4764	113735	Laspine_Leather_Armor	488488105410672	488488105410673
4765	113737	Carious_Leather_Armor	488496695345264	488496695345265
4766	113738	Slowin_Leather_Armor	488500990312560	488500990312561
4767	113760	Luverne_Leather_Armor	488595479593072	488595479593073
4768	113763	Brogue_Leather_Armor	488608364494960	488608364494961
4769	113764	Hodges_Leather_Armor	488612659462256	488612659462257
4770	113774	Dinon_Leather_Armor	488655609135216	488655609135217
4771	113720	Rhyspidon_Leather_Armor	488423680901232	488423680901233
4772	113731	Binden_Leather_Armor	488470925541488	488470925541489
4773	113739	Blowin_Leather_Armor	488505285279856	488505285279857
4774	113762	Nelton_Leather_Armor	488604069527664	488604069527665
4775	113769	Tanfat_Leather_Armor	488634134298736	488634134298737
4776	114473	Laksh_Leather_Armor	491657791275120	491657791275121
4777	113655	Batangka_Leather_Armor	488144508026992	488144508026993
4778	113729	Balder_Leather_Armor	488462335606896	488462335606897
4779	113761	Galanta_Leather_Armor	488599774560368	488599774560369
4780	113751	Smilodon_Leather_Armor	488556824887408	488556824887409
4781	2113100	Leopard_Pattern_Leather_Armor	9075695393177712	9075695393177713
4782	2113101	Horizon_Leather_Armor	9075699688145008	9075699688145009
4783	2113102	Pirin_Leather_Armor	9075703983112304	9075703983112305
4784	2133108	Light_Arrowhead_Leather_Armor_IX	9161629098836080	9161629098836081
4785	1000132	BountyHunter_Leather_Armor	4295534231683184	4295534231683185
4786	1000045	BountyHunter_Leather_Armor_I	4295160569528432	4295160569528433
4787	1000066	BountyHunter_Leather_Armor_II	4295250763841648	4295250763841649
4788	1000095	BountyHunter_Leather_Armor_IV	4295375317893232	4295375317893233
4789	1000096	BountyHunter_Leather_Armor_V	4295379612860528	4295379612860529
4790	1000116	BountyHunter_Leather_Armor_VI	4295465512206448	4295465512206449
4791	1000133	BountyHunter_Leather_Armor_VII	4295538526650480	4295538526650481
4792	1000134	BountyHunter_Leather_Armor_VIII	4295542821617776	4295542821617777
4793	1000345	GraveRobber_Leather_Armor_I	4296449059717232	4296449059717233
4794	1000346	GraveRobber_Leather_Armor_II	4296453354684528	4296453354684529
4795	1000347	GraveRobber_Leather_Armor_III	4296457649651824	4296457649651825
4796	1000355	Deer_King_Follower_Leather_Armor	4296492009390192	4296492009390193
4797	1000357	Deer_King_Follower_Leather_Armor_II	4296500599324784	4296500599324785
4798	1000024	Deer_King_Follower_Leather_Armor_III	4295070375215216	4295070375215217
4799	1000901	Deer_King_Follower_Leather_Armor_IV	4298837061533808	4298837061533809
4800	1001174	Deer_King_Follower_Leather_Armor_V	4300009587605616	4300009587605617
4801	1000358	Gladiator_Leather_Armor	4296504894292080	4296504894292081
4802	1000384	Arrow_Technique_Instructor_Leather_Armor	4296616563441776	4296616563441777
4803	1000458	Slaughterer_Leahter_Armor	4296934391021680	4296934391021681
4804	1000743	Owls_of_the_Mist_Leahter_Armor_I	4298158456701040	4298158456701041
4805	1000744	Owls_of_the_Mist_Leahter_Armor_II	4298162751668336	4298162751668337
4806	1000745	Owls_of_the_Mist_Leahter_Armor_III	4298167046635632	4298167046635633
4807	1000746	Owls_of_the_Mist_Leahter_Armor_IV	4298171341602928	4298171341602929
4808	1001178	Hymns_of_Dusk_Leather_Armor_I	4300026767474800	4300026767474801
4809	1001742	Greyfur_Leather_Armor_I	4302449129029744	4302449129029745
4810	1001743	Greyfur_Leather_Armor_II	4302453423997040	4302453423997041
4811	1001770	Greyfur_Leather_Armor_III	4302569388114032	4302569388114033
4812	1001771	Greyfur_Leather_Armor_IV	4302573683081328	4302573683081329
4813	1001284	Greyfur_Leather_Armor_V	4300482034008176	4300482034008177
4814	1001285	Greyfur_Leather_Armor_VI	4300486328975472	4300486328975473
4815	1001286	Greyfur_Leather_Armor_VII	4300490623942768	4300490623942769
4816	1001287	Greyfur_Leather_Armor_VIII	4300494918910064	4300494918910065
4817	1001288	Greyfur_Leather_Armor_IX	4300499213877360	4300499213877361
4818	1001289	Greyfur_Leather_Armor_X	4300503508844656	4300503508844657
4819	1001290	Greyfur_Leather_Armor_XI	4300507803811952	4300507803811953
4820	1001306	Greyfur_Leather_Armor_XII	4300576523288688	4300576523288689
4821	1001317	Greyfur_Leather_Armor_XX	4300623767928944	4300623767928945
4822	1001318	Greyfur_Leather_Armor_XXX	4300628062896240	4300628062896241
4823	1001757	Greyfur_Leather_Armor_XL	4302513553539184	4302513553539185
4824	1001758	Greyfur_Leather_Armor_L	4302517848506480	4302517848506481
4825	1001760	Greyfur_Leather_Armor_LX	4302526438441072	4302526438441073
4826	1001800	Greyfur_Leather_Armor_LXX	4302698237132912	4302698237132913
4827	1001806	Greyfur_Leather_Armor_LXXX	4302724006936688	4302724006936689
4828	1001807	Greyfur_Leather_Armor_LXXXI	4302728301903984	4302728301903985
4829	1001876	Greyfur_Leather_Armor_LXXXII	4303024654647408	4303024654647409
4830	1002267	Wolf_Pursuer_Leather_Armor	4304703986860144	4304703986860145
4831	1004369	Wolf_Pursuer_Leather_Armor_II	4313732008116336	4313732008116337
4832	1002603	Greyfur_Leather_Armor_LXXXIII	4306147095871600	4306147095871601
4833	133276	Tirone_Leather_Boots	572416061341808	572416061341809
4834	133311	Fiore_Leather_Boots	572566385197168	572566385197169
4835	2133024	Ratti_Leather_Boots	9161268321583216	9161268321583217
4836	2133029	Martins_Leather_Boots	9161289796419696	9161289796419697
4837	2133031	Trier_Leather_Boots	9161298386354288	9161298386354289
4838	2133034	Purani_Leather_Boots	9161311271256176	9161311271256177
4839	2133036	Bethel_Leather_Boots	9161319861190768	9161319861190769
4840	2133084	Deole_Leather_Boots	9161526019620976	9161526019620977
4841	133041	Evanizer_Leather_Boots	571406744027248	571406744027249
4842	133337	Nihrutte_Leather_Boots	572678054346864	572678054346865
4843	133338	Juman_Leather_Boots	572682349314160	572682349314161
4844	133344	Warren_Beynon_Leather_Boots	572708119117936	572708119117937
4845	2133035	Delphi_Leather_Boots	9161315566223472	9161315566223473
4846	133007	Leontain_Leather_Boots	571260715139184	571260715139185
4847	133138	Keredig_Leather_Boots	571823355854960	571823355854961
4848	133168	Paunah_Leather_Boots	571952204873840	571952204873841
4849	133183	Huntington_Leather_Boots	572016629383280	572016629383281
4850	133184	Adeion_Leather_Boots	572020924350576	572020924350577
4851	133210	Aurellian_Leather_Boots	572132593500272	572132593500273
4852	133213	Ehshian_Leather_Boots	572145478402160	572145478402161
4853	133266	Herdel_Leather_Boots	572373111668848	572373111668849
4854	133291	Licuna_Leather_Boots	572480485851248	572480485851249
4855	133325	Wooeun_Leather_Boots	572626514739312	572626514739313
4856	133326	Badran_Leather_Boots	572630809706608	572630809706609
4857	133329	Dekcher_Leather_Boots	572643694608496	572643694608497
4858	133335	Meravan_Leather_Boots	572669464412272	572669464412273
4859	133336	Salami_Leather_Boots	572673759379568	572673759379569
4860	134006	Triroan_Leather_Boots	575551387467888	575551387467889
4861	134028	Scopa_Leather_Boots	575645876748400	575645876748401
4862	2133017	Deet_Leather_Boots	9161238256812144	9161238256812145
4863	2133019	Gut_Leather_Boots	9161246846746736	9161246846746737
4864	2133032	Gohol_Leather_Boots	9161302681321584	9161302681321585
4865	2133037	Chelti_Leather_Boots	9161324156158064	9161324156158065
4866	2133042	Matar_Leather_Boots	9161345630994544	9161345630994545
4867	2133044	Katian_Leather_Boots	9161354220929136	9161354220929137
4868	2133048	Reputy_Leather_Boots	9161371400798320	9161371400798321
4869	2133051	Laksh_Leather_Boots	9161384285700208	9161384285700209
4870	2133070	Rendal_Leather_Boots	9161465890078832	9161465890078833
4871	2133091	Camantti_Leather_Boots	9161556084392048	9161556084392049
4872	2133124	Light_Arrowhead_Leather_Boots_I	9161697818312816	9161697818312817
4873	2133125	Light_Arrowhead_Leather_Boots_II	9161702113280112	9161702113280113
4874	2133162	Barbarian_Leather_Boots_II	9161861027070064	9161861027070065
4875	2133166	Bandit_Leather_Boots	9161878206939248	9161878206939249
4876	2133201	Goblin_Merchant_Soldier_Leather_Boots	9162028530794608	9162028530794609
4877	1171111484	Bandit_Leather_Boots_II	5029885523750027376	5029885523750027377
4878	1000243	Regglin_Leather_Boots	4296010973053040	4296010973053041
4879	1000359	Gladiator_Leather_Boots	4296509189259376	4296509189259377
4880	1000368	Gladiator_Leather_Boots_II	4296547843965040	4296547843965041
4881	1000457	Antumbra_Leather_Boots	4296930096054384	4296930096054385
4882	1001809	Greyfur_Leather_Boots	4302736891838576	4302736891838577
4883	1001853	Greyfur_Leather_Boots_I	4302925870399600	4302925870399601
4884	1001863	Greyfur_Leather_Boots_II	4302968820072560	4302968820072561
4885	1001864	Greyfur_Leather_Boots_III	4302973115039856	4302973115039857
4886	1001871	Greyfur_Leather_Boots_IV	4303003179810928	4303003179810929
4887	1001873	Greyfur_Leather_Boots_V	4303011769745520	4303011769745521
4888	1001878	Greyfur_Leather_Boots_VI	4303033244582000	4303033244582001
4889	1001880	Greyfur_Leather_Boots_VII	4303041834516592	4303041834516593
4890	1002359	Owls_of_the_Mist_Leather_Boots	4305099123851376	4305099123851377
4891	123065	Hagwood_Leather_Gloves	528560150282352	528560150282353
4892	123078	Blyan_Leather_Gloves	528615984857200	528615984857201
4893	123020	Kordaav_Leather_Gloves	528366876754032	528366876754033
4894	123168	Trouter_Leather_Gloves	529002531913840	529002531913841
4895	123282	Elsiguo_Leather_Gloves	529492158185584	529492158185585
4896	123305	Archen_Leather_Gloves	529590942433392	529590942433393
4897	123358	Esahah_Leather_Gloves	529818575700080	529818575700081
4898	124008	Arti_Leather_Gloves	532610304442480	532610304442481
4899	12404	Tesslit_Leather_Gloves_I	53274774339696	53274774339697
4900	1561082555	Tesslit_Leather_Gloves_III	6704798520081121392	6704798520081121393
4901	123017	Ballet_Leather_Gloves	528353991852144	528353991852145
4902	123044	Perseus_Leather_Gloves	528469955969136	528469955969137
4903	123068	Raspel_Leather_Gloves	528573035184240	528573035184241
4904	123122	Khalbydan_Leather_Gloves	528804963418224	528804963418225
4905	123126	Luconek_Leather_Gloves	528822143287408	528822143287409
4906	123035	Taliesin_Leather_Gloves	528431301263472	528431301263473
4907	123139	Stammers_Leather_Gloves	528877977862256	528877977862257
4908	123205	Latian_Leather_Gloves	529161445703792	529161445703793
4909	123215	Delicy_Leather_Gloves	529204395376752	529204395376753
4910	123216	Bohen_Leather_Gloves	529208690344048	529208690344049
4911	123222	Sladen_Leather_Gloves	529234460147824	529234460147825
4912	1000039	Ciburn_Leather_Gloves	4295134799724656	4295134799724657
4913	123260	Kattinan_Leather_Gloves	529397668905072	529397668905073
4914	123269	Tikkar_Leather_Gloves	529436323610736	529436323610737
4915	123270	Markna_Leather_Gloves	529440618578032	529440618578033
4916	123286	Kasria_Leather_Gloves	529509338054768	529509338054769
4917	123292	Raska_Leather_Gloves	529535107858544	529535107858545
4918	123293	Rasb_Leather_Gloves	529539402825840	529539402825841
4919	123302	Carix_Leather_Gloves	529578057531504	529578057531505
4920	123303	Dalton_Leather_Gloves	529582352498800	529582352498801
4921	123304	Eleven_Leather_Gloves	529586647466096	529586647466097
4922	123306	Dunion_Leather_Gloves	529595237400688	529595237400689
4923	123307	Laplus_Leather_Gloves	529599532367984	529599532367985
4924	123308	Brittle_Leather_Gloves	529603827335280	529603827335281
4925	123313	Takatin_Leather_Gloves	529625302171760	529625302171761
4926	123314	Arcti_Leather_Gloves	529629597139056	529629597139057
4927	123317	Chart_Leather_Gloves	529642482040944	529642482040945
4928	123323	Patent_Leather_Gloves	529668251844720	529668251844721
4929	1606223798	Patent_Leather_Gloves_I	6898678682466910320	6898678682466910321
4930	123352	Rik_Leather_Gloves	529792805896304	529792805896305
4931	123354	Badran_Leather_Gloves	529801395830896	529801395830897
4932	123355	Rikkmah_Leather_Gloves	529805690798192	529805690798193
4933	123357	Xasameruen_Leather_Gloves	529814280732784	529814280732785
4934	123359	Shellus_Leather_Gloves	529822870667376	529822870667377
4935	123365	Salami_Leather_Gloves	529848640471152	529848640471153
4936	123366	Dayseorun_Leather_Gloves	529852935438448	529852935438449
4937	124032	Tyran_Leather_Gloves	532713383657584	532713383657585
4938	1000033	Shepherd_Leather_Gloves	4295109029920880	4295109029920881
4939	2133066	Chile_Leather_Gloves	9161448710209648	9161448710209649
4940	2133071	Rendal_Leather_Gloves	9161470185046128	9161470185046129
4941	2133080	Danda_Leather_Gloves	9161508839751792	9161508839751793
4942	2133087	Darren_Leather_Gloves	9161538904522864	9161538904522865
4943	2133088	Rayra_Leather_Gloves	9161543199490160	9161543199490161
4944	2133089	Rapid_Leather_Gloves	9161547494457456	9161547494457457
4945	2133131	Bandit_Leather_Gloves_I	9161727883083888	9161727883083889
4946	2133133	Ziggurat_Leather_Gloves_I	9161736473018480	9161736473018481
4947	2133126	Light_Arrowhead_Leather_Gloves	9161706408247408	9161706408247409
4948	2133139	Ziggurat_Leather_Gloves_II	9161762242822256	9161762242822257
4949	2133143	Barnia_Leather_Gloves	9161779422691440	9161779422691441
4950	2133160	Barbarian_Leather_Gloves_I	9161852437135472	9161852437135473
4951	2133165	Bandit_Leather_Gloves_II	9161873911971952	9161873911971953
4952	207071708	Bandit_Leather_Gloves_III	889366213786861680	889366213786861681
4953	131106998	North_Mercenary_Leather_Gloves_III	563100268686737520	563100268686737521
4954	2600050	Raging_Tempests_Leader_Leather_Gloves	11167129717964912	11167129717964913
4955	2133153	Arcria_Leather_Gloves	9161822372364400	9161822372364401
4956	1000196	RevolutionaryArmy_Leather_Gloves	4295809109590128	4295809109590129
4957	1000097	BountyHunter_Leather_Gloves_I	4295383907827824	4295383907827825
4958	1000135	BountyHunter_Leather_Gloves_II	4295547116585072	4295547116585073
4959	1000180	Wolf_Pursuer_Leather_Gloves	4295740390113392	4295740390113393
4960	1000219	Caliburn_Engineer_Leather_Gloves	4295907893837936	4295907893837937
4961	1000375	NoName_Wiseman_Leather_Gloves_I	4296577908736112	4296577908736113
4962	1000447	Camouflage_Boar_Leather_Gloves	4296887146381424	4296887146381425
4963	1000456	Antumbra_Leather_Gloves_I	4296925801087088	4296925801087089
4964	1000793	Prisoner_Leather_Gloves	4298373205065840	4298373205065841
4965	1000794	Prisoner_Leather_Gloves_I	4298377500033136	4298377500033137
4966	1000808	Prisoner_Leather_Gloves_II	4298437629575280	4298437629575281
4967	1001881	Greyfur_Leather_Gloves	4303046129483888	4303046129483889
4968	1001883	Greyfur_Leather_Gloves_I	4303054719418480	4303054719418481
4969	1001401	Noble_Retainer_Leather_Gloves	4300984545181808	4300984545181809
4970	1001322	Volcker_Leather_Gloves	4300645242765424	4300645242765425
4971	1001941	Volcker_Leather_Gloves_I	4303303827521648	4303303827521649
4972	1001942	Lafty_Leather_Gloves	4303308122488944	4303308122488945
4973	1001943	Lafty_Leather_Gloves_I	4303312417456240	4303312417456241
4974	1001944	Greyfur_Leather_Gloves_II	4303316712423536	4303316712423537
4975	1001945	Halkias_Leather_Gloves	4303321007390832	4303321007390833
4976	103060	David_Leather_Helm	442639329525872	442639329525873
4977	103070	Ranibider_Leather_Helm	442682279198832	442682279198833
4978	103096	Leadahn_Leather_Helm	442793948348528	442793948348529
4979	103104	Dekcher_Leather_Helm	442828308086896	442828308086897
4980	103105	Shellus_Leather_Helm	442832603054192	442832603054193
4981	1002625	Greyfur_Leather_Helm_II	4306241585152112	4306241585152113
4982	1000115	BountyHunter_Leather_Helm_I	4295461217239152	4295461217239153
4983	1000131	BountyHunter_Leather_Helm_II	4295529936715888	4295529936715889
4984	2133200	Goblin_Merchant_Soldier_Leather_Helm_I	9162024235827312	9162024235827313
4985	2133202	Goblin_Merchant_Soldier_Leather_Helm_II	9162032825761904	9162032825761905
4986	1000809	Prisoner_Leather_Helm	4298441924542576	4298441924542577
4987	1000810	Prisoner_Leather_Helm_I	4298446219509872	4298446219509873
4988	1001955	Greyfur_Leather_Helm	4303363957063792	4303363957063793
4989	1001956	Greyfur_Leather_Helm_I	4303368252031088	4303368252031089
4990	1001874	Wandering_Leather_Helm	4303016064712816	4303016064712817
4991	1000373	NoName_Wiseman_Leather_Cloak	4296569318801520	4296569318801521
4992	1001891	EntHunter_Leather_Cloak	4303089079156848	4303089079156849
4993	1004781	BountyHunter_Leather_Cloak	4315501534642288	4315501534642289
4994	1004848	Light_Arrowhead_Leather_Cloak	4315789297451120	4315789297451121
4995	111193	Fri_PlateArmor_Armor	477570298544240	477570298544241
4996	111252	Eirun_PlateArmor_Armor	477823701614704	477823701614705
4997	111191	Brina_PlateArmor_Armor	477561708609648	477561708609649
4998	111205	Caliburn_PlateArmor_Armor	477621838151792	477621838151793
4999	1000869	Soldier_General_PlateArmor_Armor	4298699622580336	4298699622580337
5000	1001526	Antony_PlateArmor_Armor	4301521416093808	4301521416093809
5001	2058140396	Vennebis_PlateArmor_Armor_I	8839645691396489328	8839645691396489329
5002	1002278	Vennebis_PlateArmor_Armor_II	4304751231500400	4304751231500401
5003	1002279	Vennebis_PlateArmor_Armor_III	4304755526467696	4304755526467697
5004	1002280	Vennebis_PlateArmor_Armor_IV	4304759821434992	4304759821434993
5005	2111056	Luka_PlateArmor_Armor	9066916480024688	9066916480024689
5006	111130	Rochi_PlateArmor_Armor	477299715604592	477299715604593
5007	1608016770	Rochi_PlateArmor_Armor_I	6906379438569554032	6906379438569554033
5008	111217	Luwaiet_PlateArmor_Armor	477673377759344	477673377759345
5009	1002274	Luwaiet_PlateArmor_Armor_I	4304734051631216	4304734051631217
5010	1002275	Luwaiet_PlateArmor_Armor_II	4304738346598512	4304738346598513
5011	1002281	Luwaiet_PlateArmor_Armor_III	4304764116402288	4304764116402289
5012	1002119	Wells_PlateArmor_Armor	4304068331700336	4304068331700337
5013	2111055	Lukatz_PlateArmor_Armor	9066912185057392	9066912185057393
5014	2111093	Kukan_PlateArmor_Armor	9067075393814640	9067075393814641
5015	1876071146	Kukan_PlateArmor_Armor_I	8057664217039241328	8057664217039241329
5016	1000041	Sir_Catfish_PlateArmor_Armor	4295143389659248	4295143389659249
5017	1000897	Delesian_Soldier_General_PlateArmor_Armor	4298819881664624	4298819881664625
5018	1002476	Muscan_PlateArmor_Armor	4305601635025008	4305601635025009
5019	1002366	Old_Kliff_PlateArmor_Armor	4305129188622448	4305129188622449
5020	1002367	Old_Kliff_PlateArmor_Cloak	4305133483589744	4305133483589745
5021	1002758	Twilight_Whistlers_PlateArmor_Cloak	4306812815802480	4306812815802481
5022	134060	Caliburn_Plate_Boots	575783315701872	575783315701873
5023	131029	Dark_King_Plate_Boots	562765269827696	562765269827697
5024	2131004	Witters_Plate_Boots	9152592487645296	9152592487645297
5025	1000140	Sir_Catfish_Plate_Boots	4295568591421552	4295568591421553
5026	131006	Lattua_Plate_Boots	562666485579888	562666485579889
5027	1817529193	Lattua_Plate_Boots_I	7806228443460272240	7806228443460272241
5028	2131009	Duemeniss_Plate_Boots	9152613962481776	9152613962481777
5029	364307754	Duemeniss_Plate_Boots_I	1564689889109213296	1564689889109213297
5030	1002733	Duemeniss_Plate_Boots_II	4306705441620080	4306705441620081
5031	1000334	SkullKnight_Follower_Plate_Boots_I	4296401815076976	4296401815076977
5032	1000871	Soldier_General_Plate_Boots	4298708212514928	4298708212514929
5033	1002368	Old_Kliff_Plate_Boots	4305137778557040	4305137778557041
5034	124077	Caliburn_PlateArmor_Gloves	532906657185904	532906657185905
5035	1000870	Soldier_General_PlateArmor_Gloves	4298703917547632	4298703917547633
5036	121056	Arkhan_PlateArmor_Gloves	519931560984688	519931560984689
5037	123160	Gallophelt_PlateArmor_Gloves	528968172175472	528968172175473
5038	1001787	Goblin_Fight_PlateArmor_Gloves	4302642402558064	4302642402558065
5039	123312	Masty_PlateArmor_Gloves	529621007204464	529621007204465
5040	123316	SilverArmor_PlateArmor_Gloves	529638187073648	529638187073649
5041	121024	Batz_PlateArmor_Gloves	519794122031216	519794122031217
5042	1002734	Batz_PlateArmor_Gloves_I	4306709736587376	4306709736587377
5043	1000280	Moonhead_PlateArmor_Gloves	4296169886842992	4296169886842993
5044	121010	Judge_PlateArmor_Gloves	519733992489072	519733992489073
5045	1000139	Sir_Catfish_PlateArmor_Gloves	4295564296454256	4295564296454257
5046	1002369	Old_Kliff_PlateArmor_Gloves	4305142073524336	4305142073524337
5047	101027	Beastman_PlateArmor_Helm	433907661013104	433907661013105
5048	14406	Discao_PlateArmor_Helm_I	61873298866288	61873298866289
5049	663954313	Discao_PlateArmor_Helm_II	2851662060373147760	2851662060373147761
5050	101148	Kurua_PlateArmor_Helm	434427352055920	434427352055921
5051	2101015	Moonhead_PlateArmor_Helm	9023790713405552	9023790713405553
5052	1000696	Moonhead_PlateArmor_Helm_Waning	4297956593238128	4297956593238129
5053	1000697	Moonhead_PlateArmor_Helm_Full	4297960888205424	4297960888205425
5054	101142	Bicornio_PlateArmor_Helm	434401582252144	434401582252145
5055	2101013	Intacuttar_PlateArmor_Helm	9023782123470960	9023782123470961
5056	2101014	SilverArmor_PlateArmor_Helm	9023786418438256	9023786418438257
5057	1000868	Soldier_General_PlateArmor_Helm	4298695327613040	4298695327613041
5058	1000378	Crow_PlateArmor_Helm	4296590793638000	4296590793638001
5059	2131007	Prani_PlateArmor_Helm	9152605372547184	9152605372547185
5060	101018	Berin_PlateArmor_Helm	433869006307440	433869006307441
5061	2101040	Belui_PlateArmor_Helm	9023898087587952	9023898087587953
5062	1000047	BountyHunter_PlateArmor_Helm	4295169159463024	4295169159463025
5063	1000098	BountyHunter_PlateArmor_Helm_I	4295388202795120	4295388202795121
5064	1000763	Regglin_PlateArmor_Helm	4298244356046960	4298244356046961
5065	1000904	Barnia_Soldier_General_PlateArmor_Helm	4298849946435696	4298849946435697
5066	1002091	Natural_Enemy_PlateArmor_Helm	4303948072616048	4303948072616049
5067	1001172	Redknight_PlateArmor_Helm_II	4300000997671024	4300000997671025
5068	1002626	Redknight_PlateArmor_Helm_III	4306245880119408	4306245880119409
5069	2101012	Dicrian_PlateArmor_Helm	9023777828503664	9023777828503665
5070	111099	Pirante_PlateArmor_Armor	477166571618416	477166571618417
5071	111256	Germion_PlateArmor_Armor	477840881483888	477840881483889
5072	2111058	Moonhead_PlateArmor_Armor	9066925069959280	9066925069959281
5073	1000698	Moonhead_PlateArmor_Armor_Waning	4297965183172720	4297965183172721
5074	1000699	Moonhead_PlateArmor_Armor_Full	4297969478140016	4297969478140017
5075	14102	Redleader_PlateArmor_Armor	60567628808304	60567628808305
5076	14104	Spital_PlateArmor_Armor_I	60576218742896	60576218742897
5077	717967359	Spital_PlateArmor_Armor_III	3083646326500491376	3083646326500491377
5078	111098	Becur_PlateArmor_Armor	477162276651120	477162276651121
5079	111100	Korean_PlateArmor_Armor	477170866585712	477170866585713
5080	111101	Takao_PlateArmor_Armor	477175161553008	477175161553009
5081	1002556	Troyquartz_Plate_Armor	4305945232408688	4305945232408689
5082	111128	Duroar_PlateArmor_Armor	477291125670000	477291125670001
5083	15724234	Duroar_PlateArmor_Armor_I	67535070784651376	67535070784651377
5084	111129	Rocko_PlateArmor_Armor	477295420637296	477295420637297
5085	1777388687	Rocko_PlateArmor_Armor_I	7633826282945380464	7633826282945380465
5086	111131	Romaned_PlateArmor_Armor	477304010571888	477304010571889
5087	1783496750	Romaned_PlateArmor_Armor_I	7660060213772288112	7660060213772288113
5088	111132	Valkyder_PlateArmor_Armor	477308305539184	477308305539185
5089	985752493	Valkyder_PlateArmor_Armor_I	4233774719385469040	4233774719385469041
5090	111133	Killeen_PlateArmor_Armor	477312600506480	477312600506481
5091	168348564	Killeen_PlateArmor_Armor_I	723051576708563056	723051576708563057
5092	111134	Kenmore_PlateArmor_Armor	477316895473776	477316895473777
5093	1161943162	Kenmore_PlateArmor_Armor_I	4990507880600830064	4990507880600830065
5094	111135	Kinloch_PlateArmor_Armor	477321190441072	477321190441073
5095	1706487241	Kinloch_PlateArmor_Armor_I	7329306891136270448	7329306891136270449
5096	111136	Lanok_PlateArmor_Armor	477325485408368	477325485408369
5097	358535569	Lanok_PlateArmor_Armor_I	1539898543307751536	1539898543307751537
5098	111137	Spital_PlateArmor_Armor	477329780375664	477329780375665
5099	241185986	Spital_PlateArmor_Armor_II	1035885922123513968	1035885922123513969
5100	111166	Blackburn_PlateArmor_Armor	477454334427248	477454334427249
5101	111167	Repen_PlateArmor_Armor	477458629394544	477458629394545
5102	111170	Beverly_PlateArmor_Armor	477471514296432	477471514296433
5103	111194	Vertical_PlateArmor_Armor	477574593511536	477574593511537
5104	111196	Dutyluon_PlateArmor_Armor	477583183446128	477583183446129
5105	111197	Dutinion_PlateArmor_Armor	477587478413424	477587478413425
5106	111198	Endnion_PlateArmor_Armor	477591773380720	477591773380721
5107	111199	Dadnion_PlateArmor_Armor	477596068348016	477596068348017
5108	111219	Ludus_PlateArmor_Armor	477681967693936	477681967693937
5109	111228	Antum_PlateArmor_Armor	477720622399600	477720622399601
5110	111229	Entom_PlateArmor_Armor	477724917366896	477724917366897
5111	111230	Sitanca_PlateArmor_Armor	477729212334192	477729212334193
5112	111231	Markman_PlateArmor_Armor	477733507301488	477733507301489
5113	111241	Eclman_PlateArmor_Armor	477776456974448	477776456974449
5114	111242	Otant_PlateArmor_Armor	477780751941744	477780751941745
5115	111243	Oakleyman_PlateArmor_Armor	477785046909040	477785046909041
5116	112079	Dragon_Knight_Warrior_PlateArmor_Armor	481375639568496	481375639568497
5117	2111062	Prinkeypes_PlateArmor_Armor	9066942249828464	9066942249828465
5118	1000210	Wells_Brigade_Rebel_PlateArmor_Armor_II	4295869239132272	4295869239132273
5119	1000211	Wells_Brigade_Rebel_PlateArmor_Armor_III	4295873534099568	4295873534099569
5120	1002627	Wells_Brigade_Rebel_PlateArmor_Armor_IV	4306250175086704	4306250175086705
5121	1002628	Wells_Brigade_Rebel_PlateArmor_Armor_V	4306254470054000	4306254470054001
5122	2111094	Kunan_PlateArmor_Armor	9067079688781936	9067079688781937
5123	778010658	Kunan_PlateArmor_Armor_I	3341530332049440880	3341530332049440881
5124	2111095	Kurinan_PlateArmor_Armor	9067083983749232	9067083983749233
5125	2111096	Girrin_PlateArmor_Armor	9067088278716528	9067088278716529
5126	2111102	Lacquer_PlateArmor_Armor	9067114048520304	9067114048520305
5127	2111105	Lark_PlateArmor_Armor	9067126933422192	9067126933422193
5128	111010	Judge_PlateArmor_Armor	476784319529072	476784319529073
5129	2111057	Carton_PlateArmor_Armor	9066920774991984	9066920774991985
5130	1000371	MiddleBoss_Caliburn_BlackTower_PlateArmor_Armor	4296560728866928	4296560728866929
5131	1003261	Iguana_Rider_PlateArmor_Armor_I	4308973184352368	4308973184352369
5132	1003262	Iguana_Rider_PlateArmor_Armor_II	4308977479319664	4308977479319665
5133	1003263	Iguana_Rider_PlateArmor_Armor_III	4308981774286960	4308981774286961
5134	131009	Judge_Plate_Boots	562679370481776	562679370481777
5135	2133027	Moonhead_Plate_Boots	9161281206485104	9161281206485105
5136	1000700	Moonhead_Plate_Boots_Waning	4297973773107312	4297973773107313
5137	1000718	Moonhead_Plate_Boots_Full	4298051082518640	4298051082518641
5138	2131005	Markris_Plate_Boots	9152596782612592	9152596782612593
5139	1002120	Serdhal_Plate_Boots_I	4304072626667632	4304072626667633
5140	131026	Serdhal_Plate_Boots	562752384925808	562752384925809
5141	131021	Batz_Plate_Boots	562730910089328	562730910089329
5142	133292	Laitaa_Plate_Boots	572484780818544	572484780818545
5143	121059	Ratti_PlateArmor_Gloves	519944445886576	519944445886577
5144	1651409807	Ratti_PlateArmor_Gloves_I	7092751113358671984	7092751113358671985
5145	1002737	Ratti_PlateArmor_Gloves_II	4306722621489264	4306722621489265
5146	121014	Draiga_PlateArmor_Gloves	519751172358256	519751172358257
5147	121022	Flame_SwordMan_PlateArmor_Gloves	519785532096624	519785532096625
5148	121027	Kamsen_PlateArmor_Gloves	519807006933104	519807006933105
5149	121032	Argatah_PlateArmor_Gloves	519828481769584	519828481769585
5150	121072	Belui_PlateArmor_Gloves	520000280461424	520000280461425
5151	123136	Satyr_PlateArmor_Gloves	528865092960368	528865092960369
5152	124075	Dragon_Knight_Warrior_PlateArmor_Gloves	532898067251312	532898067251313
5153	121029	Dimfeld_PlateArmor_Gloves	519815596867696	519815596867697
5154	1002629	Wells_Brigade_Rebel_PlateArmor_Gloves	4306258765021296	4306258765021297
5155	1002661	Twilight_Whistlers_PlateArmor_Gloves	4306396203974768	4306396203974769
5156	2133062	Desert_Harrier_PlateArmor_Helm_II	9161431530340464	9161431530340465
5157	2133063	Desert_Harrier_PlateArmor_Helm_III	9161435825307760	9161435825307761
5158	14411	Desert_Harrier_PlateArmor_Helm_IV	61894773702768	61894773702769
5159	421702358	Maint_PlateArmor_Helm_I	1811197836256084080	1811197836256084081
5160	817864642	Duemeniss_PlateArmor_Helm_I	3512701889944748144	3512701889944748145
5161	1000487	Makutan_PlateArmor_Helm_II	4297058945073264	4297058945073265
5162	101114	Dernat_PlateArmor_Helm	434281323167856	434281323167857
5163	2101005	Larksis_PlateArmor_Helm	9023747763732592	9023747763732593
5164	2101031	Lautia_PlateArmor_Helm	9023859432882288	9023859432882289
5165	101073	Kiahtuth_PlateArmor_Helm	434105229508720	434105229508721
5166	101125	Tanion_PlateArmor_Helm	434328567808112	434328567808113
5167	101135	Antra_PlateArmor_Helm	434371517481072	434371517481073
5168	101136	Latenta_PlateArmor_Helm	434375812448368	434375812448369
5169	101139	Tartti_PlateArmor_Helm	434388697350256	434388697350257
5170	101141	Rhapts_PlateArmor_Helm	434397287284848	434397287284849
5171	102004	Tyran_PlateArmor_Helm	438103844061296	438103844061297
5172	103010	Leontain_PlateArmor_Helm	442424581161072	442424581161073
5173	104185	Dragon_Knight_PlateArmor_Helm	447471167733872	447471167733873
5174	2101034	Larstti_PlateArmor_Helm	9023872317784176	9023872317784177
5175	2101041	Dria_PlateArmor_Helm	9023902382555248	9023902382555249
5176	1000137	BountyHunter_PlateArmor_Helm_II	4295555706519664	4295555706519665
5177	1002126	Checia_PlateArmor_Helm_I	4304098396471408	4304098396471409
5178	1000635	Twilight_Whistlers_PlateArmor_Helm_I	4297694600233072	4297694600233073
5179	1002386	Redknight_PlateArmor_Helm_IV	4305215087968368	4305215087968369
5180	1000363	Mercenary_PlateArmor_Helm_III	4296526369128560	4296526369128561
5181	2139742131	Dallabici_PlateArmor_Armor_I	9190122474518347888	9190122474518347889
5182	111103	Arkhan_PlateArmor_Armor	477183751487600	477183751487601
5183	111247	Manios_PlateArmor_Armor	477802226778224	477802226778225
5184	2111113	Rakkli_PlateArmor_Armor	9067161293160560	9067161293160561
5185	14103	Mueo_PlateArmor_Armor_I	60571923775600	60571923775601
5186	1797763897	Mueo_PlateArmor_Armor_III	7721337143544512624	7721337143544512625
5187	111040	Enus_PlateArmor_Armor	476913168547952	476913168547953
5188	111086	Bodin_PlateArmor_Armor	477110737043568	477110737043569
5189	111087	Burimen_PlateArmor_Armor	477115032010864	477115032010865
5190	111102	Guts_PlateArmor_Armor	477179456520304	477179456520305
5191	111104	Joseph_PlateArmor_Armor	477188046454896	477188046454897
5192	111106	Albert_PlateArmor_Armor	477196636389488	477196636389489
5193	111107	Emil_PlateArmor_Armor	477200931356784	477200931356785
5194	111115	Redman_PlateArmor_Armor	477235291095152	477235291095153
5195	111116	Schmidt_PlateArmor_Armor	477239586062448	477239586062449
5196	111138	Mueo_PlateArmor_Armor	477334075342960	477334075342961
5197	1624616903	Mueo_PlateArmor_Armor_II	6977676466913804400	6977676466913804401
5198	111139	Edzel_PlateArmor_Armor	477338370310256	477338370310257
5199	991362150	Edzel_PlateArmor_Armor_I	4257868012742246512	4257868012742246513
5200	111140	Brejin_PlateArmor_Armor	477342665277552	477342665277553
5201	2093797664	Brejin_PlateArmor_Armor_I	8992792491321196656	8992792491321196657
5202	111141	Canusti_PlateArmor_Armor	477346960244848	477346960244849
5203	725927704	Canusti_PlateArmor_Armor_I	3117835747940368496	3117835747940368497
5204	111142	Dendi_PlateArmor_Armor	477351255212144	477351255212145
5205	1818402956	Dendi_PlateArmor_Armor_I	7809981226969727088	7809981226969727089
5206	111143	Crail_PlateArmor_Armor	477355550179440	477355550179441
5207	372030540	Crail_PlateArmor_Armor_I	1597859002413219952	1597859002413219953
5208	111144	Raven_PlateArmor_Armor	477359845146736	477359845146737
5209	1605136458	Raven_PlateArmor_Armor_I	6894008592727277680	6894008592727277681
5210	1732262875	Raven_PlateArmor_Armor_II	7440012396199936112	7440012396199936113
5211	111145	Dunfermline_PlateArmor_Armor	477364140114032	477364140114033
5212	1467029611	Dunfermline_PlateArmor_Armor_I	6300844201508601968	6300844201508601969
5213	111146	Kinross_PlateArmor_Armor	477368435081328	477368435081329
5214	1865534197	Kinross_PlateArmor_Armor_I	8012408365684621424	8012408365684621425
5215	111188	Senon_PlateArmor_Armor	477548823707760	477548823707761
5216	111189	Revog_PlateArmor_Armor	477553118675056	477553118675057
5217	111202	Rudion_PlateArmor_Armor	477608953249904	477608953249905
5218	1000212	Wells_Brigade_Rebel_PlateArmor_Armor_I	4295877829066864	4295877829066865
5219	111203	Ceruon_PlateArmor_Armor	477613248217200	477613248217201
5220	111204	Mayon_PlateArmor_Armor	477617543184496	477617543184497
5221	111232	Kantuna_PlateArmor_Armor	477737802268784	477737802268785
5222	111236	Lachian_PlateArmor_Armor	477754982137968	477754982137969
5223	111237	Lacata_PlateArmor_Armor	477759277105264	477759277105265
5224	111238	Eccanta_PlateArmor_Armor	477763572072560	477763572072561
5225	111239	Eclan_PlateArmor_Armor	477767867039856	477767867039857
5226	111240	Eclis_PlateArmor_Armor	477772162007152	477772162007153
5227	111246	Dunion_PlateArmor_Armor	477797931810928	477797931810929
5228	113525	Johannes_PlateArmor_Armor	487586162278512	487586162278513
5229	114630	Anti_Demeniss_Mueo_PlateArmor_Armor	492332101140592	492332101140593
5230	114633	Anti_Demeniss_Crail_PlateArmor_Armor	492344986042480	492344986042481
5231	2111019	Kantana_PlateArmor_Armor	9066757566234736	9066757566234737
5232	2111024	Amanta_PlateArmor_Armor	9066779041071216	9066779041071217
5233	2111025	Kakuta_PlateArmor_Armor	9066783336038512	9066783336038513
5234	2111026	Arcalu_PlateArmor_Armor	9066787631005808	9066787631005809
5235	2111059	Stole_PlateArmor_Armor	9066929364926576	9066929364926577
5236	2111061	Triali_PlateArmor_Armor	9066937954861168	9066937954861169
5237	2111092	Lickla_PlateArmor_Armor	9067071098847344	9067071098847345
5238	2111104	Lacusane_PlateArmor_Armor	9067122638454896	9067122638454897
5239	2111100	Marcs_PlateArmor_Armor	9067105458585712	9067105458585713
5240	2111101	Mant_PlateArmor_Armor	9067109753553008	9067109753553009
5241	2111114	Mark_PlateArmor_Armor	9067165588127856	9067165588127857
5242	2111115	Ticon_PlateArmor_Armor	9067169883095152	9067169883095153
5243	2111116	Tachan_PlateArmor_Armor	9067174178062448	9067174178062449
5244	2113191	Seodri_PlateArmor_Armor	9076086235201648	9076086235201649
5245	2600047	Raging_Tempests_Leader_PlateArmor_Armor	11167116833063024	11167116833063025
5246	1000138	BountyHunter_Plate_Armor	4295560001486960	4295560001486961
5247	1000048	BountyHunter_Plate_Armor_I	4295173454430320	4295173454430321
5248	1000069	BountyHunter_Plate_Armor_II	4295263648743536	4295263648743537
5249	1000099	BountyHunter_Plate_Armor_III	4295392497762416	4295392497762417
5250	2133056	Desert_Harrier_PlateArmor_Armor_II	9161405760536688	9161405760536689
5251	1001169	Desert_Harrier_PlateArmor_Armor_III	4299988112769136	4299988112769137
5252	1000322	Pirate_Vice_Captain_Armor	4296350275469424	4296350275469425
5253	1001180	Hymns_of_Dusk_PlateArmor_Armor_I	4300035357409392	4300035357409393
5254	1004370	Hymns_of_Dusk_PlateArmor_Armor_II	4313736303083632	4313736303083633
5255	1001403	Noble_Retainer_PlateArmor_Armor_I	4300993135116400	4300993135116401
5256	1001404	Noble_Retainer_PlateArmor_Armor_II	4300997430083696	4300997430083697
5257	1001405	Noble_Retainer_PlateArmor_Armor_III	4301001725050992	4301001725050993
5258	1001406	Noble_Retainer_PlateArmor_Armor_IV	4301006020018288	4301006020018289
5259	1001407	Noble_Retainer_PlateArmor_Armor_V	4301010314985584	4301010314985585
5260	1001408	Noble_Retainer_PlateArmor_Armor_VI	4301014609952880	4301014609952881
5261	1001409	Noble_Retainer_PlateArmor_Armor_VII	4301018904920176	4301018904920177
5262	1001410	Noble_Retainer_PlateArmor_Armor_VIII	4301023199887472	4301023199887473
5263	1001412	Noble_Retainer_PlateArmor_Armor_X	4301031789822064	4301031789822065
5264	1001414	Noble_Retainer_PlateArmor_Armor_XII	4301040379756656	4301040379756657
5265	1001415	Noble_Retainer_PlateArmor_Armor_XIII	4301044674723952	4301044674723953
5266	1002416	Noble_Retainer_PlateArmor_Armor_XIV	4305343936987248	4305343936987249
5267	1002636	Noble_Retainer_PlateArmor_Armor_XV	4306288829792368	4306288829792369
5268	1001946	Guardian_PlateArmor_Armor	4303325302358128	4303325302358129
5269	1002759	Twilight_Whistlers_PlateArmor_Armor_I	4306817110769776	4306817110769777
5270	1004371	Twilight_Whistlers_PlateArmor_Armor_IV	4313740598050928	4313740598050929
5271	2600049	Raging_Tempests_Leader_Plate_Boots	11167125422997616	11167125422997617
5272	1000101	BountyHunter_Plate_Boots	4295401087697008	4295401087697009
5273	1000365	Gladiator_Plate_Boots	4296534959063152	4296534959063153
5274	121057	Duemeniss_PlateArmor_Gloves	519935855951984	519935855951985
5275	124073	Witters_PlateArmor_Gloves	532889477316720	532889477316721
5276	121055	Lunther_PlateArmor_Gloves	519927266017392	519927266017393
5277	121065	Kebail_PlateArmor_Gloves	519970215690352	519970215690353
5278	121067	Weeren_PlateArmor_Gloves	519978805624944	519978805624945
5279	121068	Devinenne_PlateArmor_Gloves	519983100592240	519983100592241
5280	124076	Dragon_Knight_Archer_PlateArmor_Gloves	532902362218608	532902362218609
5281	1000100	BountyHunter_PlateArmor_Gloves_I	4295396792729712	4295396792729713
5282	1000167	Pirate_PlateArmor_Gloves	4295684555538544	4295684555538545
5283	1000168	Pirate_PlateArmor_Gloves_I	4295688850505840	4295688850505841
5284	1000191	Goblin_Merchant_PlateArmor_Gloves_I	4295787634753648	4295787634753649
5285	1000364	Gladiator_PlateArmor_Gloves_I	4296530664095856	4296530664095857
5286	1002740	Corvo_PlateArmor_Gloves_II	4306735506391152	4306735506391153
5287	1001181	Hymns_of_Dusk_PlateArmor_Gloves_I	4300039652376688	4300039652376689
5288	1001958	Greyfur_PlateArmor_Gloves_I	4303376841965680	4303376841965681
5289	14403	Raphtha_PlateArmor_Helm_I	61860413964400	61860413964401
5290	14404	Raphtha_PlateArmor_Helm_II	61864708931696	61864708931697
5291	1657061401	Raphtha_PlateArmor_Helm_III	7117024524758941808	7117024524758941809
5292	14407	Luconek_PlateArmor_Helm_I	61877593833584	61877593833585
5293	1933331018	Luconek_PlateArmor_Helm_II	8303593494652387440	8303593494652387441
5294	14412	Desert_Harrier_PlateArmor_Helm_V	61899068670064	61899068670065
5295	14413	Desert_Harrier_PlateArmor_Helm_VI	61903363637360	61903363637361
5296	1001756	Desert_Harrier_PlateArmor_Helm_VII	4302509258571888	4302509258571889
5297	101057	Inyr_PlateArmor_Helm	434036510031984	434036510031985
5298	101097	Laehbern_PlateArmor_Helm	434208308723824	434208308723825
5299	2101019	Lukran_PlateArmor_Helm	9023807893274736	9023807893274737
5300	2101025	Kayson_PlateArmor_Helm	9023833663078512	9023833663078513
5301	1483457479	Kayson_PlateArmor_Helm_I	6371401357311606896	6371401357311606897
5302	1000446	Kayson_PlateArmor_Helm_II	4296882851414128	4296882851414129
5303	2101039	Kahdet_PlateArmor_Helm	9023893792620656	9023893792620657
5304	101012	Bolton_PlateArmor_Helm	433843236503664	433843236503665
5305	1001527	Antony_PlateArmor_Helm	4301525711061104	4301525711061105
5306	101013	Frinyl_PlateArmor_Helm	433847531470960	433847531470961
5307	101015	Flynn_PlateArmor_Helm	433856121405552	433856121405553
5308	101016	Crudil_PlateArmor_Helm	433860416372848	433860416372849
5309	101031	Roderem_PlateArmor_Helm	433924840882288	433924840882289
5310	101034	Taos_PlateArmor_Helm	433937725784176	433937725784177
5311	101049	Lotas_PlateArmor_Helm	434002150293616	434002150293617
5312	1098923719	Lotas_PlateArmor_Helm_I	4719841433903693936	4719841433903693937
5313	101058	Luconek_PlateArmor_Helm	434040804999280	434040804999281
5314	101059	Calio_PlateArmor_Helm	434045099966576	434045099966577
5315	101062	Aspherd_PlateArmor_Helm	434057984868464	434057984868465
5316	101068	Lyfellen_PlateArmor_Helm	434083754672240	434083754672241
5317	101077	Rybee_PlateArmor_Helm	434122409377904	434122409377905
5318	1000220	Rybee_PlateArmor_Helm_I	4295912188805232	4295912188805233
5319	101098	Ophenber_PlateArmor_Helm	434212603691120	434212603691121
5320	101105	Ulrich_PlateArmor_Helm	434242668462192	434242668462193
5321	101109	Paijal_PlateArmor_Helm	434259848331376	434259848331377
5322	101113	Volghan_PlateArmor_Helm	434277028200560	434277028200561
5323	101115	Dongdegobi_PlateArmor_Helm	434285618135152	434285618135153
5324	101120	Casinian_PlateArmor_Helm	434307092971632	434307092971633
5325	101137	Jacktar_PlateArmor_Helm	434380107415664	434380107415665
5326	104120	Danid_PlateArmor_Helm	447191994859632	447191994859633
5327	2101003	Serrin_PlateArmor_Helm	9023739173798000	9023739173798001
5328	2101004	Matarion_PlateArmor_Helm	9023743468765296	9023743468765297
5329	2101020	Maydocs_PlateArmor_Helm	9023812188242032	9023812188242033
5330	2101022	Larksia_PlateArmor_Helm	9023820778176624	9023820778176625
5331	603466718	Larksia_PlateArmor_Helm_I	2591869818034454640	2591869818034454641
5332	2101023	Likua_PlateArmor_Helm	9023825073143920	9023825073143921
5333	826724264	Likua_PlateArmor_Helm_I	3550753676689670256	3550753676689670257
5334	2101026	Matiras_PlateArmor_Helm	9023837958045808	9023837958045809
5335	1471558076	Matiras_PlateArmor_Helm_I	6320293810584682608	6320293810584682609
5336	2101027	Mautey_PlateArmor_Helm	9023842253013104	9023842253013105
5337	2048616564	Mautey_PlateArmor_Helm_I	8798741144423891056	8798741144423891057
5338	2101028	Enratte_PlateArmor_Helm	9023846547980400	9023846547980401
5339	1697671129	Enratte_PlateArmor_Helm_I	7291441978418397296	7291441978418397297
5340	2101030	Astin_PlateArmor_Helm	9023855137914992	9023855137914993
5341	2101032	Maturah_PlateArmor_Helm	9023863727849584	9023863727849585
5342	2101036	Aant_PlateArmor_Helm	9023880907718768	9023880907718769
5343	2101038	Devinion_PlateArmor_Helm	9023889497653360	9023889497653361
5344	2133132	Parastis_PlateArmor_Helm	9161732178051184	9161732178051185
5345	2600048	Raging_Tempests_Leader_PlateArmor_Helm	11167121128030320	11167121128030321
5346	101112	Bayur_PlateArmor_Helm	434272733233264	434272733233265
5347	1000068	Binder_PlateArmor_Helm	4295259353776240	4295259353776241
5348	1000360	Mercenary_PlateArmor_Helm	4296513484226672	4296513484226673
5349	1000361	Mercenary_PlateArmor_Helm_I	4296517779193968	4296517779193969
5350	1000362	Mercenary_PlateArmor_Helm_II	4296522074161264	4296522074161265
5351	1000621	NeutralZone_PlateArmor_Helm	4297634470690928	4297634470690929
5352	1002360	Owls_of_the_Mist_PlateArmor_Helm_II	4305103418818672	4305103418818673
5353	114590	Scalaphynion_Fabric_Armor	492160302448752	492160302448753
5354	1000276	Scalaphynion_Fabric_Cloak	4296152706973808	4296152706973809
5355	134056	Reeddevil_Fabric_Boots	575766135832688	575766135832689
5356	124067	Reeddevil_Fabric_Gloves	532863707512944	532863707512945
5357	9401	Scalaphynion_Fabric_Helm	40376987549808	40376987549809
5358	2113206	Tychaon_Fabric_Armor	9076150659711088	9076150659711089
5359	9103	Tarif_Fabric_Armor	39097087295600	39097087295601
5360	1000319	OrcuMer_Fabric_Armor	4296337390567536	4296337390567537
5361	1000273	Tychaon_Fabric_Cloak	4296139822071920	4296139822071921
5362	1000275	Tarif_Fabric_Cloak	4296148412006512	4296148412006513
5363	9201	Tarif_Fabric_Boots	39517994090608	39517994090609
5364	1000472	OrcuMer_Fabric_Boots	4296994520563824	4296994520563825
5365	9302	Tarif_Fabric_Gloves	39951785787504	39951785787505
5366	1004882	OrcuMer_Fabric_Gloves_I	4315935326339184	4315935326339185
5367	104132	Chartian_Fabric_Helm	447243534467184	447243534467185
5368	1004430	Pinball_Fabric_Helm	4313994001121392	4313994001121393
5369	1165011	Optionary_Florin_Cloth	5003684144480368	5003684144480369
5370	2114095	Tartinan_Fabric_Armor	9079968885637232	9079968885637233
5371	114595	Heisellen_Fabric_Armor	492181777285232	492181777285233
5372	114354	Gael_Fabric_Armor	491146690166896	491146690166897
5373	111108	Schtump_Fabric_Armor	477205226324080	477205226324081
5374	1002134	Taorant_Fabric_Armor_II	4304132756209776	4304132756209777
5375	2114049	Bessenette_Fabric_Armor	9079771317141616	9079771317141617
5376	1000330	Tartinan_Fabric_Cloak	4296384635207792	4296384635207793
5377	1000279	Heisellen_Fabric_Cloak	4296165591875696	4296165591875697
5378	1000032	Florin_Fabric_Cloak	4295104734953584	4295104734953585
5379	1001940	Schtump_Fabric_Cloak	4303299532554352	4303299532554353
5380	1002135	Taorant_Fabric_Cloak	4304137051177072	4304137051177073
5381	1000203	Militia_Fabric_Cloak_I	4295839174361200	4295839174361201
5382	114606	Varantine_Fabric_Armor	492229021925488	492229021925489
5383	2114004	Arkhan_Fabric_Armor	9079578043613296	9079578043613297
5384	1000187	Goblin_Merchant_Fabric_Armor_Ⅳ	4295770454884464	4295770454884465
5385	1004780	Fighter_Fabric_Armor	4315497239674992	4315497239674993
5386	1000278	Varantine_Fabric_Cloak	4296161296908400	4296161296908401
5387	1000335	Scarecrow_Camouflage_Cloak	4296406110044272	4296406110044273
5388	134057	Abyss_Surreal_Human_Fabric_Boots	575770430799984	575770430799985
5389	1000341	Raccoon_Fabric_Helm	4296431879848048	4296431879848049
5390	2133137	Ziggurat_Fabric_Helm	9161753652887664	9161753652887665
5391	1000263	Straw_Fabric_Helm	4296096872398960	4296096872398961
5392	1003769	Lavrak_Fabric_Helm	4311155027738736	4311155027738737
5393	104139	Derish_Fabric_Helm	447273599238256	447273599238257
5394	104028	Luconek_Fabric_Helm	446796857868400	446796857868401
5395	1003770	Rivelorn_Fabric_Helm	4311159322706032	4311159322706033
5396	104015	Lardein_Fabric_Helm	446741023293552	446741023293553
5397	1000127	Demian_Fabric_Cloak_I	4295512756846704	4295512756846705
5398	1001259	Demian_Fabric_Cloak_II	4300374659825776	4300374659825777
5399	1001131	Demian_Fabric_Cloak_III	4299824904011888	4299824904011889
5400	1001133	Demian_Fabric_Cloak_IV	4299833493946480	4299833493946481
5401	1002800	Demian_Greyfur_Fabric_Cloak	4306993204428912	4306993204428913
5402	123320	Lacklean_Fabric_Gloves	529655366942832	529655366942833
5403	1004800	Sermena_Fabric_Armor	4315583139020912	4315583139020913
5404	1004801	Rovenia_Fabric_Armor	4315587433988208	4315587433988209
5405	1004804	Rivenheim_Fabric_Armor	4315600318890096	4315600318890097
5406	1004805	Duskmoon_Fabric_Armor	4315604613857392	4315604613857393
5407	12217	Ludvic_Leather_Armor	52471615455344	52471615455345
5408	1000289	Ludvic_Leather_Cloak	4296208541548656	4296208541548657
5409	1000293	Hemon_Vindel_Leather_Cloak	4296225721417840	4296225721417841
5410	1000270	Douglas_Leather_Cloak	4296126937170032	4296126937170033
5411	1004632	Tarandus_PlateArmor_Cloak	4314861584515184	4314861584515185
5412	133348	Bainian_Leather_Boots	572725298987120	572725298987121
5413	133164	Tarandus_Leather_Boots	571935025004656	571935025004657
5414	1003223	White_Crocodile_Leather_Gloves	4308809975595120	4308809975595121
5415	12408	Ludvic_Leather_Gloves	53291954208880	53291954208881
5416	12407	Scalaphynion_Leather_Gloves	53287659241584	53287659241585
5417	103023	Deer_King_Leather_Helm	442480415735920	442480415735921
5418	113561	Deerking_Leather_Armor	487740781101168	487740781101169
5419	2113218	Hemon_Vindel_Leather_Armor	9076202199318640	9076202199318641
5420	113023	Douglas_Leather_Armor	485430088695920	485430088695921
5421	1000290	Deerking_Leather_Cloak	4296212836515952	4296212836515953
5422	12306	Ludvic_Leather_Boots	52853867544688	52853867544689
5423	133178	Londel_Leather_Boots	571995154546800	571995154546801
5424	12412	Carta_Leather_Gloves	53309134078064	53309134078065
5425	12406	Douglas_Leather_Gloves	53283364274288	53283364274289
5426	123279	Tikan_Leather_Gloves	529479273283696	529479273283697
5427	121050	Mercenary_Gloves	519905791180912	519905791180913
5428	1000005	Legendary_Deer_Leather_Gloves	4294988770836592	4294988770836593
5429	114623	Abyss_Surreal_Human_Leather_Armor	492302036369520	492302036369521
5430	12218	Hailbrin_Leather_Armor	52475910422640	52475910422641
5431	113742	Reeddevil_Leather_Armor	488518170181744	488518170181745
5432	1163551	Paulus_Basic_Leather_Armor	4997413492228208	4997413492228209
5433	111050	Mercenary_Leather_Armor	476956118220912	476956118220913
5434	114624	Abyss_Surreal_Wolf_Leather_Armor	492306331336816	492306331336817
5435	2113196	Ruschar_Leather_Armor	9076107710038128	9076107710038129
5436	1004810	LoneBomb_Leather_Armor	4315626088693872	4315626088693873
5437	1004811	OakBarrel_Mimic_Leather_Armor	4315630383661168	4315630383661169
5438	1004812	Blacksmith_Leather_Armor	4315634678628464	4315634678628465
5439	1004821	Stein_Leather_Armor	4315673333334128	4315673333334129
5440	1000291	Hailbrin_Leather_Cloak	4296217131483248	4296217131483249
5441	1000292	Reeddevil_Leather_Cloak	4296221426450544	4296221426450545
5442	1000342	Paulus_Basic_Leather_cloak	4296436174815344	4296436174815345
5443	1000294	Mercenary_Leather_Cloak	4296230016385136	4296230016385137
5444	133076	Paulus_Leather_Boots	571557067882608	571557067882609
5445	133192	Pavis_Leather_Boots	572055284088944	572055284088945
5446	2133023	Diorness_Leather_Boots	9161264026615920	9161264026615921
5447	133172	Stugrub_Leather_Boots	571969384743024	571969384743025
5448	133011	Hailbrin_Leather_Boots	571277895008368	571277895008369
5449	2131008	Nickna_Leather_Boots	9152609667514480	9152609667514481
5450	133097	Cardion_Leather_Boots	571647262195824	571647262195825
5451	133237	Isilon_Leather_Boots	572248557617264	572248557617265
5452	12410	Hailbrin_Leather_Gloves	53300544143472	53300544143473
5453	123240	Volghan_Leather_Gloves	529311769559152	529311769559153
5454	123329	Srasika_Leather_Gloves	529694021648496	529694021648497
5455	2133150	Lyfellen_Leather_Gloves	9161809487462512	9161809487462513
5456	1000438	Wyvern_Leather_Helm	4296848491675760	4296848491675761
5457	1000509	Regglin_Boss_Helm	4297153434353776	4297153434353777
5458	1000474	Orcumer_Helm	4297003110498416	4297003110498417
5459	1002270	Delegation_Leather_Helm	4304716871762032	4304716871762033
5460	1000344	WhiteHorn_Leather_Helm	4296444764749936	4296444764749937
5461	12219	Weasel_Leather_Armor	52480205389936	52480205389937
5462	1000882	Deshret_Leather_Armor	4298755457155184	4298755457155185
5463	1163051	Yann_Basic_Leather_Armor	4995266008580208	4995266008580209
5464	12205	Bildain_Leather_Armor_I	52420075847792	52420075847793
5465	2113205	Wurten_Leather_Armor	9076146364743792	9076146364743793
5466	113717	Huskall_Leather_Armor	488410795999344	488410795999345
5467	1000295	Weasel_Leather_Cloak	4296234311352432	4296234311352433
5468	1003284	Iguana_Rider_Leather_Cloak_III	4309071968600176	4309071968600177
5469	1004605	Yann_Basic_Leather_Cloak	4314745620398192	4314745620398193
5470	131050	Mercenary_Leather_Boots	562855464140912	562855464140913
5471	12309	Weasel_Leather_Boots	52866752446576	52866752446577
5472	133044	Rhonda_Leather_Boots	571419628929136	571419628929137
5473	133121	Woodbrock_Leather_Boots	571750341410928	571750341410929
5474	133203	Lascaux_Leather_Boots	572102528729200	572102528729201
5475	133117	Nakmore_Leather_Boots	571733161541744	571733161541745
5476	133269	Tirtit_Leather_Boots	572385996570736	572385996570737
5477	133201	Dutrat_Leather_Boots	572093938794608	572093938794609
5478	133043	Tesslit_Leather_Boots	571415333961840	571415333961841
5479	2133059	Desert_Harrier_Leather_Boots_I	9161418645438576	9161418645438577
5480	2133045	Atanti_Leather_Boots	9161358515896432	9161358515896433
5481	133034	Gallophelt_Leather_Boots	571376679256176	571376679256177
5482	123041	Tesslit_Leather_Gloves	528457071067248	528457071067249
5483	12414	Volruin_Leather_Gloves	53317724012656	53317724012657
5484	12411	Weasel_Leather_Gloves	53304839110768	53304839110769
5485	123137	Paulus_Leather_Gloves	528869387927664	528869387927665
5486	124071	Antumbra_Leather_Gloves	532880887382128	532880887382129
5487	123370	Dallaban_Leather_Gloves	529870115307632	529870115307633
5488	123324	Triroan_Leather_Gloves	529672546812016	529672546812017
5489	103094	Ledcy_Leather_Helm	442785358413936	442785358413937
5490	113672	Marthana_Leather_Armor	488217522471024	488217522471025
5491	2113210	Doventry_Leather_Armor	9076167839580272	9076167839580273
5492	1163044	Inytium_Leather_Armor	4995235943809136	4995235943809137
5493	1000078	BountyHunter_Leather_Armor_III	4295302303449200	4295302303449201
5494	1000348	GraveRobber_Leather_Armor_IV	4296461944619120	4296461944619121
5495	1000297	Abyss_Surreal_Wolf_Leather_Cloak	4296242901287024	4296242901287025
5496	1000296	Inytium_Leather_Cloak	4296238606319728	4296238606319729
5497	12311	Hernand_Party_Leather_Boots	52875342381168	52875342381169
5498	12312	Optionary_Beekeeping_Leather_Boots	52879637348464	52879637348465
5499	133346	Sein_Leather_Boots	572716709052528	572716709052529
5500	133009	Volruin_Leather_Boots	571269305073776	571269305073777
5501	1163046	Inytium_Leather_Boots	4995244533743728	4995244533743729
5502	12413	Optionary_Beekeeping_Leather_Gloves	53313429045360	53313429045361
5503	124069	Abyss_Surreal_Wolf_Leather_Gloves	532872297447536	532872297447537
5504	123036	Melvin_Leather_Gloves	528435596230768	528435596230769
5505	1163045	Inytium_Leather_Gloves	4995240238776432	4995240238776433
5506	104175	Abyss_Surreal_Wolf_Leather_Helm	447428218060912	447428218060913
5507	104176	Abyss_Surreal_Human_Leather_Helm	447432513028208	447432513028209
5508	1000264	Goblin_Pumpkin_Helm_I	4296101167366256	4296101167366257
5509	1003771	Vorren_Leather_Helm	4311163617673328	4311163617673329
5510	1163251	Oongka_Basic_Leather_Armor	4996125002039408	4996125002039409
5511	1000678	Oongka_Basic_Leather_Cloak	4297879283826800	4297879283826801
5512	1002101	Oongka_Basic_Leather_Gloves	4303991022289008	4303991022289009
5513	133072	Langust_Leather_Boots	571539888013424	571539888013425
5514	113460	Demian_Leather_Armor_III	487306989404272	487306989404273
5515	1000884	Demian_Leather_Armor_V	4298764047089776	4298764047089777
5516	1000892	Demian_Leather_Armor_VI	4298798406828144	4298798406828145
5517	1004802	Bellania_Leather_Armor	4315591728955504	4315591728955505
5518	1000885	Demian_Leather_Cloak_I	4298768342057072	4298768342057073
5519	1000893	Demian_Leather_Cloak_II	4298802701795440	4298802701795441
5520	2600036	DamianOnly_Leather_Boots_III	11167069588422768	11167069588422769
5521	1000012	DamianOnly_Leather_Boots_V	4295018835607664	4295018835607665
5522	1000895	DamianOnly_Leather_Boots_VI	4298811291730032	4298811291730033
5523	1000010	Demian_Leather_Gloves_I	4295010245673072	4295010245673073
5524	1000894	Demian_Leather_Gloves_IV	4298806996762736	4298806996762737
5525	1000008	Demian_Leather_Armor_IV	4295001655738480	4295001655738481
5526	1000011	DamianOnly_Leather_Boots_IV	4295014540640368	4295014540640369
5527	1000107	Demian_Leather_Gloves_III	4295426857500784	4295426857500785
5528	1001559	Damian_Demeniss_Uniform_Leather_Armor	4301663150014576	4301663150014577
5529	1163781	Nairah_Basic_Leather_Armor	4998401334706288	4998401334706289
5530	1004604	Nairah_Basic_Leather_Cloak	4314741325430896	4314741325430897
5531	1001579	Damian_Demeniss_Uniform_Leather_Boots	4301749049360496	4301749049360497
5532	1163785	Nairah_Leather_Boots	4998418514575472	4998418514575473
5533	1163784	Nairah_Leather_Gloves	4998414219608176	4998414219608177
5534	1000009	Demian_Leather_Armor	4295005950705776	4295005950705777
5535	1001532	Damian_Demeniss_Elite_Uniform_Leather_Armor	4301547185897584	4301547185897585
5536	2133099	Light_Arrowhead_Leather_Armor_III	9161590444130416	9161590444130417
5537	1000679	Demian_Leather_Cloak	4297883578794096	4297883578794097
5538	1001560	Damian_Demeniss_Uniform_Leather_Cloak	4301667444981872	4301667444981873
5539	1000031	DamianOnly_Leather_Boots_VII	4295100439986288	4295100439986289
5540	133128	Meadows_Leather_Boots	571780406182000	571780406182001
5541	1000108	DamianOnly_Leather_Boots_II	4295431152468080	4295431152468081
5542	1001557	Damian_Demeniss_Elite_Uniform_Leather_Boots	4301654560079984	4301654560079985
5543	1000043	Demian_Leather_Gloves_II	4295151979593840	4295151979593841
5544	1002297	Damian_Demeniss_Uniform_Leather_Gloves	4304832835879024	4304832835879025
5545	14109	Legendary_MarniGolem_Plate_Armor	60597693579376	60597693579377
5546	1000057	Samuel_PlateArmor_Armor	4295212109135984	4295212109135985
5547	111253	Golden_PlateArmor_Armor	477827996582000	477827996582001
5548	111039	Tarandus_PlateArmor_Armor	476908873580656	476908873580657
5549	1000299	Legendary_MarniGolem_Plate_Cloak	4296251491221616	4296251491221617
5550	1000310	Samuel_PlateArmor_Cloak	4296298735861872	4296298735861873
5551	1000301	Golden_PlateArmor_Cloak	4296260081156208	4296260081156209
5552	131046	Deerking_Plate_Boots	562838284271728	562838284271729
5553	1000059	Samuel_Plate_Boots	4295220699070576	4295220699070577
5554	131002	Gaeljude_Plate_Boots	562649305710704	562649305710705
5555	1000900	Legendary_MarniGolem_Plate_Boots	4298832766566512	4298832766566513
5556	14304	Legendary_Orc_Plate_Glove	61435212202096	61435212202097
5557	14305	Oongka_Plate_Glove	61439507169392	61439507169393
5558	1000058	Samuel_PlateArmor_Gloves	4295216404103280	4295216404103281
5559	121071	Gaeljude_PlateArmor_Gloves	519995985494128	519995985494129
5560	121025	Tarandus_PlateArmor_Gloves	519798416998512	519798416998513
5561	14415	CrowMan_PlateArmor_Helm	61911953571952	61911953571953
5562	1000906	Golden_PlateArmor_Helm	4298858536370288	4298858536370289
5563	101046	Tarandus_PlateArmor_Helm	433989265391728	433989265391729
5564	1004879	DeerKing_Crown_Helm	4315922441437296	4315922441437297
5565	111214	Carta_PlateArmor_Armor	477660492857456	477660492857457
5566	111257	Corvo_PlateArmor_Armor	477845176451184	477845176451185
5567	14101	Redknight_PlateArmor_Armor	60563333841008	60563333841009
5568	114521	Vdure_ChainMail_Armor	491863949705328	491863949705329
5569	8700	Redsentinel_ChainMail_Armor	37366215475312	37366215475313
5570	2111099	Makan_PlateArmor_Armor	9067101163618416	9067101163618417
5571	1000225	DarknessKing_PlateArmor_Armor	4295933663641712	4295933663641713
5572	1004047	Valteon_PlateArmor_Armor	4312349028647024	4312349028647025
5573	1000268	Vdure_ChainMail_Cloak	4296118347235440	4296118347235441
5574	1000287	Redsentinel_ChainMail_Cloak	4296199951614064	4296199951614065
5575	1000300	Paphneil_PlateArmor_Cloak	4296255786188912	4296255786188913
5576	1000311	Corvo_PlateArmor_Cloak	4296303030829168	4296303030829169
5577	1000315	Redknight_PlateArmor_Cloak	4296320210698352	4296320210698353
5578	1000306	Makan_PlateArmor_Cloak	4296281555992688	4296281555992689
5579	1000383	DarknessKing_PlateArmor_Cloak	4296612268474480	4296612268474481
5580	131040	Dueblone_Plated_Boots	562812514467952	562812514467953
5581	14202	Skull_Knight_Plate_Boots	60997125537904	60997125537905
5582	1000382	DarknessKing_PlateArmor_Boots	4296607973507184	4296607973507185
5583	121081	Deerking_PlateArmor_Gloves	520038935167088	520038935167089
5584	121026	Londel_PlateArmor_Gloves	519802711965808	519802711965809
5585	1000381	DarknessKing_PlateArmor_Gloves	4296603678539888	4296603678539889
5586	14301	Redknight_PlateArmor_Gloves	61422327300208	61422327300209
5587	14302	Redsentinel_PlateArmor_Gloves	61426622267504	61426622267505
5588	121069	Corvo_PlateArmor_Gloves	519987395559536	519987395559537
5589	124074	Commander_PlateArmor_Gloves	532893772284016	532893772284017
5590	1004048	Valteon_PlateArmor_Gloves	4312353323614320	4312353323614321
5591	14401	Redknight_PlateArmor_Helm	61851824029808	61851824029809
5592	14416	SkullKnight_PlateArmor_Helm	61916248539248	61916248539249
5593	14405	Redsentinel_PlateArmor_Helm	61869003898992	61869003898993
5594	101078	Endour_PlateArmor_Helm	434126704345200	434126704345201
5595	103029	Duratti_PlateArmor_Helm	442506185539696	442506185539697
5596	2101011	Witters_PlateArmor_Helm	9023773533536368	9023773533536369
5597	1004408	MarniKnight_PlateArmor_Helm	4313899511840880	4313899511840881
5598	1002092	Bessenette_PlateArmor_Helm	4303952367583344	4303952367583345
5599	1164512	Lyfellen_ChainMail_Armor	5001540955799664	5001540955799665
5600	1000052	OrcuMer_PlateArmor_Armor	4295190634299504	4295190634299505
5601	2111053	Luon_PlateArmor_Armor	9066903595122800	9066903595122801
5602	1000839	Bastion_PlateArmor_Armor	4298570773561456	4298570773561457
5603	111254	Silver_PlateArmor_Armor	477832291549296	477832291549297
5604	1000305	king_LostPeople_PlateArmor_Cloak	4296277261025392	4296277261025393
5605	1000285	Lyfellen_ChainMail_Cloak	4296191361679472	4296191361679473
5606	1002283	OrcuMer_PlateArmor_Cloak	4304772706336880	4304772706336881
5607	1000818	Luon_PlateArmor_Cloak	4298480579248240	4298480579248241
5608	1004631	Bastion_PlateArmor_Cloak	4314857289547888	4314857289547889
5609	1000302	Silver_PlateArmor_Cloak	4296264376123504	4296264376123505
5610	14201	Redknight_Plate_Boots	60992830570608	60992830570609
5611	131007	Ladete_Plate_Boots	562670780547184	562670780547185
5612	131001	Lekia_Plate_Boots	562645010743408	562645010743409
5613	1001328	Titan_Plate_Boots	4300671012569200	4300671012569201
5614	12307	Carta_Plated_Boots	52858162511984	52858162511985
5615	131041	Gamelot_Plate_Boots	562816809435248	562816809435249
5616	1000054	OrcuMer_Plate_Boots	4295199224234096	4295199224234097
5617	1163503	Luon_Plate_Boots	4997207333798000	4997207333798001
5618	131039	Cigrymon_Plate_Boots	562808219500656	562808219500657
5619	121017	Skull_Knight_PlateArmor_Gloves	519764057260144	519764057260145
5620	1001327	Titan_PlateArmor_Gloves	4300666717601904	4300666717601905
5621	2133058	Desert_Harrier_PlateArmor_Gloves	9161414350471280	9161414350471281
5622	1000053	OrcuMer_PlateArmor_Gloves	4295194929266800	4295194929266801
5623	121054	Luon_PlateArmor_Gloves	519922971050096	519922971050097
5624	121060	Iytis_PlateArmor_Gloves	519948740853872	519948740853873
5625	101138	Tarchet_PlateArmor_Helm	434384402382960	434384402382961
5626	101090	Madacus_PlateArmor_Helm	434178243952752	434178243952753
5627	101056	Londel_PlateArmor_Helm	434032215064688	434032215064689
5628	14417	Carta_PlateArmor_Helm	61920543506544	61920543506545
5629	101008	Entura_PlateArmor_Helm	433826056634480	433826056634481
5630	1001325	Titan_PlateArmor_Helm	4300658127667312	4300658127667313
5631	101117	Tarbal_PlateArmor_Helm	434294208069744	434294208069745
5632	1000051	OrcuMer_PlateArmor_Helm	4295186339332208	4295186339332209
5633	2101010	Luon_PlateArmor_Helm	9023769238569072	9023769238569073
5634	1004772	Trust_PlateArmor_Helm	4315462879936624	4315462879936625
5635	1004773	Wildness_PlateArmor_Helm	4315467174903920	4315467174903921
5636	1004774	Tenacity_PlateArmor_Helm	4315471469871216	4315471469871217
5637	101003	Dragon_Slayer_Ohyoon_PlateArmor_Helm	433804581798000	433804581798001
5638	1000040	Bopet_PlateArmor_Helm	4295139094691952	4295139094691953
5639	113696	Pitspec_PlateArmor_Armor	488320601686128	488320601686129
5640	2111103	Canta_PlateArmor_Armor	9067118343487600	9067118343487601
5641	1004883	Redleader_PlateArmor_Armor_I	4315939621306480	4315939621306481
5642	1000312	Pitspec_PlateArmor_Cloak	4296307325796464	4296307325796465
5643	1000313	Canta_PlateArmor_Cloak	4296311620763760	4296311620763761
5644	131022	Chelcia_Plate_Boots	562735205056624	562735205056625
5645	131042	Reinbaldt_Plate_Boots	562821104402544	562821104402545
5646	131013	Grace_Plate_Boots	562696550350960	562696550350961
5647	121013	Keredig_PlateArmor_Gloves	519746877390960	519746877390961
5648	121042	Pyinca_PlateArmor_Gloves	519871431442544	519871431442545
5649	121043	Parmen_PlateArmor_Gloves	519875726409840	519875726409841
5650	2101033	Lauqus_PlateArmor_Helm	9023868022816880	9023868022816881
5651	101122	Luknian_PlateArmor_Helm	434315682906224	434315682906225
5652	2101021	Duemeniss_PlateArmor_Helm	9023816483209328	9023816483209329
5653	101011	Pycian_PlateArmor_Helm	433838941536368	433838941536369
5654	1000732	Beltran_PlateArmor_Helm	4298111212060784	4298111212060785
5655	101001	Lekia_PlateArmor_Helm	433795991863408	433795991863409
5656	1004775	Silencer_PlateArmor_Helm	4315475764838512	4315475764838513
5657	14402	Redleader_PlateArmor_Helm	61856118997104	61856118997105
5658	121070	Goloduan_PlateArmor_Gloves	519991690526832	519991690526833
5659	2101016	Mortain_PlateArmor_Helm	9023795008372848	9023795008372849
5660	1001810	Hartman_PlateArmor_Helm	4302741186805872	4302741186805873
5661	101014	Grace_PlateArmor_Helm	433851826438256	433851826438257
5662	1004776	Steelmaw_PlateArmor_Helm	4315480059805808	4315480059805809
5663	1000953	Oongka_PlateArmor_Armor_II	4299060399833200	4299060399833201
5664	1000981	Oongka_PlateArmor_Cloak_II	4299180658917488	4299180658917489
5665	131023	Ashad_PlateArmor_Boots	562739500023920	562739500023921
5666	131024	Solas_PlateArmor_Boots	562743794991216	562743794991217
5667	1000872	Oongka_PlateArmor_Boots_II	4298712507482224	4298712507482225
5668	1000985	Oongka_PlateArmor_Gloves_II	4299197838786672	4299197838786673
5669	1000992	Oongka_PlateArmor_Helm_II	4299227903557744	4299227903557745
5670	111168	Ashad_PlateArmor_Armor	477462924361840	477462924361841
5671	111169	Solas_PlateArmor_Armor	477467219329136	477467219329137
5672	1000978	Oongka_PlateArmor_Armor_III	4299167774015600	4299167774015601
5673	1000681	Ashad_PlateArmor_Cloak	4297892168728688	4297892168728689
5674	1000682	Solas_PlateArmor_Cloak	4297896463695984	4297896463695985
5675	1000982	Oongka_PlateArmor_Cloak_III	4299184953884784	4299184953884785
5676	121033	Ashad_PlateArmor_Gloves	519832776736880	519832776736881
5677	121034	Solas_PlateArmor_Gloves	519837071704176	519837071704177
5678	1000840	Solas_PlateArmor_Gloves_I	4298575068528752	4298575068528753
5679	1000987	Oongka_PlateArmor_Gloves_III	4299206428721264	4299206428721265
5680	1000874	Oongka_PlateArmor_Boots_III	4298721097416816	4298721097416817
5681	101101	Ashad_PlateArmor_Helm	434225488593008	434225488593009
5682	101102	Solas_PlateArmor_Helm	434229783560304	434229783560305
5683	1000993	Oongka_PlateArmor_Helm_III	4299232198525040	4299232198525041
5684	2600012	Demian_PlateArmor_Armor_II	11166966509207664	11166966509207665
5685	1000685	Demian_PlateArmor_Cloak_III	4297909348597872	4297909348597873
5686	2600032	Demian_PlateArmor_Gloves_II	11167052408553584	11167052408553585
5687	2600043	Demian_PlateArmor_Gloves_IV	11167099653193840	11167099653193841
5688	2600030	Demian_PlateArmor_Gloves_III	11167043818618992	11167043818618993
5689	1000886	Demian_PlateArmor_Gloves_VI	4298772637024368	4298772637024369
5690	1000805	Demian_PlateArmor_Helm_VIII	4298424744673392	4298424744673393
5691	2600045	Demian_PlateArmor_Helm_IV	11167108243128432	11167108243128433
5692	1000769	Demian_PlateArmor_Helm_VI	4298270125850736	4298270125850737
5693	1000891	Demian_PlateArmor_Helm_XIII	4298794111860848	4298794111860849
5694	1000255	Demian_Plate_Boots_VI	4296062512660592	4296062512660593
5695	1000111	Demian_Pure_White_Plate_Boots_II	4295444037369968	4295444037369969
5696	2600046	Demian_Plate_Boots_III	11167112538095728	11167112538095729
5697	1000887	Demian_Plate_Boots_IV	4298776931991664	4298776931991665
5698	1000013	Demian_PlateArmor_Armor_VI	4295023130574960	4295023130574961
5699	1000686	Demian_PlateArmor_Cloak_V	4297913643565168	4297913643565169
5700	14300	Demian_PlateArmor_Gloves_V	61418032332912	61418032332913
5701	14400	Demian_PlateArmor_Helm_V	61847529062512	61847529062513
5702	2600019	Demian_PlateArmor_Helm_I	11166996573978736	11166996573978737
5703	1000802	Demian_PlateArmor_Helm_VII	4298411859771504	4298411859771505
5704	1000842	Demian_PlateArmor_Helm_XI	4298583658463344	4298583658463345
5705	1000110	Demian_Pure_White_Plate_Boots_I	4295439742402672	4295439742402673
5706	14200	Demian_Plate_Boots_V	60988535603312	60988535603313
5707	1002760	Twilight_Whistlers_PlateArmor_Armor_III	4306821405737072	4306821405737073
5708	1004803	Frenoa_PlateArmor_Armor	4315596023922800	4315596023922801
5709	2600031	Demian_PlateArmor_Gloves_I	11167048113586288	11167048113586289
5710	1004201	TheFaceless_Helm	4313010453610608	4313010453610609
5711	1001326	Titan_PlateArmor_Armor	4300662422634608	4300662422634609
5712	111249	Paphneil_PlateArmor_Armor	477810816712816	477810816712817
5713	111005	king_LostPeople_PlateArmor_Armor	476762844692592	476762844692593
5714	1164002	Optionary_Beekeeping_Cloth	4999350522478704	4999350522478705
5715	1000246	Riding_Fabric_Armor	4296023857954928	4296023857954929
5716	2062522806	Kurinan_PlateArmor_Armor_I	8858467999024152688	8858467999024152689
5717	2133055	Desert_Harrier_PlateArmor_Armor_I	9161401465569392	9161401465569393
5718	1002761	Twilight_Whistlers_PlateArmor_Armor_II	4306825700704368	4306825700704369
5719	1001402	Noble_Retainer_PlateArmor_Armor	4300988840149104	4300988840149105
5720	1001413	Noble_Retainer_PlateArmor_Armor_XI	4301036084789360	4301036084789361
5721	111187	Lower_ChainMail_Armor	477544528740464	477544528740465
5722	2133205	Optionary_Ent_Cloth	9162045710663792	9162045710663793
5723	1163809	Optionary_Demeniss_Spy_Cloth	4998521593790576	4998521593790577
5724	1002358	Owls_of_the_Mist_Leahter_Armor_V	4305094828884080	4305094828884081
5725	113524	Harald_Leather_Armor	487581867311216	487581867311217
5726	114640	Optionary_Bleed_Fabric_Armor	492375050813552	492375050813553
5727	1002282	Deer_King_Follower_Leather_Armor_VI	4304768411369584	4304768411369585
5728	1163002	Optionary_Hernand_Party_Cloth	4995055555182704	4995055555182705
5729	2113163	Tibbletanus_Leather_Armor	9075965976117360	9075965976117361
5730	2133173	North_Mercenary_Leather_Armor_II	9161908271710320	9161908271710321
5731	2133101	Light_Arrowhead_Leather_Armor_V	9161599034065008	9161599034065009
5732	111151	Bayur_Fabric_Armor	477389909917808	477389909917809
5733	1001177	Hymns_of_Dusk_Fabric_Armor_I	4300022472507504	4300022472507505
5734	114300	Wintharden_Fabric_Armor	490914761932912	490914761932913
5735	1000164	Pirate_Fabric_Armor_II	4295671670636656	4295671670636657
5736	1000179	Wolf_Pursuer_Fabric_Armor	4295736095146096	4295736095146097
5737	114326	Tokart_Fabric_Armor	491026431082608	491026431082609
5738	1002268	Laviren_Fabric_Armor_1	4304708281827440	4304708281827441
5739	1165010	Optionary_Scholar_Stone_Cloth	5003679849513072	5003679849513073
5740	1000021	Optionary_Monk_Cloth	4295057490313328	4295057490313329
5741	1001400	Marni_Laser_Helm	4300980250214512	4300980250214513
5742	1000380	DarknessKing_PlateArmor_Helm	4296599383572592	4296599383572593
5743	1001236	Scouter_HP_PlateArmor_Helm	4300275875577968	4300275875577969
5744	1000771	Pirate_King_Leather_Helm	4298278715785328	4298278715785329
5745	1000143	Miner_PlateArmor_Helm	4295581476323440	4295581476323441
5746	1000236	Heat_PlateArmor_Helm	4295980908281968	4295980908281969
5747	1002122	Card_Vision_Helm	4304081216602224	4304081216602225
5748	2133182	Hyena_Leather_Helm	9161946926415984	9161946926415985
5749	1000221	Gadget_Fabric_Helm	4295916483772528	4295916483772529
5750	1001184	Chicken_Helm	4300052537278576	4300052537278577
5751	1000073	Gas_Mask_Helm_I	4295280828612720	4295280828612721
5752	1000247	riding_Leather_Helm	4296028152922224	4296028152922225
5753	2133193	Crude_Devil_Mask	9161994171056240	9161994171056241
5754	1001258	Catfish_Helm	4300370364858480	4300370364858481
5755	1000007	Optionary_Desert_Plunderer_Helmet	4294997360771184	4294997360771185
5756	1002768	Braxen_PlateArmor_Helm	4306855765475440	4306855765475441
5757	101111	Arghai_PlateArmor_Helm	434268438265968	434268438265969
5758	101048	ReiGhis_PlateArmor_Helm	433997855326320	433997855326321
5759	1000624	Twilight_Whistlers_PlateArmor_Helm_II	4297647355592816	4297647355592817
5760	1001951	Owls_of_the_Mist_PlateArmor_Helm	4303346777194608	4303346777194609
5761	1003211	Dewhaven_PlateArmor_Helm	4308758435987568	4308758435987569
5762	101009	Makutan_PlateArmor_Helm	433830351601776	433830351601777
5763	1001927	Flame_Knights_PlateArmor_Helm	4303243697979504	4303243697979505
5764	1918672776	Brimstone_Leather_Helm_I	8240636824645533808	8240636824645533809
5765	1002484	Valoric_PlateArmor_Helm	4305635994763376	4305635994763377
5766	1002143	Flame_Knights_PlateArmor_Helm_I	4304171410915440	4304171410915441
5767	12506	Legendary_WhiteWolf_Leather_Helm	53712861003888	53712861003889
5768	1002505	White_Bear_Leather_Helm	4305726189076592	4305726189076593
5769	14500	Wolf_Chief_Leather_Helm	62277025792112	62277025792113
5770	14501	Bear_Chief_Leather_Helm	62281320759408	62281320759409
5771	101053	Beoneck_Leather_Helm	434019330162800	434019330162801
5772	1000340	Deer_King_Follower_Leather_Helm	4296427584880752	4296427584880753
5773	14507	Brimstone_Leather_Helm	62307090563184	62307090563185
5774	333963940	Drug_Leather_Helm	1434364200343306352	1434364200343306353
5775	1000349	Jackal_Leather_Helm	4296466239586416	4296466239586417
5776	2133151	Natural_Enemy_Mask	9161813782429808	9161813782429809
5777	2133206	Optionary_Ent_Helm	9162050005631088	9162050005631089
5778	1000200	Wolf_Pursuer_Fabric_Helm	4295826289459312	4295826289459313
5779	9402	Volcker_Fabric_Helm	40381282517104	40381282517105
5780	104106	Sirius_Barley_Fabric_Helm	447131865317488	447131865317489
5781	1001949	Muscan_PlateArmor_Gloves	4303338187260016	4303338187260017
5782	1001009	Gadget_Gloves	4299300918001776	4299300918001777
5783	1001250	ThiefGloves	4300336005120112	4300336005120113
5784	1001300	PowerDraw_Gloves	4300550753484912	4300550753484913
5785	2133190	Protect_Electric_Leather_Gloves	9161981286154352	9161981286154353
5786	1001000	Optionary_NonSlip_Gloves	4299262263296112	4299262263296113
5787	1000248	riding_Leather_Gloves	4296032447889520	4296032447889521
5788	2133207	Optionary_Ent_Gloves	9162054300598384	9162054300598385
5789	1000259	WaterSliding_Plate_Boots	4296079692529776	4296079692529777
5790	1001199	Colossus_Boots	4300116961788016	4300116961788017
5791	2131006	IncreaseSwimmingSpeed_Plate_Boots	9152601077579888	9152601077579889
5792	1000181	Wolf_Pursuer_Leather_Boots	4295744685080688	4295744685080689
5793	1001191	Fire_Boots	4300082602049648	4300082602049649
5794	1000074	Riesi_Boots	4295285123580016	4295285123580017
5795	1001145	Optionary_NonSlip_Boots	4299885033554032	4299885033554033
5796	1000249	riding_Leather_Boots	4296036742856816	4296036742856817
5797	1001296	Robbery_Boots	4300533573615728	4300533573615729
5798	2133208	Optionary_Ent_Boots	9162058595565680	9162058595565681
5799	133020	Volcker_Leather_Boots	571316549714032	571316549714033
5800	1000343	Camouflage_Boar_Cloak	4296440469782640	4296440469782641
5801	1000971	Camouflage_Bull_Cloak	4299137709244528	4299137709244529
5802	1000321	Optionary_Beekeeping_Cloak	4296345980502128	4296345980502129
5803	1000274	Riding_Fabric_Cloak	4296144117039216	4296144117039217
5804	1003674	Kurinan_PlateArmor_Cloak_I	4310747005845616	4310747005845617
5805	1001531	Bear_Leather_cloak	4301542890930288	4301542890930289
5806	1000444	Camouflage_Wolf_Cloak	4296874261479536	4296874261479537
5807	1000715	Camouflage_Reindeer_Cloak	4298038197616752	4298038197616753
5808	1000325	Optionary_Monk_cloak	4296363160371312	4296363160371313
5809	1000331	Optionary_Ent_Cloak	4296388930175088	4296388930175089
5810	1000324	Optionary_Demeniss_Spy_Cloak	4296358865404016	4296358865404017
5811	1001574	Harald_Fabric_Cloak	4301727574524016	4301727574524017
5812	1003675	Laviren_Fabric_Cloak_I	4310751300812912	4310751300812913
5813	1003286	Wolf_Pursuer_Fabric_Cloak	4309080558534768	4309080558534769
5814	1002742	Deer_King_Follower_Cloak_I	4306744096325744	4306744096325745
5815	1000326	Optionary_Hernand_Party_Cloak	4296367455338608	4296367455338609
5816	1000846	Tibbletanus_Fabric_Cloak	4298600838332528	4298600838332529
5817	1000318	Desert_Harrier_PlateArmor_Cloak_I	4296333095600240	4296333095600241
5818	1000576	North_Mercenary_Fabric_Cloak_I	4297441197162608	4297441197162609
5819	1001061	Light_Arrowhead_Fabric_Cloak_I	4299524256301168	4299524256301169
5820	1000198	Sprayer_BackPack	4295817699524720	4295817699524721
5821	1001750	Aggro_Backpack	4302483488768112	4302483488768113
5822	1000443	Bleed_Bomb_BackPack	4296869966512240	4296869966512241
5823	1000716	WaterPower_BackPack	4298042492584048	4298042492584049
5824	1000970	EMP_BackPack	4299133414277232	4299133414277233
5825	1000708	Chocolate_Factory_BackPack	4298008132845680	4298008132845681
5826	1003750	Fertilizer_Sprayer_BackPack	4311073423360112	4311073423360113
5827	1003751	Oil_Sprayer_BackPack	4311077718327408	4311077718327409
5828	1000102	Anamorphic_PlateArmor_Helm	4295405382664304	4295405382664305
5829	1000037	Knowledge_PlateArmor_Helm	4295126209790064	4295126209790065
5830	1000202	Hacking_PlateArmor_Helm	4295834879393904	4295834879393905
5831	356742259	Florin_Fabric_Helm	1532196335506161776	1532196335506161777
5832	1001129	Daeil_Band	4299816314077296	4299816314077297
5833	1002864	OOngka_Daeil_Band	4307268082335856	4307268082335857
5834	1003248	Damian_Daeil_Band	4308917349777520	4308917349777521
5835	950017	Merchant_BackPack_I	4080291945644144	4080291945644145
5836	950018	Leather_Merchant_BackPack_I	4080296240611440	4080296240611441
5837	950019	FieldBattle_BackPack_I	4080300535578736	4080300535578737
5838	950024	Farmer_BackPack_I	4080322010415216	4080322010415217
5839	950035	Logger_BackPack_I	4080369255055472	4080369255055473
5840	1000726	Meat_BackPack	4298085442257008	4298085442257009
5841	950042	Fish_BackPack_I	4080399319826544	4080399319826545
5842	950053	Weapon_BackPack_II	4080446564466800	4080446564466801
5843	950056	Weapon_BackPack_V	4080459449368688	4080459449368689
5844	950066	Medikit_BackPack_VII	4080502399041648	4080502399041649
5845	950068	Weapon_BackPack_IX	4080510988976240	4080510988976241
5846	14900	University_BackPack	63995012710512	63995012710513
5847	1000109	Drone_Backpack	4295435447435376	4295435447435377
5848	1180141522	Empty_BackPack	5068669241641664624	5068669241641664625
5849	950074	Flolin_BackPack_II	4080536758780016	4080536758780017
5850	950075	ScrapMetal_BackPack_I	4080541053747312	4080541053747313
5851	950043	Mine_BackPack_II	4080403614793840	4080403614793841
5852	1000104	Orient_Monk_BackPack	4295413972598896	4295413972598897
5853	1000262	Wanted_Criminal_BackPack_I	4296092577431664	4296092577431665
5854	1000495	Wanted_Criminal_BackPack_II	4297093304811632	4297093304811633
5855	1000496	Balthazar_BackPack	4297097599778928	4297097599778929
5856	950020	Leather_Merchant_BackPack_II	4080304830546032	4080304830546033
5857	950021	Leather_Merchant_BackPack_III	4080309125513328	4080309125513329
5858	950022	FieldBattle_BackPack_II	4080313420480624	4080313420480625
5859	950023	Technician_BackPack	4080317715447920	4080317715447921
5860	950025	Farmer_BackPack_II	4080326305382512	4080326305382513
5861	1002715	Apple_BackPack	4306628132208752	4306628132208753
5862	1000710	orange_BackPack	4298016722780272	4298016722780273
5863	1000711	grape_BackPack	4298021017747568	4298021017747569
5864	1000712	cotton_BackPack	4298025312714864	4298025312714865
5865	1000713	orchids_BackPack	4298029607682160	4298029607682161
5866	1001069	Songyi_Mushroom_BackPacK	4299558616039536	4299558616039537
5867	1001085	Pyogo_Mushroom_BackPack	4299627335516272	4299627335516273
5868	1001086	Ssari_Mushroom_BackPack	4299631630483568	4299631630483569
5869	950026	Herbalist_BackPack_I	4080330600349808	4080330600349809
5870	950027	Herbalist_BackPack_II	4080334895317104	4080334895317105
5871	950028	Soldier_BackPack	4080339190284400	4080339190284401
5872	950029	Apothecary_BackPack_I	4080343485251696	4080343485251697
5873	950030	Apothecary_BackPack_II	4080347780218992	4080347780218993
5874	950031	Merchant_BackPack_II	4080352075186288	4080352075186289
5875	950032	Hunter_BackPack_I	4080356370153584	4080356370153585
5876	950033	Hunter_BackPack_II	4080360665120880	4080360665120881
5877	950034	FieldBattle_BackPack_III	4080364960088176	4080364960088177
5878	950036	Logger_BackPack_II	4080373550022768	4080373550022769
5879	950038	Mine_BackPack_I	4080382139957360	4080382139957361
5880	950039	Deer_Porter_BackPack	4080386434924656	4080386434924657
5881	950040	Beekeeping_BackPack	4080390729891952	4080390729891953
5882	950041	Merchant_BackPack_III	4080395024859248	4080395024859249
5883	950052	Weapon_BackPack_I	4080442269499504	4080442269499505
5884	950054	Weapon_BackPack_III	4080450859434096	4080450859434097
5885	950055	Weapon_BackPack_IV	4080455154401392	4080455154401393
5886	950057	Weapon_BackPack_VI	4080463744335984	4080463744335985
5887	950058	Weapon_BackPack_VII	4080468039303280	4080468039303281
5888	950059	Weapon_BackPack_VIII	4080472334270576	4080472334270577
5889	950060	Medikit_BackPack_I	4080476629237872	4080476629237873
5890	950061	Medikit_BackPack_II	4080480924205168	4080480924205169
5891	950062	Medikit_BackPack_III	4080485219172464	4080485219172465
5892	950063	Medikit_BackPack_IV	4080489514139760	4080489514139761
5893	950064	Medikit_BackPack_V	4080493809107056	4080493809107057
5894	950065	Medikit_BackPack_VI	4080498104074352	4080498104074353
5895	950067	Medikit_BackPack_VIII	4080506694008944	4080506694008945
5896	950069	Weapon_BackPack_X	4080515283943536	4080515283943537
5897	950073	Flolin_BackPack	4080532463812720	4080532463812721
5898	950044	Wheel_BackPack	4080407909761136	4080407909761137
5899	950045	Fish_BackPack_II	4080412204728432	4080412204728433
5900	950046	Bell_BackPack	4080416499695728	4080416499695729
5901	950047	Turtle_BackPack	4080420794663024	4080420794663025
5902	950048	Furniture_BackPack	4080425089630320	4080425089630321
5903	950049	Cage_BackPack	4080429384597616	4080429384597617
5904	1000370	Bear_BackPack	4296556433899632	4296556433899633
5905	950050	Logger_BackPack_III	4080433679564912	4080433679564913
5906	950071	Logger_BackPack_IV	4080523873878128	4080523873878129
5907	950072	TrollMerchant_BackPack_I	4080528168845424	4080528168845425
5908	950076	ScrapMetal_BackPack_II	4080545348714608	4080545348714609
5909	950077	ScrapMetal_BackPack_III	4080549643681904	4080549643681905
5910	1001185	Watcher_BackPack	4300056832245872	4300056832245873
5911	1001234	Flolin_BackPack_FlowerDrone_I	4300267285643376	4300267285643377
5912	1001530	Desert_BackPack_I	4301538595962992	4301538595962993
5913	1001422	Gregor_OneHandShield	4301074739495024	4301074739495025
5914	1473348912	WellsKnight_PlateArmor_Armor	6327985392637182064	6327985392637182065
5915	1000303	WellsKnight_PlateArmor_Cloak	4296268671090800	4296268671090801
5916	2094675372	WellsKnight_PlateArmor_Gloves	8996562218476634224	8996562218476634225
5917	697368607	WellsKnight_Plate_Boots	2995175360322076784	2995175360322076785
5918	1955057078	WellsKnight_PlateArmor_Helm	8396906211823321200	8396906211823321201
5919	1000521	Kliff_PlateArmor_Helm	4297204973961328	4297204973961329
5920	1000524	Kliff_PlateArmor_Armor	4297217858863216	4297217858863217
5921	1000546	Kliff_PlateArmor_Cloak	4297312348143728	4297312348143729
5922	1000560	Kliff_PlateArmor_Gloves	4297372477685872	4297372477685873
5923	1000567	Kliff_Plate_Boots	4297402542456944	4297402542456945
5924	13604	Legendary_SkullKnight_OneHandShield	58428735094896	58428735094897
5925	1512009	Kritha_HorseArmor_Helm	6494029206257776	6494029206257777
5926	1562354751	Marni_HorseArmor_Armor	6710262560295223408	6710262560295223409
5927	1513009	Kritha_HorseArmor_Saddle	6498324173553776	6498324173553777
5928	1000591	HorseShoe_HorseArmor_Stirrup_V	4297505621672048	4297505621672049
5929	300023	Light_Arrowhead_Leader_OneHandBow	1288588973047920	1288588973047921
5930	1000082	Troopers_TwoHandSpear	4295319483318384	4295319483318385
5931	1000083	Verheim_TwoHandSword	4295323778285680	4295323778285681
5932	1512001	Troopers_HorseArmor_Helm	6493994846519408	6493994846519409
5933	1511001	Troopers_HorseArmor_Armor	6489699879223408	6489699879223409
5934	1513001	Troopers_HorseArmor_Saddle	6498289813815408	6498289813815409
5935	1514001	Troopers_HorseArmor_Stirrup	6502584781111408	6502584781111409
5936	10044	Gold_Plating_Lantern	43138651521136	43138651521137
5937	1002555	Twich_Earring	4305940937441392	4305940937441393
5938	1003188	Twich_Necklace	4308659651739760	4308659651739761
5939	1003189	Twich_Ring	4308663946707056	4308663946707057
5940	1003190	Twich_Lantern	4308668241674352	4308668241674353
5941	1003191	Twich_Leather_Helm	4308672536641648	4308672536641649
5942	1003192	Twich_Fabric_Armor	4308676831608944	4308676831608945
5943	1003193	Twich_Fabric_Cloak	4308681126576240	4308681126576241
5944	1003194	Twich_OneHandShield	4308685421543536	4308685421543537
5945	1003195	Twich_HorseArmor_Helm	4308689716510832	4308689716510833
5946	1003196	Twich_HorseArmor_Saddle	4308694011478128	4308694011478129
5947	1003197	Twich_HorseArmor_Stirrup	4308698306445424	4308698306445425
5948	1003198	Bilibili_Earring	4308702601412720	4308702601412721
5949	1003199	Bilibili_Necklace	4308706896380016	4308706896380017
5950	1003200	Bilibili_Ring	4308711191347312	4308711191347313
5951	1003201	Bilibili_Lantern	4308715486314608	4308715486314609
5952	1003202	Bilibili_Leather_Helm	4308719781281904	4308719781281905
5953	1003203	Bilibili_Fabric_Armor	4308724076249200	4308724076249201
5954	1003204	Bilibili_Fabric_Cloak	4308728371216496	4308728371216497
5955	1003205	Bilibili_OneHandShield	4308732666183792	4308732666183793
5956	1003206	Bilibili_HorseArmor_Helm	4308736961151088	4308736961151089
5957	1003207	Bilibili_HorseArmor_Saddle	4308741256118384	4308741256118385
5958	1003208	Bilibili_HorseArmor_Stirrup	4308745551085680	4308745551085681
5959	1001166	Greymane_Nobility_Degree_I	4299975227867248	4299975227867249
5960	1001118	Hernand_Nobility_Degree_I	4299769069437040	4299769069437041
5961	1000251	Pailune_Nobility_Degree_I	4296045332791408	4296045332791409
5962	1001167	Demeniss_Nobility_Degree_I	4299979522834544	4299979522834545
5963	1001168	Delesyian_Nobility_Degree_I	4299983817801840	4299983817801841
5964	1003754	Tashkalpan_Nobility_Degree_I	4311090603229296	4311090603229297
5965	1003916	Greyfur_Fabric_Armor_CI	4311786387931248	4311786387931249
5966	113665	Mondian_Leather_Armor	488187457699952	488187457699953
5967	1001143	Greyfur_Fabric_Armor_III	4299876443619440	4299876443619441
5968	1004818	Valnos_Leather_Armor	4315660448432240	4315660448432241
5969	1004820	Mardain_Leather_Armor	4315669038366832	4315669038366833
5970	1003928	Demian_Greyfur_Fabric_Cloak_I	4311837927538800	4311837927538801
5971	1005446	Demian_Greyfur_Fabric_Cloak_II	4318357687894128	4318357687894129
5972	1004564	Demian_Greyfur_Fabric_Gloves	4314569526739056	4314569526739057
5973	101002	Keredig_PlateArmor_Helm	433800286830704	433800286830705
5974	111165	Bolton_PlateArmor_Armor	477450039459952	477450039459953
5975	1000308	Bolton_PlateArmor_Cloak	4296290145927280	4296290145927281
5976	1001120	Hernand_Cloak	4299777659371632	4299777659371633
5977	9102	Hernand_GuardCaptain_Fabric_Armor	39092792328304	39092792328305
5978	12409	Hernand_GuardCaptain_Leather_Gloves	53296249176176	53296249176177
5979	12308	Hernand_GuardCaptain_Leather_Boots	52862457479280	52862457479281
5980	1000272	Hernand_GuardCaptain_Fabric_Cloak	4296135527104624	4296135527104625
5981	1511010	Hernand_HorseArmor_Armor	6489738533929072	6489738533929073
5982	1000556	Hernand_Contribution_Flag	4297355297816688	4297355297816689
5983	1001119	Hernand_Crown	4299773364404336	4299773364404337
5984	1000632	Calphade_Contribution_Flag	4297681715331184	4297681715331185
5985	1000337	Optionary_Scholar_Stone_cloak	4296414699978864	4296414699978865
5986	103112	Huroi_Leather_Helm	442862667825264	442862667825265
5987	12310	Huroi_Leather_Boots	52871047413872	52871047413873
5988	104169	Abidon_Fabric_Helm	447402448257136	447402448257137
5989	114600	Lunosier_Fabric_Armor	492203252121712	492203252121713
5990	1000277	Lunosier_Fabric_Cloak	4296157001941104	4296157001941105
5991	14306	Lutis_PlateArmor_Gloves	61443802136688	61443802136689
5992	134011	Lutis_Leather_Boots	575572862304368	575572862304369
5993	1511007	Berkei_HorseArmor_Armor	6489725649027184	6489725649027185
5994	1000178	Pailune_Contribution_Flag	4295731800178800	4295731800178801
5995	101054	Checia_PlateArmor_Helm	434023625130096	434023625130097
5996	2101035	Maint_PlateArmor_Helm	9023876612751472	9023876612751473
5997	114629	Demeniss_PlateArmor_Armor	492327806173296	492327806173297
5998	1163804	Optionary_Demeniss_Soldier_Armor	4998500118954096	4998500118954097
5999	111147	Dallabici_PlateArmor_Armor	477372730048624	477372730048625
6000	1000307	Demeniss_PlateArmor_Cloak	4296285850959984	4296285850959985
6001	1001124	Demeniss_Cloak	4299794839240816	4299794839240817
6002	1000323	Optionary_Demeniss_Soldier_Cloak	4296354570436720	4296354570436721
6003	1511012	Demeniss_HorseArmor_Armor	6489747123863664	6489747123863665
6004	1000688	Demeniss_Contribution_Flag	4297922233499760	4297922233499761
6005	1001123	Demeniss_Crown	4299790544273520	4299790544273521
6006	1003673	Demeniss_Cross_Necklace	4310742710878320	4310742710878321
6007	1003672	Demeniss_Cross_Ring	4310738415911024	4310738415911025
6008	2114057	Kintun_ChainMail_Armor	9079805676879984	9079805676879985
6009	111210	Delesian_Friend_PlateArmor_Armor	477643312988272	477643312988273
6010	1001126	Delesyian_Cloak	4299803429175408	4299803429175409
6011	1000317	Delesian_Friend_PlateArmor_Cloak	4296328800632944	4296328800632945
6012	103035	Tesslit_Leather_Helm	442531955343472	442531955343473
6013	1511008	Delesian_HorseArmor_Armor	6489729943994480	6489729943994481
6014	1000770	Delesyian_Contribution_Flag	4298274420818032	4298274420818033
6015	1001125	Delesyian_Crown	4299799134208112	4299799134208113
6016	104184	Dragon_Knight_Commander_PlateArmor_Helm	447466872766576	447466872766577
6017	112078	Dragon_Knight_Commander_ChainMail_Armor	481371344601200	481371344601201
6018	1000286	Dragon_Knight_Commander_ChainMail_Cloak	4296195656646768	4296195656646769
6019	1511006	Desert_HorseArmor_Armor	6489721354059888	6489721354059889
6020	1001804	Tashkalp_Contribution_Flag	4302715417002096	4302715417002097
6021	2101037	Lacsha_PlateArmor_Helm	9023885202686064	9023885202686065
6022	111255	Sazahan_PlateArmor_Armor	477836586516592	477836586516593
6023	1000314	Sazahan_PlateArmor_Cloak	4296315915731056	4296315915731057
6024	1001128	Varnia_Cloak	4299812019110000	4299812019110001
6025	1001772	Varnia_Contribution_Flag	4302577978048624	4302577978048625
6026	1001127	Varnia_Crown	4299807724142704	4299807724142705
6027	250999	Specialty_Cigar_TwoHandAxe	1078032496328816	1078032496328817
6028	1000267	LightSaber_TwoHandSword	4296114052268144	4296114052268145
6029	1000675	Wolf_Test_OneHandSword	4297866398924912	4297866398924913
6030	1000019	TestTwoHandAxe	4295048900378736	4295048900378737
6031	1001071	TestShield	4299567205974128	4299567205974129
6032	13800	Lance_OneHandLance	59270548684912	59270548684913
6033	210998	Dev_Specialty_Crudell_OneHandAxe	906229509521520	906229509521521
6034	200997	TestSword	863275541594224	863275541594225
6035	200998	Specialty_Mercenary_OneHandSword	863279836561520	863279836561521
6036	200999	Specialty_Dragon_Slayer_OneHandSword	863284131528816	863284131528817
6037	1001788	Test_OneHandAxe	4302646697525360	4302646697525361
6038	1003285	Test_OneHandMace	4309076263567472	4309076263567473
6039	1001301	MastKey_Gloves	4300555048452208	4300555048452209
6040	620911	Dev_Growth_Ring_I	2666792438726768	2666792438726769
6041	620912	Dev_Growth_Ring_II	2666796733694064	2666796733694065
6042	620913	Dev_Growth_Ring_III	2666801028661360	2666801028661361
6043	620914	Dev_Growth_Ring_IV	2666805323628656	2666805323628657
6044	620915	Dev_Growth_Ring_V	2666809618595952	2666809618595953
6045	620916	Dev_Growth_Ring_VI	2666813913563248	2666813913563249
6046	620917	Dev_Growth_Ring_VII	2666818208530544	2666818208530545
6047	620918	Dev_Growth_Ring_VIII	2666822503497840	2666822503497841
6048	620919	Dev_Growth_Ring_IX	2666826798465136	2666826798465137
6049	620920	Dev_Growth_Ring_X	2666831093432432	2666831093432433
6050	1000269	Dev_Speed_Ring	4296122642202736	4296122642202737
6051	620997	Dev_Red_Dragon_Ring_Str_HP	2667161805914224	2667161805914225
6052	620998	Dev_Red_Dragon_Ring_Def_HP	2667166100881520	2667166100881521
6053	620999	Dev_Red_Dragon_Ring_MP_Stamina	2667170395848816	2667170395848817
6054	621000	Dev_Red_Dragon_Ring_Immune	2667174690816112	2667174690816113
6055	1001106	TestNeck_1_1	4299717529829488	4299717529829489
6056	1001107	TestNeck_1_2	4299721824796784	4299721824796785
6057	1001108	TestNeck_2_1	4299726119764080	4299726119764081
6058	1001109	TestNeck_2_2	4299730414731376	4299730414731377
6059	1001110	TestNeck_3_1	4299734709698672	4299734709698673
6060	1001111	TestNeck_3_2	4299739004665968	4299739004665969
6061	1001112	TestNeck_4_1	4299743299633264	4299743299633265
6062	1001113	TestNeck_4_2	4299747594600560	4299747594600561
6063	1001114	TestNeck_5_1	4299751889567856	4299751889567857
6064	1001115	TestNeck_5_2	4299756184535152	4299756184535153
6065	1001116	TestNeck_5_3	4299760479502448	4299760479502449
6066	1001072	Testarmor	4299571500941424	4299571500941425
6067	1000923	Douglas_Leather_Armor_T5_QA	4298931550814320	4298931550814321
6068	1000924	Deerking_Leather_Armor_T4_QA	4298935845781616	4298935845781617
6069	1000909	Tychaon_Fabric_Armor_T5_QA	4298871421272176	4298871421272177
6070	1000911	Scalaphynion_Fabric_Armor_T4_QA	4298880011206768	4298880011206769
6071	1000910	Tychaon_Fabric_Cloak_T5_QA	4298875716239472	4298875716239473
6072	1000912	Scalaphynion_Fabric_Cloak_T4_QA	4298884306174064	4298884306174065
6073	1000913	Heisellen_Fabric_Cloak_T1_QA	4298888601141360	4298888601141361
6074	111996	Dev_Red_Dragon_Yann_Leather_Armor	481019157282928	481019157282929
6075	111997	Dev_Red_Dragon_Oongka_Leather_Armor	481023452250224	481023452250225
6076	111999	Dev_Red_Dragon_Kliff_Leather_Armor	481032042184816	481032042184817
6077	1002492	Demian_Fabric_Cloak_V	4305670354501744	4305670354501745
6078	1001257	Socket_Test_Gloves	4300366069891184	4300366069891185
6079	1000925	Douglas_Leather_Gloves_T5_QA	4298940140748912	4298940140748913
6080	1000926	Legendary_Deer_Leather_Gloves_T4_QA	4298944435716208	4298944435716209
6081	1000914	Reeddevil_Fabric_Gloves_T5_QA	4298892896108656	4298892896108657
6082	1000915	Tarif_Fabric_Gloves_T4_QA	4298897191075952	4298897191075953
6083	1000916	Tarif_Fabric_Gloves_T3_QA	4298901486043248	4298901486043249
6084	1000917	Hanbok_Fabric_Gloves_T1_QA	4298905781010544	4298905781010545
6085	1002718	Restraint_Rope_Fabric_Gloves_I	4306641017110640	4306641017110641
6086	1000927	Bainian_Leather_Boots_T5_QA	4298948730683504	4298948730683505
6087	1000928	Ludvic_Leather_Boots_T4_QA	4298953025650800	4298953025650801
6088	1000918	Reeddevil_Fabric_Boots_T5_QA	4298910075977840	4298910075977841
6089	1000919	Tarif_Fabric_Boots_T4_QA	4298914370945136	4298914370945137
6090	1000920	Tarif_Fabric_Boots_T3_QA	4298918665912432	4298918665912433
6091	1000907	Abidon_Fabric_Helm_T5_QA	4298862831337584	4298862831337585
6092	1000908	Scalaphynion_Fabric_Helm_T4_QA	4298867126304880	4298867126304881
6093	1000921	Deer_King_Leather_Helm_T4_QA	4298922960879728	4298922960879729
6094	1000922	Tesslit_Leather_Helm_T2_QA	4298927255847024	4298927255847025
6095	620993	Dev_Red_Dragon_HorseArmor_Helm	2667144626045040	2667144626045041
6096	620995	Dev_Red_Dragon_HorseArmor_Stirrup	2667153215979632	2667153215979633
6097	620996	Dev_Red_Dragon_HorseArmor_Armor	2667157510946928	2667157510946929
6098	620994	Dev_Red_Dragon_HorseArmor_Saddle	2667148921012336	2667148921012337
6099	1000261	WarRobot_Body_01	4296088282464368	4296088282464369
6100	1001094	WarRobot_Body_02	4299665990221936	4299665990221937
6101	1000758	WarRobot_Body_03	4298222881210480	4298222881210481
6102	1000475	WarRobot_Backpack_01	4297007405465712	4297007405465713
6103	1001095	WarRobot_Backpack_02	4299670285189232	4299670285189233
6104	1001068	WarRobot_Backpack_03	4299554321072240	4299554321072241
6105	1001429	WarRobot_Foot_01	4301104804266096	4301104804266097
6106	1001096	WarRobot_Foot_02	4299674580156528	4299674580156529
6107	1000855	WarRobot_Foot_03	4298639493038192	4298639493038193
6108	1002744	WarRobot_Fist_01	4306752686260336	4306752686260337
6109	1002743	WarRobot_Cannon_01	4306748391293040	4306748391293041
6110	1002503	WarRobot_Laser_01	4305717599142000	4305717599142001
6111	1001923	WarRobot_RepairTool_01_L	4303226518110320	4303226518110321
6112	1002745	WarRobot_Gatling_01	4306756981227632	4306756981227633
6113	1002501	WarRobot_FlameThrower_01	4305709009207408	4305709009207409
6114	1002099	WarRobot_RepairTool_01_R	4303982432354416	4303982432354417
6115	1002269	Dragon_Armor_01	4304712576794736	4304712576794737
6116	1511009	Kritha_HorseArmor_Armor	6489734238961776	6489734238961777
6117	1511011	Orjekel_HorseArmor_Armor	6489742828896368	6489742828896369
6118	1002121	Wells_HorseArmor_Armor	4304076921634928	4304076921634929
6119	1002078	Hagmundt_HorseArmor_Armor	4303892238041200	4303892238041201
6120	1511015	Wagon_HorseArmor_Armor	6489760008765552	6489760008765553
6121	1000773	Wagon_HorseArmor_Armor_II	4298287305719920	4298287305719921
6122	1511013	Demeniss_Soldier_HorseArmor_Armor	6489751418830960	6489751418830961
6123	1511014	Hernand_Soldier_HorseArmor_Armor	6489755713798256	6489755713798257
6124	1001938	Delesian_Soldier_HorseArmor_Armor	4303290942619760	4303290942619761
6125	1002850	Grenvar_HorseArmor_Armor	4307207952793712	4307207952793713
6126	1002851	Cernos_HorseArmor_Armor	4307212247761008	4307212247761009
6127	1512006	Desert_HorseArmor_Helm	6494016321355888	6494016321355889
6128	1512012	Demeniss_HorseArmor_Helm	6494042091159664	6494042091159665
6129	1512011	Orjekel_HorseArmor_Helm	6494037796192368	6494037796192369
6130	1002806	Varken_HorseArmor_Helm	4307018974232688	4307018974232689
6131	1512010	Hernand_HorseArmor_Helm	6494033501225072	6494033501225073
6132	1001419	Rosvar_HorseArmor_Helm	4301061854593136	4301061854593137
6133	1000427	Bellac_HorseArmor_Helm	4296801247035504	4296801247035505
6134	64382088	Marni_HorseArmor_Helm	276518962408194160	276518962408194161
6135	1512007	Berkei_HorseArmor_Helm	6494020616323184	6494020616323185
6136	1512008	Delesian_HorseArmor_Helm	6494024911290480	6494024911290481
6137	1002197	Hagmundt_HorseArmor_Helm	4304403339149424	4304403339149425
6138	1513000	Old_HorseArmor_Saddle	6498285518848112	6498285518848113
6139	1001812	Troopers_HorseArmor_Saddle_I	4302749776740464	4302749776740465
6140	1513011	Orjekel_HorseArmor_Saddle	6498332763488368	6498332763488369
6141	1001070	Delmar_HorseArmor_Saddle	4299562911006832	4299562911006833
6142	1513006	Desert_HorseArmor_Saddle	6498311288651888	6498311288651889
6143	1001098	Servano_HorseArmor_Saddle	4299683170091120	4299683170091121
6144	1513007	Berkei_HorseArmor_Saddle	6498315583619184	6498315583619185
6145	1513010	Hernand_HorseArmor_Saddle	6498328468521072	6498328468521073
6146	1001761	Branik_HorseArmor_Saddle	4302530733408368	4302530733408369
6147	1513008	Delesian_HorseArmor_Saddle	6498319878586480	6498319878586481
6148	1513012	Demeniss_HorseArmor_Saddle	6498337058455664	6498337058455665
6149	1002173	Hagmundt_HorseArmor_Saddle	4304300259934320	4304300259934321
6150	1003288	HorseShoe_HorseArmor_Shabby_horseshoe_II	4309089148469360	4309089148469361
6151	1000592	HorseShoe_HorseArmor_Shoe_I	4297509916639344	4297509916639345
6152	1003287	HorseShoe_HorseArmor_Brass_horseshoe_II	4309084853502064	4309084853502065
6153	1515001	HorseShoe_HorseArmor_Shoe	6506879748407408	6506879748407409
6154	1003655	HorseShoe_HorseArmor_Steel_Horseshoe_II	4310665401466992	4310665401466993
6155	1003656	HorseShoe_HorseArmor_Silvermoon_Horseshoe_II	4310669696434288	4310669696434289
6156	1000593	HorseShoe_HorseArmor_Shoe_II	4297514211606640	4297514211606641
6157	1000594	HorseShoe_HorseArmor_Shoe_III	4297518506573936	4297518506573937
6158	1003289	HorseShoe_HorseArmor_Clover_Horseshoe_II	4309093443436656	4309093443436657
6159	1000586	HorseShoe_HorseArmor_Stirrup	4297484146835568	4297484146835569
6160	1000590	HorseShoe_HorseArmor_Stirrup_IV	4297501326704752	4297501326704753
6161	1514006	Desert_HorseArmor_Stirrup	6502606255947888	6502606255947889
6162	1514009	Kritha_HorseArmor_Stirrup	6502619140849776	6502619140849777
6163	1514011	Orjekel_HorseArmor_Stirrup	6502627730784368	6502627730784369
6164	1514012	Demeniss_HorseArmor_Stirrup	6502632025751664	6502632025751665
6165	1000481	Marni_HorseArmor_Stirrup	4297033175269488	4297033175269489
6166	1000587	HorseShoe_HorseArmor_Stirrup_I	4297488441802864	4297488441802865
6167	1514010	Hernand_HorseArmor_Stirrup	6502623435817072	6502623435817073
6168	1002770	HorseShoe_HorseArmor_marquel_Stirrup	4306864355410032	4306864355410033
6169	1514008	Delesian_HorseArmor_Stirrup	6502614845882480	6502614845882481
6170	1514007	Berkei_HorseArmor_Stirrup	6502610550915184	6502610550915185
6171	1000589	HorseShoe_HorseArmor_Stirrup_III	4297497031737456	4297497031737457
6172	1000588	HorseShoe_HorseArmor_Stirrup_II	4297492736770160	4297492736770161
6173	1004406	Warthog_Armor	4313890921906288	4313890921906289
6174	1004397	Bear_Armor	4313852267200624	4313852267200625
6175	1004398	Wolf_Armor	4313856562167920	4313856562167921
6176	1004399	GiantIguana_Armor	4313860857135216	4313860857135217
6177	1004400	carmabirdsaurus_Armor	4313865152102512	4313865152102513
6178	1004401	KuKubird_Armor	4313869447069808	4313869447069809
6179	1004402	KuKubird_Armor_I	4313873742037104	4313873742037105
6180	1004431	KuKubird_Helm	4313998296088688	4313998296088689
6181	1004403	deer_Armor	4313878037004400	4313878037004401
6182	1004404	AlpineIbex_Armor	4313882331971696	4313882331971697
6183	1004405	Camel_Armor	4313886626938992	4313886626938993
6184	1004446	wyvern_Armor	4314062720598128	4314062720598129
6185	53016	Item_Kuku_Pot	227701986164848	227701986164849
6186	1002182	Item_Kuku_Pot_02	4304338914639984	4304338914639985
6187	1002132	Item_KuKu_Small_ATAG	4304124166275184	4304124166275185
6188	1000374	KuKu_Pot_TwoHandSpear	4296573613768816	4296573613768817
6189	1002175	KuKu_Lightning_TwoHandSpear	4304308849868912	4304308849868913
6190	1002176	KuKu_Fire_staff_spear_TwoHandSpear	4304313144836208	4304313144836209
6191	1001953	KuKu_Bismuth_TwoHandSpear	4303355367129200	4303355367129201
6192	1002177	KuKu_Wind_TwoHandSpear	4304317439803504	4304317439803505
6193	1002178	KuKu_EMP_TwoHandSpear	4304321734770800	4304321734770801
6194	1002179	Kuku_YamatoCannon_TwoHandSpear	4304326029738096	4304326029738097
6195	1001299	JumpUp_Boots	4300546458517616	4300546458517617
6196	1000316	Riesi_Boots_Upgrade	4296324505665648	4296324505665649
6197	1002284	Marni_Laser_Helm_Upgrade	4304777001304176	4304777001304177
6198	1002285	Titan_PlateArmor_Armor_Upgrade	4304781296271472	4304781296271473
6199	1002286	Paphneil_PlateArmor_Armor_Upgrade	4304785591238768	4304785591238769
6200	1002287	king_LostPeople_PlateArmor_Armor_Upgrade	4304789886206064	4304789886206065
6201	1002130	Kuku_Pot_BackPack	4304115576340592	4304115576340593
6202	1002136	Kuku_EMP_Enhance_BackPack	4304141346144368	4304141346144369
6203	1002137	Kuku_Drone_Backpack	4304145641111664	4304145641111665
6204	1001435	Oongka_Rocket_BackPack	4301130574069872	4301130574069873
6205	1000975	Oongka_Rocket_Helm	4299154889113712	4299154889113713
6206	1000528	Plant_Collect_BackPack	4297235038732400	4297235038732401
6207	1000845	Insect_Collect_BackPack	4298596543365232	4298596543365233
6208	1002180	Kuku_FlameThrower	4304330324705392	4304330324705393
6209	1002181	Kuku_IceThrower	4304334619672688	4304334619672689
6210	1003259	Kuku_LightningThrower	4308964594417776	4308964594417777
6211	1000424	KuKu_Golden999K	4296788362133616	4296788362133617
6212	1001091	Dragon_Armor_Material	4299653105320048	4299653105320049
6213	1000760	PetArmor_Musket_Helm_Cat	4298231471145072	4298231471145073
6214	1000118	PetArmor_backpack_Helm_Cat	4295474102141040	4295474102141041
6215	1000006	PetArmor_Plate_Helm_Cat	4294993065803888	4294993065803889
6216	1003924	PetArmor_Marni_Helm	4311820747669616	4311820747669617
6217	1000757	PetArmor_Musket_Armor_Cat	4298218586243184	4298218586243185
6218	1000768	PetArmor_backpack_Armor_Cat	4298265830883440	4298265830883441
6219	1000014	PetArmor_Plate_Armor_Cat	4295027425542256	4295027425542257
6220	1003925	PetArmor_Marni_Armor	4311825042636912	4311825042636913
6221	1003929	Pet_Bond_Amulet	4311842222506096	4311842222506097
6222	1002048	PetArmor_Plate_Helm_Dog	4303763389022320	4303763389022321
6223	1001437	PetArmor_Rescue_Armor_Dog	4301139164004464	4301139164004465
6224	1002049	PetArmor_Plate_Armor_Dog	4303767683989616	4303767683989617
6225	1004287	Pet_Attackable_Amulet	4313379820798064	4313379820798065
6226	1004315	Pet_Huntable_Amulet	4313500079882352	4313500079882353
6227	1004516	PetArmor_Helm_Cucubirdbaby	4314363368308848	4314363368308849
6228	1004502	PetArmor_Fabric_Helm_WyvernBaby	4314303238766704	4314303238766705
6229	950002	Equip_Felling_Axe	4080227521134704	4080227521134705
6230	1000155	Equip_Felling_Axe_I	4295633015930992	4295633015930993
6231	1000737	Equip_Felling_Axe_II	4298132686897264	4298132686897265
6232	950003	Equip_Shovel	4080231816102000	4080231816102001
6233	950004	Equip_Pickaxe	4080236111069296	4080236111069297
6234	1001683	Equip_Pickaxe_I	4302195725959280	4302195725959281
6235	1002599	Equip_Pickaxe_II	4306129916002416	4306129916002417
6236	950005	Equip_Iron_Chain	4080240406036592	4080240406036593
6237	950006	Equip_Rake	4080244701003888	4080244701003889
6238	1000149	Equip_WoodRake	4295607246127216	4295607246127217
6239	1002093	Equip_TriRake	4303956662550640	4303956662550641
6240	950007	Equip_Hoe	4080248995971184	4080248995971185
6241	950008	Equip_Large_Agricultural_Sickle	4080253290938480	4080253290938481
6242	1002094	Equip_Large_Agricultural_Sickle_1	4303960957517936	4303960957517937
6243	950010	Equip_Work_Hammer	4080261880873072	4080261880873073
6244	11001	FishingRod	47248935223408	47248935223409
6245	1000639	FishingRod_II	4297711780102256	4297711780102257
6246	1000640	FishingRod_III	4297716075069552	4297716075069553
6247	1000088	ItemCatch_FishingRod	4295345253122160	4295345253122161
6248	950001	Equip_Broom	4080223226167408	4080223226167409
6249	1003848	Equip_Sturdy_Broom	4311494330155120	4311494330155121
6250	10026	Lantern	43061342109808	43061342109809
6251	10043	Light_Of_Giant_Lantern	43134356553840	43134356553841
6252	10045	DeerKing_Lantern	43142946488432	43142946488433
6253	10046	RedNose_Lantern	43147241455728	43147241455729
6254	10047	Mjordin_Lantern	43151536423024	43151536423025
6255	1001849	Wood_Lantern	4302908690530416	4302908690530417
6256	1000858	FireFly_Lantern	4298652377940080	4298652377940081
6257	1345841793	Pot_Head	5780346486525001840	5780346486525001841
6258	200014	Torch	859053588742256	859053588742257
6259	950013	Equip_Drum	4080274765774960	4080274765774961
6260	950012	Equip_Trumpet	4080270470807664	4080270470807665
6261	607613578	BucketHeavy	2609680446115545200	2609680446115545201
6262	1375302422	FlatBasket	5906878924599591024	5906878924599591025
6263	1504916963	PriestWand_Big	6463569139280642160	6463569139280642161
6264	1000967	PriestWand_Big_III	4299120529375344	4299120529375345
6265	1000691	Equip_Stick	4297935118401648	4297935118401649
6266	757125333	Crutch	3251828544208109680	3251828544208109681
6267	950009	Equip_Saw	4080257585905776	4080257585905777
6268	1004549	Witch_WingFan_01	4314505102229616	4314505102229617
6269	1004550	Witch_WingFan_02	4314509397196912	4314509397196913
6270	1004551	Witch_WingFan_03	4314513692164208	4314513692164209
6271	1004552	Witch_WingFan_04	4314517987131504	4314517987131505
6272	1004553	Witch_WingFan_05	4314522282098800	4314522282098801
6273	1004554	Witch_WingFan_06	4314526577066096	4314526577066097
6274	1004555	Witch_WingFan_07	4314530872033392	4314530872033393
6275	1004556	Witch_WingFan_08	4314535167000688	4314535167000689
6276	1004557	Witch_WingFan_09	4314539461967984	4314539461967985
6277	1004558	Witch_WingFan_10	4314543756935280	4314543756935281
6278	410008	Angry_Wave_Ring_Drill	1760970951098480	1760970951098481
6279	410009	Ironfist_Boss_Knuckle	1760975246065776	1760975246065777
6280	1001523	Item_Fist_Kliff	4301508531191920	4301508531191921
6281	1003687	Item_Fist_Damian	4310802840420464	4310802840420465
6282	1003688	Item_Fist_Oongka	4310807135387760	4310807135387761
6283	1001294	Mining_Drill	4300524983681136	4300524983681137
6284	1000171	Demeniss_Chainsaw	4295701735407728	4295701735407729
6285	410004	Giant_Copper_Drill	1760953771229296	1760953771229297
6286	1000022	Diver_Steel_Drill	4295061785280624	4295061785280625
6287	410011	Muscan_Ghost_Fist	1760983836000368	1760983836000369
6288	410012	Muscan_Ghost_Fist_I	1760988130967664	1760988130967665
6289	12600	Legendary_CaptainGoblin_OneHandAxe	54116587929712	54116587929713
6290	210029	Rhias_OneHandAxe	902067686211696	902067686211697
6291	210057	Gainarre_OneHandAxe	902187945295984	902187945295985
6292	210059	Tainsel_OneHandAxe	902196535230576	902196535230577
6293	210077	Parachu_OneHandAxe	902273844641904	902273844641905
6294	210079	Gahlatain_OneHandAxe	902282434576496	902282434576497
6295	210035	Diancia_OneHandAxe	902093456015472	902093456015473
6296	210045	Tardik_OneHandAxe	902136405688432	902136405688433
6297	210051	Delonde_OneHandAxe	902162175492208	902162175492209
6298	210075	Tirone_OneHandAxe	902265254707312	902265254707313
6299	210009	Erkeney_OneHandAxe	901981786865776	901981786865777
6300	210011	Lanpheldt_OneHandAxe	901990376800368	901990376800369
6301	210013	Harkias_OneHandAxe	901998966734960	901998966734961
6302	210023	Maeve_OneHandAxe	902041916407920	902041916407921
6303	210071	Crudell_OneHandAxe	902248074838128	902248074838129
6304	210003	Bekker_OneHandAxe	901956017062000	901956017062001
6305	210080	Big_Horn_Tiger_OneHandAxe	902286729543792	902286729543793
6306	1578535467	Legendary_GoldStar_OneHandCannon	6779758206341087344	6779758206341087345
6307	9502	Legendary_MarniDragon_OneHandCannon	40810779246704	40810779246705
6308	9508	DragonSlayerLeader_OneHandCannon	40836549050480	40836549050481
6309	410002	Volcanic_OneHandCannon	1760945181294704	1760945181294705
6310	1001039	Legendary_Abyss_OneHandCannon	4299429767020656	4299429767020657
6311	9501	Legendary_MarniTank_OneHandCannon	40806484279408	40806484279409
6312	9507	Legendary_Marni_OneHandCannon	40832254083184	40832254083185
6313	1675016614	ReinforcedSteel_OneHandCannon	7194141577386655856	7194141577386655857
6314	1675016613	Steel_OneHandCannon	7194141573091688560	7194141573091688561
6315	1675016612	Orc_OneHandCannon	7194141568796721264	7194141568796721265
6316	12900	Legendary_Shakatu_OneHandDagger	55405078118512	55405078118513
6317	1000756	Legendary_Kings_OneHandDagger	4298214291275888	4298214291275889
6318	231000	Dragon_OneHandDagger	992137445376112	992137445376113
6319	230063	DarkLeader_OneHandDagger	988113061019760	988113061019761
6320	230059	Charphnir_OneHandDagger	988095881150576	988095881150577
6321	230065	Durion_OneHandDagger	988121650954352	988121650954353
6322	230073	Ceremonial_OneHandDagger	988156010692720	988156010692721
6323	230901	Batz_OneHandDagger	991712243613808	991712243613809
6324	230003	Noname_OneHandDagger	987855362982000	987855362982001
6325	230905	Rikisis_OneHandDagger	991729423482992	991729423482993
6326	230909	Dukesan_OneHandDagger	991746603352176	991746603352177
6327	230911	Riurian_OneHandDagger	991755193286768	991755193286769
6328	230917	Aurio_OneHandDagger	991780963090544	991780963090545
6329	230029	Rusty_Hagwood_OneHandDagger	987967032131696	987967032131697
6330	1001136	Bastion_OneHandMace	4299846378848368	4299846378848369
6331	1000237	Silver_Armor_OneHandMace	4295985203249264	4295985203249265
6332	13201	Legendary_MarniRegion_OneHandMace	56697863274608	56697863274609
6333	13202	Legendary_StephenBleed_OneHandMace	56702158241904	56702158241905
6334	220002	Kadel_OneHandMace	944901395054704	944901395054705
6335	221000	Dragon_OneHandMace	949187772416112	949187772416113
6336	220006	Maeve_OneHandMace	944918574923888	944918574923889
6337	220008	Lyfellen_OneHandMace	944927164858480	944927164858481
6338	1000184	Triden_OneHandMace	4295757569982576	4295757569982577
6339	1000238	AbyssReward_Desert_OneHandMace	4295989498216560	4295989498216561
6340	1000460	Drakhan_OneHandMace	4296942980956272	4296942980956273
6341	220012	Orc_Warrior_OneHandMace	944944344727664	944944344727665
6342	13200	Hexe_Soldier_OneHandMace	56693568307312	56693568307313
6343	220004	Kordaav_OneHandMace	944909984989296	944909984989297
6344	220007	Trosdern_OneHandMace	944922869891184	944922869891185
6345	220021	Tyrendhal_OneHandMace	944982999433328	944982999433329
6346	1000465	Bourgogne_OneHandMace	4296964455792752	4296964455792753
6347	1001063	Goorba_OneHandMace	4299532846235760	4299532846235761
6348	1001146	Cecilia_Kokes_OneHandMace	4299889328521328	4299889328521329
6349	1001148	Turden_OneHandMace	4299897918455920	4299897918455921
6350	1001149	Archsyan_OneHandMace	4299902213423216	4299902213423217
6351	1001150	Pailoon_OneHandMace	4299906508390512	4299906508390513
6352	1000461	Argen_OneHandMace	4296947275923568	4296947275923569
6353	220023	Nairaden_OneHandMace	944991589367920	944991589367921
6354	220018	Biryghton_OneHandMace	944970114531440	944970114531441
6355	220019	Fontergear_OneHandMace	944974409498736	944974409498737
6356	1000050	Archaia_OneHandMace	4295182044364912	4295182044364913
6357	1000490	Pieren_OneHandMace	4297071829975152	4297071829975153
6358	1000494	Tyguis_OneHandMace	4297089009844336	4297089009844337
6359	1000511	Philaphy_OneHandMace	4297162024288368	4297162024288369
6360	1000512	Slarke_OneHandMace	4297166319255664	4297166319255665
6361	220014	Bergam_OneHandMace	944952934662256	944952934662257
6362	220022	Scarfle_OneHandMace	944987294400624	944987294400625
6363	1000049	Vigil_OneHandMace	4295177749397616	4295177749397617
6364	1000513	Balton_OneHandMace	4297170614222960	4297170614222961
6365	1000515	Bellaon_OneHandMace	4297179204157552	4297179204157553
6366	13500	Legendary_Caliburn_OneHandRapier	57982058496112	57982058496113
6367	201009	Apenzel_OneHandRapier	863327081201776	863327081201777
6368	1003776	Star_OneHandRapier	4311185092509808	4311185092509809
6369	201005	Leone_OneHandRapier	863309901332592	863309901332593
6370	201019	Liberry_OneHandRapier	863370030874736	863370030874737
6371	201006	Renarto_OneHandRapier	863314196299888	863314196299889
6372	201007	Ariete_OneHandRapier	863318491267184	863318491267185
6373	201008	Volono_OneHandRapier	863322786234480	863322786234481
6374	201010	Marozzo_OneHandRapier	863331376169072	863331376169073
6375	201014	Sestio_OneHandRapier	863348556038256	863348556038257
6376	201003	Vueh_OneHandRapier	863301311398000	863301311398001
6377	201011	Volta_OneHandRapier	863335671136368	863335671136369
6378	201012	Mynein_OneHandRapier	863339966103664	863339966103665
6379	201013	Delphoir_OneHandRapier	863344261070960	863344261070961
6380	201004	Tironet_OneHandRapier	863305606365296	863305606365297
6381	201015	Euler_OneHandRapier	863352851005552	863352851005553
6382	200901	Demian_OneHandRapier	862863224733808	862863224733809
6383	13605	Legendary_MarniTank_OneHandShield	58433030062192	58433030062193
6384	290026	Deer_King_Metal_OneHandShield	1245652184989808	1245652184989809
6385	1001211	Bastion_OneHandShield	4300168501395568	4300168501395569
6386	1000266	Ancient_Shield	4296109757300848	4296109757300849
6387	1000394	Demeniss_Guard_Shield	4296659513114736	4296659513114737
6388	1001064	Damian_OneHandShield_VII	4299537141203056	4299537141203057
6389	290020	Dark_King_Metal_OneHandShield	1245626415186032	1245626415186033
6390	13901	Crafting_WhiteHorn_OneHandShield	59704340381808	59704340381809
6391	1001246	Gold_Armor_OneHandShield	4300318825250928	4300318825250929
6392	1001027	Damian_OneHandShield_VIII	4299378227413104	4299378227413105
6393	1000657	Damian_OneHandShield_VI	4297789089513584	4297789089513585
6394	1000027	Kitee_OneHandShield	4295083260117104	4295083260117105
6395	1000183	Mercenary_OneHandShield	4295753275015280	4295753275015281
6396	13600	Hexe_Soldier_OneHandShield	58411555225712	58411555225713
6397	1001073	Desert_Abyss_Wraith_OneHandShield	4299575795908720	4299575795908721
6398	290023	Acquirs_Wood_OneHandShield	1245639300087920	1245639300087921
6399	290090	Derbid_Wood_OneHandShield	1245927062896752	1245927062896753
6400	290091	Dimphelt_Wood_OneHandShield	1245931357864048	1245931357864049
6401	1002842	CrimsonFlame_OneHandShield	4307173593055344	4307173593055345
6402	1002844	BlackOath_OneHandShield	4307182182989936	4307182182989937
6403	1002847	Oathring_OneHandShield	4307195067891824	4307195067891825
6404	1000090	Rattan_Wood_OneHandShield	4295353843056752	4295353843056753
6405	1000242	Ribentain_Priest_OneHandShield	4296006678085744	4296006678085745
6406	1000395	Damian_OneHandShield_IV	4296663808082032	4296663808082033
6407	290014	Rush_Storm_Wood_OneHandShield	1245600645382256	1245600645382257
6408	290114	Demeniss_Soldier_Kitee_Metal_OneHandShield_I	1246030142111856	1246030142111857
6409	290115	Demeniss_Soldier_Kitee_Metal_OneHandShield_II	1246034437079152	1246034437079153
6410	290116	Demeniss_Soldier_Kitee_Metal_OneHandShield_III	1246038732046448	1246038732046449
6411	290113	Kite_Metal_OneHandShield	1246025847144560	1246025847144561
6412	290017	Diskio_Metal_OneHandShield	1245613530284144	1245613530284145
6413	290057	Tarrdik_Wood_OneHandShield	1245785328975984	1245785328975985
6414	1002846	Patrol_OneHandShield	4307190772924528	4307190772924529
6415	290058	Caviden_Wood_OneHandShield	1245789623943280	1245789623943281
6416	1000498	PlainsGuard_OneHandShield	4297106189713520	4297106189713521
6417	1000499	RoyalGuard_OneHandShield	4297110484680816	4297110484680817
6418	1000252	Gilded_OneHandShield	4296049627758704	4296049627758705
6419	1163043	Old_Wood_OneHandShield	4995231648841840	4995231648841841
6420	290001	ReiGhis_Wood_OneHandShield	1245544810807408	1245544810807409
6421	1000500	FrontierMilitia_OneHandShield	4297114779648112	4297114779648113
6422	1000519	CapitalPatrol_OneHandShield	4297196384026736	4297196384026737
6423	1000631	EasternWanderer_OneHandShield	4297677420363888	4297677420363889
6424	1001147	Wood_OneHandShield	4299893623488624	4299893623488625
6425	1000683	Damian_OneHandShield	4297900758663280	4297900758663281
6426	1000462	Minigame_OneHandShield	4296951570890864	4296951570890865
6427	1000578	Old_Kliff_OneHandSword	4297449787097200	4297449787097201
6428	13810	Legendary_WhiteHorn_OneHandSword	59313498357872	59313498357873
6429	1001055	Magnet_OneHandSword	4299498486497392	4299498486497393
6430	200922	Deer_King_OneHandSword	862953419047024	862953419047025
6431	200072	Mjordin_OneHandSword	859302696845424	859302696845425
6432	1001210	GoldArmor_OneHandSword	4300164206428272	4300164206428273
6433	1001295	Ziane_OneHandSword	4300529278648432	4300529278648433
6434	200917	Spada_OneHandSword	862931944210544	862931944210545
6435	200924	SoulKnight_OneHandSword	862962008981616	862962008981617
6436	1000738	Taoria_OneHandSword	4298136981864560	4298136981864561
6437	200902	AbyssReward_Reeddevil_OneHandSword	862867519701104	862867519701105
6438	1000742	Ludvig_OneHandSword	4298154161733744	4298154161733745
6439	1001019	Gias_OneHandSword	4299343867674736	4299343867674737
6440	1001524	Golden_OneHandSword	4301512826159216	4301512826159217
6441	200914	AbyssReward_Mysterm_OneHandSword	862919059308656	862919059308657
6442	1000747	Goblin_Boss_OneHandSword	4298175636570224	4298175636570225
6443	13811	Legendary_Dragon_OneHandSword	59317793325168	59317793325169
6444	200052	Knight_King_OneHandSword	859216797499504	859216797499505
6445	200919	Archria_OneHandSword	862940534145136	862940534145137
6446	13809	Legendary_DragonSlayer_OneHandSword	59309203390576	59309203390577
6447	200078	AbyssReward_Peltree_OneHandSword	859328466649200	859328466649201
6448	200051	LongBeak_OneHandSword	859212502532208	859212502532209
6449	200921	Archrika_OneHandSword	862949124079728	862949124079729
6450	13812	Hexe_Soldier_OneHandSword	59322088292464	59322088292465
6451	200001	Cigar_OneHandSword	858997754167408	858997754167409
6452	200049	Bekker_OneHandSword	859203912597616	859203912597617
6453	200077	Rusty_Hunter_OneHandSword	859324171681904	859324171681905
6454	200053	Ehshian_OneHandSword	859221092466800	859221092466801
6455	200024	Sidmon_OneHandSword	859096538415216	859096538415217
6456	200035	Silien_OneHandSword	859143783055472	859143783055473
6457	200904	Leeksia_OneHandSword	862876109635696	862876109635697
6458	200021	Leinstead_OneHandSword	859083653513328	859083653513329
6459	1003849	Wood_Branch_01	4311498625122416	4311498625122417
6460	1004464	Wood_Branch_01_II	4314140030009456	4314140030009457
6461	1004465	Wood_Branch_01_III	4314144324976752	4314144324976753
6462	1004466	Wood_Branch_01_IV	4314148619944048	4314148619944049
6463	1004467	Wood_Branch_01_V	4314152914911344	4314152914911345
6464	1004468	Wood_Branch_01_VI	4314157209878640	4314157209878641
6465	1004469	Wood_Branch_01_VII	4314161504845936	4314161504845937
6466	1004470	Wood_Branch_01_VIII	4314165799813232	4314165799813233
6467	1004471	Wood_Branch_01_IX	4314170094780528	4314170094780529
6468	1004472	Wood_Branch_01_X	4314174389747824	4314174389747825
6469	1003850	Wood_Branch_02	4311502920089712	4311502920089713
6470	1004473	Wood_Branch_02_II	4314178684715120	4314178684715121
6471	1004474	Wood_Branch_02_III	4314182979682416	4314182979682417
6472	1004475	Wood_Branch_02_IV	4314187274649712	4314187274649713
6473	1004476	Wood_Branch_02_V	4314191569617008	4314191569617009
6474	1004477	Wood_Branch_02_VI	4314195864584304	4314195864584305
6475	1004478	Wood_Branch_02_VII	4314200159551600	4314200159551601
6476	1004479	Wood_Branch_02_VIII	4314204454518896	4314204454518897
6477	1004480	Wood_Branch_02_IX	4314208749486192	4314208749486193
6478	1004481	Wood_Branch_02_X	4314213044453488	4314213044453489
6479	1003908	Bamboo_Branch_01	4311752028192880	4311752028192881
6480	1004482	Bamboo_Branch_01_II	4314217339420784	4314217339420785
6481	1004483	Bamboo_Branch_01_III	4314221634388080	4314221634388081
6482	1004484	Bamboo_Branch_01_IV	4314225929355376	4314225929355377
6483	1004485	Bamboo_Branch_01_V	4314230224322672	4314230224322673
6484	1004486	Bamboo_Branch_01_VI	4314234519289968	4314234519289969
6485	1004487	Bamboo_Branch_01_VII	4314238814257264	4314238814257265
6486	1004488	Bamboo_Branch_01_VIII	4314243109224560	4314243109224561
6487	1004489	Bamboo_Branch_01_IX	4314247404191856	4314247404191857
6488	1004490	Bamboo_Branch_01_X	4314251699159152	4314251699159153
6489	1004108	Bamboo_Branch_02	4312611021652080	4312611021652081
6490	1004491	Bamboo_Branch_02_II	4314255994126448	4314255994126449
6491	1004492	Bamboo_Branch_02_III	4314260289093744	4314260289093745
6492	1004493	Bamboo_Branch_02_IV	4314264584061040	4314264584061041
6493	1004494	Bamboo_Branch_02_V	4314268879028336	4314268879028337
6494	1004495	Bamboo_Branch_02_VI	4314273173995632	4314273173995633
6495	1004496	Bamboo_Branch_02_VII	4314277468962928	4314277468962929
6496	1004497	Bamboo_Branch_02_VIII	4314281763930224	4314281763930225
6497	1004498	Bamboo_Branch_02_IX	4314286058897520	4314286058897521
6498	1004499	Bamboo_Branch_02_X	4314290353864816	4314290353864817
6499	1163042	Wolf_OneHandSword	4995227353874544	4995227353874545
6500	1000260	Soulknight_Sprit_OneHandSword	4296083987497072	4296083987497073
6501	1000491	Ghost_TwohandSword	4297076124942448	4297076124942449
6502	1003244	Minigame_OneHandSword	4308900169908336	4308900169908337
6503	1000761	Silver_Armor_OneHandTowerShield	4298235766112368	4298235766112369
6504	1001427	Legendary_Soulknight_OneHandTowerShield	4301096214331504	4301096214331505
6505	1001428	Soulknight_Sprit_OneHandTowerShield	4301100509298800	4301100509298801
6506	1000182	AbyssReward_Kutum_TowerShield	4295748980047984	4295748980047985
6507	290503	Lipsort_OneHandTowerShield	1247700884390000	1247700884390001
6508	290997	Hard_Thorn_OneHandTowerShield	1249822598234224	1249822598234225
6509	290508	Lucan_OneHandTowerShield	1247722359226480	1247722359226481
6510	290509	Ronied_OneHandTowerShield	1247726654193776	1247726654193777
6511	290511	Recle_OneHandTowerShield	1247735244128368	1247735244128369
6512	290531	Light_Thorn_OneHandTowerShield	1247821143474288	1247821143474289
6513	1000086	Stephan_Bleed_Metal_OneHandTowerShield	4295336663187568	4295336663187569
6514	1001417	North_Warrior_OneHandTowerShield	4301053264658544	4301053264658545
6515	290533	Demeniss_Soldier_OneHandTowerShield	1247829733408880	1247829733408881
6516	290515	Taos_OneHandTowerShield	1247752423997552	1247752423997553
6517	290516	Gelhouke_OneHandTowerShield	1247756718964848	1247756718964849
6518	290526	Dealinger_OneHandTowerShield	1247799668637808	1247799668637809
6519	290504	Tardik_OneHandTowerShield	1247705179357296	1247705179357297
6520	290502	Pavis_OneHandTowerShield	1247696589422704	1247696589422705
6521	290506	Berkhia_OneHandTowerShield	1247713769291888	1247713769291889
6522	290532	Artisan_Thorn_OneHandTowerShield	1247825438441584	1247825438441585
6523	1000253	Gilded_OneHandTowerShield	4296053922726000	4296053922726001
6524	290523	Tulio_OneHandTowerShield	1247786783735920	1247786783735921
6525	290510	Monita_OneHandTowerShield	1247730949161072	1247730949161073
6526	301001	Robinhood_OneHandBow	1292789451063408	1292789451063409
6527	12702	Legendary_Korea_OneHandBow	54554674593904	54554674593905
6528	12701	AbyssReward_HolyEcho_OneHandBow	54550379626608	54550379626609
6529	301000	Dragon_OneHandBow	1292785156096112	1292785156096113
6530	300001	Tardik_OneHandBow	1288494483767408	1288494483767409
6531	300018	Baredin_OneHandBow	1288567498211440	1288567498211441
6532	1000766	EntHunter_OneHandBow	4298257240948848	4298257240948849
6533	300004	Berkhia_OneHandBow	1288507368669296	1288507368669297
6534	300012	Aurellian_OneHandBow	1288541728407664	1288541728407665
6535	300013	Vellian_OneHandBow	1288546023374960	1288546023374961
6536	1000796	Hexe_Archer_OneHandBow	4298386089967728	4298386089967729
6537	300014	Khanoa_OneHandBow	1288550318342256	1288550318342257
6538	300015	Mestio_OneHandBow	1288554613309552	1288554613309553
6539	300019	Nerdhal_OneHandBow	1288571793178736	1288571793178737
6540	300002	Pieti_OneHandBow	1288498778734704	1288498778734705
6541	300050	Mercernary_OneHandBow	1288704937164912	1288704937164913
6542	300003	Paunah_OneHandBow	1288503073702000	1288503073702001
6543	1003265	GreyWolf_OneHandBow	4308990364221552	4308990364221553
6544	1003245	Minigame_OneHandBow	4308904464875632	4308904464875633
6545	320001	Hyde_OneHandCrossBow	1374393829687408	1374393829687409
6546	320002	South_Wanderer_Troll_OneHandCrossBow	1374398124654704	1374398124654705
6547	13304	Legendary_DemenisMusket_OneHandMusket	57140244906096	57140244906097
6548	280019	Gustav_OneHandMusket	1202672447258736	1202672447258737
6549	280005	Turacon_OneHandMusket	1202612317716592	1202612317716593
6550	13301	AbyssReward_MarniMusket	57127360004208	57127360004209
6551	280001	Huntington_OneHandMusket	1202595137847408	1202595137847409
6552	280017	Rhystizer_OneHandMusket	1202663857324144	1202663857324145
6553	280003	Aequor_OneHandMusket	1202603727782000	1202603727782001
6554	280018	Argatah_OneHandMusket	1202668152291440	1202668152291441
6555	280004	Torretlan_OneHandMusket	1202608022749296	1202608022749297
6556	280002	Lopelun_OneHandMusket	1202599432814704	1202599432814705
6557	1003246	Minigame_OneHandMusket	4308908759842928	4308908759842929
6558	270013	Caliburn_Tolerance_OneHandPistol	1159697004494960	1159697004494961
6559	270011	Alida_Restraint_OneHandPistol	1159688414560368	1159688414560369
6560	270004	Vilancia_OneHandPistol	1159658349789296	1159658349789297
6561	270002	Jemel_OneHandPistol	1159649759854704	1159649759854705
6562	270001	Rosemand_OneHandPistol	1159645464887408	1159645464887409
6563	270003	Falcone_OneHandPistol	1159654054822000	1159654054822001
6564	1001747	Damian_OneHandPistol	4302470603866224	4302470603866225
6565	370007	Dein_OneHandShotgun	1589167964291184	1589167964291185
6566	370001	Kliff_OneHandShotgun	1589142194487408	1589142194487409
6567	370002	Alida_OneHandShotgun	1589146489454704	1589146489454705
6568	1002293	Trumpet_OneHandShotgun	4304815656009840	4304815656009841
6569	370005	Toddbern_OneHandShotgun	1589159374356592	1589159374356593
6570	370006	Walter_OneHandShotgun	1589163669323888	1589163669323889
6571	370003	Mortimer_OneHandShotgun	1589150784422000	1589150784422001
6572	370004	Methilbalm_OneHandShotgun	1589155079389296	1589155079389297
6573	15200	Rhinard_TwoHandCannon_I	65283502899312	65283502899313
6574	15202	Cheonja_Chongtong_TwoHandCannon_I	65292092833904	65292092833905
6575	15204	ByeorSeungja_Chongtong_TwoHandCannon_I	65300682768496	65300682768497
6576	1002118	Bismuth_TwoHandCannon_I	4304064036733040	4304064036733041
6577	330001	Rhinard_TwoHandCannon	1417343502647408	1417343502647409
6578	1002261	Paralyze_OneHandSword	4304678217056368	4304678217056369
6579	1000103	HoneyComb_OneHandMace	4295409677631600	4295409677631601
6580	1001062	Marni_MachineKnight_TwoHandSword	4299528551268464	4299528551268465
6581	1002741	Ligtning_TwoHandHammer_I	4306739801358448	4306739801358449
6582	1001163	Lightning_TwoHandSpear	4299962342965360	4299962342965361
6583	1000957	Marni_MachineKnight_TwoHandSpear	4299077579702384	4299077579702385
6584	1001188	Soul_TwoHandSpear	4300069717147760	4300069717147761
6585	1001251	Bismuth_TwoHandSpear	4300340300087408	4300340300087409
6586	1000451	Fire_staff_spear_TwoHandSpear	4296904326250608	4296904326250609
6587	1000176	Flame_staff_spear_TwoHandSpear	4295723210244208	4295723210244209
6588	1001193	Wind_TwoHandSpear	4300091191984240	4300091191984241
6589	1001212	EMP_TwoHandSpear	4300172796362864	4300172796362865
6590	1001183	YamatoCannon_TwoHandSpear	4300048242311280	4300048242311281
6591	290021	AbyssReward_Drake_Metal_OneHandShield	1245630710153328	1245630710153329
6592	1000201	LakeGolem_OnehandShield	4295830584426608	4295830584426609
6593	1001192	Wind_Power_OneHandShield	4300086897016944	4300086897016945
6594	1001305	Gun_OneHandShield	4300572228321392	4300572228321393
6595	1000125	Sound_OneHandShield	4295504166912112	4295504166912113
6596	1001152	Air_OneHandCannon	4299915098325104	4299915098325105
6597	1000156	Witch_WingFan	4295637310898288	4295637310898289
6598	1001196	Equip_Magic_Scythe	4300104076886128	4300104076886129
6599	1004608	Animal_Spirit	4314758505300080	4314758505300081
6600	330002	FlameThrower	1417347797614704	1417347797614705
6601	330003	IceThrower	1417352092582000	1417352092582001
6602	1000553	LightningThrower	4297342412914800	4297342412914801
6603	430001	Poison_Stick	1846840232247408	1846840232247409
6604	1000379	DarknessKing_TwoHandAlebard	4296595088605296	4296595088605297
6605	265011	Luon_TwoHandAlebard	1138213578080368	1138213578080369
6606	1000239	Forgotten_General_TwoHandAlebard	4295993793183856	4295993793183857
6607	15000	Dragon_TwoHandAlebard	64424509440112	64424509440113
6608	265010	Trinodd_TwoHandAlebard	1138209283113072	1138209283113073
6609	265002	Kamsen_TwoHandAlebard	1138174923374704	1138174923374705
6610	265003	Hleinmers_TwoHandAlebard	1138179218342000	1138179218342001
6611	265004	Diencia_TwoHandAlebard	1138183513309296	1138183513309297
6612	265005	Khadion_TwoHandAlebard	1138187808276592	1138187808276593
6613	265006	Kiehrius_TwoHandAlebard	1138192103243888	1138192103243889
6614	265007	Taitolan_TwoHandAlebard	1138196398211184	1138196398211185
6615	265008	Tregllin_TwoHandAlebard	1138200693178480	1138200693178481
6616	265001	Hegeh_TwoHandAlebard	1138170628407408	1138170628407409
6617	15100	Legendary_AncientGuardian_TwoHandAxe	64854006169712	64854006169713
6618	1001669	WhiteBear_TwoHandAxe	4302135596417136	4302135596417137
6619	14706	Legendary_BridieGu_TwoHandGiantAxe	63161789055088	63161789055089
6620	251000	Dragon_TwoHandAxe	1078036791296112	1078036791296113
6621	250028	Cigrymon_TwoHandAxe	1073862083084400	1073862083084401
6622	250014	Lyfellen_TwoHandAxe	1073801953542256	1073801953542257
6623	250019	Khadiac_TwoHandAxe	1073823428378736	1073823428378737
6624	250015	Bhran_TwoHandAxe	1073806248509552	1073806248509553
6625	250016	Diencia_TwoHandAxe	1073810543476848	1073810543476849
6626	250020	Brudandi_TwoHandAxe	1073827723346032	1073827723346033
6627	250017	Giant_ReiGhis_TwoHandGiantAxe	1073814838444144	1073814838444145
6628	500001	Huge_TwoHandGiantAxe	2147487942967408	2147487942967409
6629	250024	Viranche_TwoHandAxe	1073844903215216	1073844903215217
6630	250025	Torphel_TwoHandAxe	1073849198182512	1073849198182513
6631	250026	Teaghbed_TwoHandAxe	1073853493149808	1073853493149809
6632	250021	Raxion_TwoHandAxe	1073832018313328	1073832018313329
6633	500005	Giant_Warriors_TwoHandGiantAxe	2147505122836592	2147505122836593
6634	250994	Rusty_Deadwid_TwoHandAxe	1078011021492336	1078011021492337
6635	250022	Bhetert_TwoHandAxe	1073836313280624	1073836313280625
6636	250995	Rusty_Cigar_TwoHandAxe	1078015316459632	1078015316459633
6637	15500	Legendary_CrimsonScorpion_TwoHandHammer	66571993088112	66571993088113
6638	400002	Flame_SwordMan_TwoHandHammer	1717995508334704	1717995508334705
6639	14703	AbyssReward_Dragon_TwoHandGiantHammer	63148904153200	63148904153201
6640	400001	Eestyon_TwoHandHammer	1717991213367408	1717991213367409
6641	1000729	MiddleBoss_GoldenArmor_TwoHandHammer_I	4298098327158896	4298098327158897
6642	400003	Kramer_TwoHandHammer	1717999803302000	1717999803302001
6643	400004	Tortriden_TwoHandHammer	1718004098269296	1718004098269297
6644	400005	Turcadian_TwoHandHammer	1718008393236592	1718008393236593
6645	400000	Rusty_TwoHandHammer	1717986918400112	1717986918400113
6646	16001	Legendary_Tarandus_TwoHandedWarHamme	68723771703408	68723771703409
6647	1000637	Drunk_BlackBears_TwoHandedWarHamme	4297703190167664	4297703190167665
6648	16003	Legendary_Solid_Bringer_TwoHandedWarHamme	68732361638000	68732361638001
6649	1000843	DarkLeader_TwoHandWarHammer	4298587953430640	4298587953430641
6650	1001208	Mask_Liberator_TwoHandedWarHammer	4300155616493680	4300155616493681
6651	1001207	WhiteCrow_Witch_TwoHandedWarHammer	4300151321526384	4300151321526385
6652	1001202	Legendary_Antumbra_TwoHandedWarHammer	4300129846689904	4300129846689905
6653	261000	Dragon_TwoHandedWarHammer	1120986464256112	1120986464256113
6654	1001203	Pietisus_TwoHandedWarHammer	4300134141657200	4300134141657201
6655	260008	Namarc_TwoHandedWarHammer	1116725856698480	1116725856698481
6656	260019	Khadion_TwoHandedWarHammer	1116773101338736	1116773101338737
6657	260028	Fiburrou_TwoHandedWarHammer	1116811756044400	1116811756044401
6658	260030	GreenOrc_TwoHandedWarHammer	1116820345978992	1116820345978993
6659	1000844	Tynion_TwoHandWarHammer	4298592248397936	4298592248397937
6660	1001204	Deshret_Ceremonial_TwoHandedWarHammer	4300138436624496	4300138436624497
6661	1001205	ForestFairy_TwoHandedWarHammer	4300142731591792	4300142731591793
6662	260026	Tyrandah_TwoHandedWarHammer	1116803166109808	1116803166109809
6663	260013	Hegeh_TwoHandedWarHammer	1116747331534960	1116747331534961
6664	260015	Hleinmers_TwoHandedWarHammer	1116755921469552	1116755921469553
6665	260020	Kali_TwoHandedWarHammer	1116777396306032	1116777396306033
6666	260014	Satyr_TwoHandedWarHammer	1116751626502256	1116751626502257
6667	260018	Diencia_TwoHandedWarHammer	1116768806371440	1116768806371441
6668	1001209	Shaman_TwoHandedWarHammer	4300159911460976	4300159911460977
6669	260007	Arsard_TwoHandedWarHammer	1116721561731184	1116721561731185
6670	15701	AbyssReward_Titan_TwoHandSpear	67435281514608	67435281514609
6671	310028	DarkLeader_TwoHandGiantSpear	1331560120844400	1331560120844401
6672	15703	Legendary_OwenCraber_TwoHandGiantSpear	67443871449200	67443871449201
6673	1002123	Wells_TwoHandGiantSpear	4304085511569520	4304085511569521
6674	15702	Legendary_Moonhead_TwoHandGiantSpear	67439576481904	67439576481905
6675	15706	Legendary_Moonhead_01_TwoHandGiantSpear	67456756351088	67456756351089
6676	15707	Legendary_Moonhead_02_TwoHandGiantSpear	67461051318384	67461051318385
6677	15700	Legendary_Dragon_TwoHandGiantSpear	67430986547312	67430986547313
6678	1001200	Tartis_TwoHandSpear	4300121256755312	4300121256755313
6679	310035	Limerhen_TwoHandSpear	1331590185615472	1331590185615473
6680	15704	Hexe_Warrior_TwoHandSpear	67448166416496	67448166416497
6681	310009	Judge_TwoHandSpear	1331478516465776	1331478516465777
6682	310012	Khadiac_TwoHandSpear	1331491401367664	1331491401367665
6683	310013	Kylidden_TwoHandSpear	1331495696334960	1331495696334961
6684	310023	Argtisan_TwoHandSpear	1331538646007920	1331538646007921
6685	310031	North_Warrior_TwoHandSpear	1331573005746288	1331573005746289
6686	1005302	ScrapQueen_Goblin_TwoHandSpear	4317739212603504	4317739212603505
6687	310024	Kydalern_TwoHandSpear	1331542940975216	1331542940975217
6688	310025	Jerrphin_TwoHandSpear	1331547235942512	1331547235942513
6689	310039	Hexe_Soldier_TwoHandSpear	1331607365484656	1331607365484657
6690	1000106	Silver_Vizione_Stand_TwoHandSpear	4295422562533488	4295422562533489
6691	310008	Kephilray_TwoHandSpear	1331474221498480	1331474221498481
6692	1000245	Ribentain_Priest_TwoHandSpear	4296019562987632	4296019562987633
6693	1000328	Tomaso_Soldiers_TwoHandSpear	4296376045273200	4296376045273201
6694	1000366	Gladiator_Stigma_TwoHandSpear	4296539254030448	4296539254030449
6695	310018	Kamperdian_TwoHandSpear	1331517171171440	1331517171171441
6696	1001201	Troom_TwoHandSpear	4300125551722608	4300125551722609
6697	1002124	Bamboo_TwoHandSpear	4304089806536816	4304089806536817
6698	1003247	Minigame_TwoHandSpear	4308913054810224	4308913054810225
6699	1001830	Hernand_Flag_I	4302827086151792	4302827086151793
6700	1000250	Calphade_Flag_I	4296041037824112	4296041037824113
6701	52020	Demeniss_Flag_II	223424198738032	223424198738033
6702	52021	Dellesian_Flag_I	223428493705328	223428493705329
6703	1001820	pailloon_Flag_I	4302784136478832	4302784136478833
6704	1001822	tommaso_Flag_I	4302792726413424	4302792726413425
6705	1001823	barnia_Flag_I	4302797021380720	4302797021380721
6706	52025	fort_Flag_I	223445673574512	223445673574513
6707	52026	fort_Flag_II	223449968541808	223449968541809
6708	1001824	fort_Flag_III	4302801316348016	4302801316348017
6709	1001825	Orc_Flag_I	4302805611315312	4302805611315313
6710	1001826	marni_Flag_I	4302809906282608	4302809906282609
6711	1001821	Wyvern_Flag_I	4302788431446128	4302788431446129
6712	1003326	graymane_Flag_II	4309252357226608	4309252357226609
6713	1001088	Caliburn_Flag_I	4299640220418160	4299640220418161
6714	1001831	demenissnobility_Flag_I	4302831381119088	4302831381119089
6715	1001832	demenissnobility_Flag_II	4302835676086384	4302835676086385
6716	1001833	demenissnobility_Flag_III	4302839971053680	4302839971053681
6717	1001827	dragonkiller_Flag_I	4302814201249904	4302814201249905
6718	1003322	Dewhaven_Flag_I	4309235177357424	4309235177357425
6719	1003328	silence_Flag_I	4309260947161200	4309260947161201
6720	52029	Wells_Flag_I	223462853443696	223462853443697
6721	52033	Hound_Flag_I	223480033312880	223480033312881
6722	52023	Blackbear_Flag_I	223437083639920	223437083639921
6723	1001829	deerking_Flag_I	4302822791184496	4302822791184497
6724	1001084	Storm_Cliff_Flag_I	4299623040548976	4299623040548977
6725	1003327	musket_Flag_I	4309256652193904	4309256652193905
6726	52031	Arrow_Flag_I	223471443378288	223471443378289
6727	1001818	Fort_Flag_02	4302775546544240	4302775546544241
6728	1001828	Bleed_Flag_II	4302818496217200	4302818496217201
6729	1003165	Blackbear_Flag_II	4308560867491952	4308560867491953
6730	1003166	Bleed_Flag_III	4308565162459248	4308565162459249
6731	1003167	Caliburn_Flag_II	4308569457426544	4308569457426545
6732	1003168	Calphade_Flag_II	4308573752393840	4308573752393841
6733	1003169	deerking_Flag_II	4308578047361136	4308578047361137
6734	1003170	Dellesian_Flag_II	4308582342328432	4308582342328433
6735	1002158	Demeniss_Flag_III	4304235835424880	4304235835424881
6736	1003323	demenissnobility_Flag_IV	4309239472324720	4309239472324721
6737	1003324	demenissnobility_Flag_V	4309243767292016	4309243767292017
6738	1003325	demenissnobility_Flag_VI	4309248062259312	4309248062259313
6739	1003171	Dewhaven_Flag_II	4308586637295728	4308586637295729
6740	1003337	fort_Flag_IV	4309299601866864	4309299601866865
6741	1003338	fort_Flag_V	4309303896834160	4309303896834161
6742	1003339	Orc_Flag_II	4309308191801456	4309308191801457
6743	1003340	graymane_Flag_III	4309312486768752	4309312486768753
6744	1003341	Hound_Flag_II	4309316781736048	4309316781736049
6745	1003342	Hernand_Flag_II	4309321076703344	4309321076703345
6746	1003343	marni_Flag_II	4309325371670640	4309325371670641
6747	1003344	musket_Flag_II	4309329666637936	4309329666637937
6748	1003345	pailloon_Flag_II	4309333961605232	4309333961605233
6749	1003346	Storm_Cliff_Flag_II	4309338256572528	4309338256572529
6750	1003347	silence_Flag_II	4309342551539824	4309342551539825
6751	1003348	Arrow_Flag_II	4309346846507120	4309346846507121
6752	1003349	Fort_Flag_03	4309351141474416	4309351141474417
6753	1003350	tommaso_Flag_II	4309355436441712	4309355436441713
6754	1003351	fort_Flag_VI	4309359731409008	4309359731409009
6755	1003352	barnia_Flag_II	4309364026376304	4309364026376305
6756	1003353	Wells_Flag_II	4309368321343600	4309368321343601
6757	1003354	Wyvern_Flag_II	4309372616310896	4309372616310897
6758	1003355	dragonkiller_Flag_II	4309376911278192	4309376911278193
6759	52011	Common_Flag_I	223385544032368	223385544032369
6760	52012	Common_Flag_II	223389838999664	223389838999665
6761	1001083	Shield_Flag_IV	4299618745581680	4299618745581681
6762	1001834	graymane_Flag_I	4302844266020976	4302844266020977
6763	254143257	Delesyian_Flag	1091536977313923184	1091536977313923185
6764	380501	Demeniss_Flag	1634239351095408	1634239351095409
6765	380504	Royal_Hunting_Ground_Flag_III	1634252235997296	1634252235997297
6766	380506	Drunk_BlackBears_Flag	1634260825931888	1634260825931889
6767	1000124	Militia_Flag	4295499871944816	4295499871944817
6768	1000439	Caliburn_Flag	4296852786643056	4296852786643057
6769	1000440	Wells_Brigade_Flag	4296857081610352	4296857081610353
6770	1000442	UnyieldingShields_Flag	4296865671544944	4296865671544945
6771	1000258	Anti_Caliburn_Picket	4296075397562480	4296075397562481
6772	1004111	Antumbra_Picket	4312623906553968	4312623906553969
6773	1000795	Storm_Cliff_Flag	4298381795000432	4298381795000433
6774	1001925	Blackbear_Flag_IV	4303235108044912	4303235108044913
6775	1004829	Common_Flag_III	4315707693072496	4315707693072497
6776	15901	AbyssReward_Skull_Knight_TwoHandSword	68294274973808	68294274973809
6777	15903	Awaken_Caliburn_TwoHandSword	68302864908400	68302864908401
6778	14705	Legendary_Antumbra_TwoHandGiantBastard	63157494087792	63157494087793
6779	240029	DarkLeader_TwoHandSword	1030916705091696	1030916705091697
6780	1000545	Regglin_Boss_TwoHandSword	4297308053176432	4297308053176433
6781	240030	Caliburn_TwoHandSword	1030921000058992	1030921000058993
6782	240042	Ignir_TwoHandSword	1030972539666544	1030972539666545
6783	15902	HemondBindel_TwoHandSword	68298569941104	68298569941105
6784	241000	Dragon_TwoHandSword	1035087118336112	1035087118336113
6785	240016	Beastman_TwoHandSword	1030860870516848	1030860870516849
6786	240043	Delesian_Friend_Boss_TwoHandSword	1030976834633840	1030976834633841
6787	1000080	Hwando_TwoHandSword	4295310893383792	4295310893383793
6788	241002	Invisible_TwoHandGiantBastard	1035095708270704	1035095708270705
6789	1002102	Serdin_Giant_TwoHandGiantBastard	4303995317256304	4303995317256305
6790	1002106	Verak_Giant_TwoHandGiantBastard	4304012497125488	4304012497125489
6791	240023	Khadion_TwoHandSword	1030890935287920	1030890935287921
6792	240001	Stugrub_TwoHandSword	1030796446007408	1030796446007409
6793	240019	Gregrick_TwoHandSword	1030873755418736	1030873755418737
6794	1002103	Parvel_Giant_TwoHandGiantBastard	4303999612223600	4303999612223601
6795	1002104	Arven_Giant_TwoHandGiantBastard	4304003907190896	4304003907190897
6796	1002105	Lusek_Giant_TwoHandGiantBastard	4304008202158192	4304008202158193
6797	240020	Kiehrius_TwoHandSword	1030878050386032	1030878050386033
6798	240034	Wanderer_Mercenary_TwoHandSword	1030938179928176	1030938179928177
6799	240026	Rayhorn_TwoHandSword	1030903820189808	1030903820189809
6800	240031	Tynion_Giant_TwoHandGiantBastard	1030925295026288	1030925295026289
6801	240018	Reckleeman_TwoHandSword	1030869460451440	1030869460451441
6802	1002710	Dev_QA0	4306606657372272	4306606657372273
6803	1002711	Dev_QA1	4306610952339568	4306610952339569
6804	1002716	Dev_QA2	4306632427176048	4306632427176049
6805	1002717	Dev_QA3	4306636722143344	4306636722143345
6806	1003209	Dev_QA_demtodel_walk	4308749846052976	4308749846052977
6807	1003210	Dev_QA_demtodel_run	4308754141020272	4308754141020273
6808	1000023	Dev_QA_hertopail_walk	4295066080247920	4295066080247921
6809	1002184	Dev_QA_hertopail_run	4304347504574576	4304347504574577
6810	1003643	Dev_QA_demtovar_walk	4310613861859440	4310613861859441
6811	1003649	Dev_QA_demtovar_run	4310639631663216	4310639631663217
6812	1000854	Dev_QA_her_loop	4298635198070896	4298635198070897
